ID	PARAMETER_ID	CONCEPT	DOCULECT	LANGUAGE_NAME	VALUE	FORM	TOKENS	GLOTTOLOG	LATITUDE	LONGITUDE	LANGUAGE_FAMILY	COGID
6414	3561_aphtoadd	(Aph.) to add	nabataean	Nabatean	ysp	jsp	j s p	naba1259			Afro-Asiatic	2029
6415	3561_aphtoadd	(Aph.) to add	hatran	Hatran	ysp	jsp	j s p	hatr1234			Afro-Asiatic	2029
6411	3559_haphtoadd	(Haph.) to add	oldaramaic	Old Aramaic (up to 700 BCE)	ysp	jsp	j s p	olda1246			Afro-Asiatic	2029
6412	3559_haphtoadd	(Haph.) to add	officialaramaic	Middle-Modern Aramaic	ysp	jsp	j s p	midd1367			Afro-Asiatic	2029
6413	3560_hoftobeadded	(Hof.) to be added	biblicalaramaic	Imperial Aramaic (700-300 BCE)	ysp	jsp	j s p	impe1235	33.905	42.185	Afro-Asiatic	2029
680	420_iiitocollecttogather	(III) to collect, to gather	arabic	Arabic	wty	wtj	w t j	arab1395			Afro-Asiatic	326
6085	3350_abotanicalterm	(a botanical term)	pws	West Semitic	*bVš-	b-ʃ-	b ʃ	west2786			Afro-Asiatic	1931
902	510_acereal	(a cereal)	akkadian	Akkadian	burru	burru	b u r r u	akka1240	33.1	44.1	Afro-Asiatic	436
903	510_acereal	(a cereal)	ebla	Eblaite	bù-ur-tum	bù-ur-tum	b ù u r t u m	ebla1238	35.798	36.798	Afro-Asiatic	436
907	510_acereal	(a cereal)	mehri	Mehri	barr	barr	b a r r	mehr1241	16.793	52.473	Afro-Asiatic	436
908	510_acereal	(a cereal)	jibbali	Jibbali	bohr	bohr	b o h r	sheh1240	17.29154	53.99526	Afro-Asiatic	436
906	512_acerealprobablywheat	(a cereal, probably wheat)	sabaic	Sabaic	br	br	b r	saba1279	15.42	45.35	Afro-Asiatic	436
893	506_atree	(a tree)	soqotri	Soqotri	ˁarhieb	ʕarhieb	ʕ a r h i e b	soqo1240	12.4892	53.9168	Afro-Asiatic	417
889	503_atreeprobablytheeuphratespoplar	(a tree; probably the Euphrates poplar)	pws	West Semitic	*γarab-at-	ɣarab-at-	ɣ a r a b a t	west2786			Afro-Asiatic	417
6624	3702_atocountitothinkbelieve	(a) to count; (i) to think, believe	arabic	Arabic	ḥsb	ħsb	ħ s b	arab1395			Afro-Asiatic	2147
1364	708_ananimal	(an animal)	samaritan	Samaritan	rḥmh	rħmh	r ħ m h	sama1313	32.0817	35.4487	Afro-Asiatic	644
5747	3147_animalsmouthmuzzle	(animal's) mouth, muzzle	pcs	Central Semitic	*pVḳVm-	p-qˤ-m-	p qˤ m	cent2236			Afro-Asiatic	1798
4291	2236_aptoconsecratedevote	(ap.) to consecrate, devote	syriac	Classical Syriac	ḥrm	ħrm	ħ r m	clas1252	37.1129	42.1432	Afro-Asiatic	1267
6347	3508_aphdepulitprohibuitdefendittorepeltoprohibit	(aph.) depulit; prohibuit, defendit (to repel; to prohibit)	syriac	Classical Syriac	wgy	wgj	w g j	clas1252	37.1129	42.1432	Afro-Asiatic	1997
6417	3563_aphtoadd	(aph.) to add	christianpalestinianaramaic	Christian Palestinian Aramaic	ysp	jsp	j s p	chri1239			Afro-Asiatic	2029
6416	3562_aphtoaddtoincrease	(aph.) to add, to increase	jewishpalestinianaramaic	Jewish Palestinian Aramaic	ysp	jsp	j s p	pale1261			Afro-Asiatic	2029
6418	3562_aphtoaddtoincrease	(aph.) to add, to increase	jewishbabylonianaramaic	Jewish Babylonian Aramaic (ca. 200-1200 CE)	ysp	jsp	j s p	jewi1240	32.273	44.245	Afro-Asiatic	2029
6419	3562_aphtoaddtoincrease	(aph.) to add, to increase	syriac	Classical Syriac	ysp	jsp	j s p	clas1252	37.1129	42.1432	Afro-Asiatic	2029
4155	2148_aphtocausetounderstand	(aph.) to cause to understand	palmyrean	Palmyrene	byn	bjn	b j n	palm1242			Afro-Asiatic	1252
3095	1484_areaincludingcheekboneandeyesocket	(area including) cheek-bone and eye-socket	pws	West Semitic	*gu/in-, *ˀ/wVgn-	gu	g u	west2786			Afro-Asiatic	1097
2322	1081_cameltotrot	(camel) to trot	jibbali	Jibbali	kédé	kédé	k é d é	sheh1240	17.29154	53.99526	Afro-Asiatic	915
166	118_collbirdwingedcreaturesgindividualbird	(coll.) bird, winged creature; (sg.) individual bird	hebrew	Modern Hebrew	ṣippōr	sˤippoːr	sˤ i p p oː r	hebr1245	31.1056	35.0179	Afro-Asiatic	106
3918	2004_collnerfs	(coll.) nerfs	arabic	Arabic	ˁaṣab-	ʕasˤab-	ʕ a sˤ a b	arab1395			Afro-Asiatic	1216
25	16_dusuff3msknee	(du. suff. 3 ms) knee	biblicalaramaic	Imperial Aramaic (700-300 BCE)	ˀarkubbāṯēh	ʔarkubbaːθeːh	ʔ a r k u b b aː θ eː h	impe1235	33.905	42.185	Afro-Asiatic	32
2574	1200_ethpatobehealthytorecoverhealthtobecured	(ethpa.) to be healthy, to recover health, to be cured	mandaic	Classical Mandaic	hlm	hlm	h l m	clas1253	36.1203	49.5659	Afro-Asiatic	956
6268	3458_etptocometolightaphtouncover	(etp.) to come to light; (aph.) to uncover	syriac	Classical Syriac	blṣ	blsˤ	b l sˤ	clas1252	37.1129	42.1432	Afro-Asiatic	1971
2552	1185_etptopollute	(etp.) to pollute	syriac	Classical Syriac	ḥlmlm	ħlmlm	ħ l m l m	clas1252	37.1129	42.1432	Afro-Asiatic	954
5827	3195_etpetohaveabulgingeye	(etpe.) to have a bulging eye	syriac	Classical Syriac	blṭ	bltˤ	b l tˤ	clas1252	37.1129	42.1432	Afro-Asiatic	1817
6420	3564_ettaftobeadded	(ettaf.) to be added	mandaic	Classical Mandaic	yzp	jzp	j z p	clas1253	36.1203	49.5659	Afro-Asiatic	2029
471	286_ettaptocontinuetostay	(ettap.) to continue; to stay	syriac	Classical Syriac	ˀmn	ʔmn	ʔ m n	clas1252	37.1129	42.1432	Afro-Asiatic	187
806	473_farwanitacalfheifer	(f. ˀarwānītā) calf, heifer	syriac	Classical Syriac	ˀarwānā	ʔarwaːnaː	ʔ a r w aː n aː	clas1252	37.1129	42.1432	Afro-Asiatic	374
1430	725_femalemonitorlizard	(female) monitor lizard	mehri	Mehri	ẑəbbīt	ɬ̬ˤəbbiːt	ɬ̬ˤ ə b b iː t	mehr1241	16.793	52.473	Afro-Asiatic	656
4063	2087_heisstill	(he is) still	pws	West Semitic	*ˁād-	ʕaːd-	ʕ aː d	west2786			Afro-Asiatic	1242
4064	2087_heisstill	(he is) still	hebrew	Modern Hebrew	ˁōd	ʕoːd	ʕ oː d	hebr1245	31.1056	35.0179	Afro-Asiatic	1242
4065	2087_heisstill	(he is) still	biblicalaramaic	Imperial Aramaic (700-300 BCE)	ˁōd	ʕoːd	ʕ oː d	impe1235	33.905	42.185	Afro-Asiatic	1242
4066	2087_heisstill	(he is) still	arabic	Arabic	ˁād(a)	ʕaːd	ʕ aː d	arab1395			Afro-Asiatic	1242
4067	2087_heisstill	(he is) still	geez	Geez	ˁādi	ʕaːdi	ʕ aː d i	geez1241	10.1342	40.6821	Afro-Asiatic	1242
4069	2087_heisstill	(he is) still	mehri	Mehri	ˀād	ʔaːd	ʔ aː d	mehr1241	16.793	52.473	Afro-Asiatic	1242
4070	2087_heisstill	(he is) still	jibbali	Jibbali	ˁɔd	ʕɔd	ʕ ɔ d	sheh1240	17.29154	53.99526	Afro-Asiatic	1242
3260	1600_hiptobedarkenedblack	(hip.) to be darkened, black	hebrew	Modern Hebrew	ˁlm	ʕlm	ʕ l m	hebr1245	31.1056	35.0179	Afro-Asiatic	1130
3962	2027_hiptodrivebackpitoturnaside	(hip.) to drive back, (pi.) to turn aside	hebrew	Modern Hebrew	dbr	dbr	d b r	hebr1245	31.1056	35.0179	Afro-Asiatic	1225
6357	3518_hiptomovetoandfrotobrandish	(hip.) to move to and fro, to brandish	hebrew	Modern Hebrew	nwp	nwp	n w p	hebr1245	31.1056	35.0179	Afro-Asiatic	1999
3288	1618_hiptoprofane	(hip.) to profane	hebrew	Modern Hebrew	ḥll	ħll	ħ l l	hebr1245	31.1056	35.0179	Afro-Asiatic	1135
4290	2235_hiptoputunderaban	(hip.) to put under a ban	hebrew	Modern Hebrew	ḥrm	ħrm	ħ r m	hebr1245	31.1056	35.0179	Afro-Asiatic	1267
2571	1197_hiptorestoretohealth	(hip.) to restore to health	hebrew	Modern Hebrew	ḥlm	ħlm	ħ l m	hebr1245	31.1056	35.0179	Afro-Asiatic	956
5098	2740_hiptoshinetobebright	(hip.) to shine, to be bright	hebrew	Modern Hebrew	bhr	bhr	b h r	hebr1245	31.1056	35.0179	Afro-Asiatic	1380
6174	3394_hiptostrikedowntowipeout	(hip.) to strike down, to wipe out	hebrew	Modern Hebrew	pˀy	pʔj	p ʔ j	hebr1245	31.1056	35.0179	Afro-Asiatic	1949
4481	2372_hiptostriketosmite	(hip.) to strike, to smite	hebrew	Modern Hebrew	nky	nkj	n k j	hebr1245	31.1056	35.0179	Afro-Asiatic	1288
5459	2962_hiptothrowfar	(hip.) to throw far	hebrew	Modern Hebrew	ṭwl	tˤwl	tˤ w l	hebr1245	31.1056	35.0179	Afro-Asiatic	1615
6346	3507_hiptotormenttogrieve	(hip.) to torment, to grieve	hebrew	Modern Hebrew	ygy	jgj	j g j	hebr1245	31.1056	35.0179	Afro-Asiatic	1997
3189	1552_hitptogaspforbreathgroan	(hitp.) to gasp for breath, groan	hebrew	Modern Hebrew	ypḥ	jpħ	j p ħ	hebr1245	31.1056	35.0179	Afro-Asiatic	1118
6498	3606_hitptoleanagainst	(hitp.) to lean against	hebrew	Modern Hebrew	rpḳ	rpqˤ	r p qˤ	hebr1245	31.1056	35.0179	Afro-Asiatic	2046
3745	1927_hitptotakeonesstand	(hitp.) to take one’s stand	hebrew	Modern Hebrew	yṣb	jsˤb	j sˤ b	hebr1245	31.1056	35.0179	Afro-Asiatic	1197
6617	3695_hoftobereestablished	(hof.) to be reestablished	biblicalaramaic	Imperial Aramaic (700-300 BCE)	tḳn	tqˤn	t qˤ n	impe1235	33.905	42.185	Afro-Asiatic	2146
5320	2894_hopparttwisted	(hop. part.) twisted	hebrew	Modern Hebrew	mošzār	moʃzaːr	m o ʃ z aː r	hebr1245	31.1056	35.0179	Afro-Asiatic	1499
2633	1255_horsewithablazeandwhitehoofs	(horse) with a blaze and white hoofs	tigre	Tigre	ḳärḥit	qˤærħit	qˤ æ r ħ i t	tigr1270	17.3494	38.2233	Afro-Asiatic	969
720	436_impgive	(imp.) give	hebrew	Modern Hebrew	hab	hab	h a b	hebr1245	31.1056	35.0179	Afro-Asiatic	340
2832	1358_itpetobecomelametolimp	(itpe.) to become lame, to limp	jewishbabylonianaramaic	Jewish Babylonian Aramaic (ca. 200-1200 CE)	ṭlˁ	tˤlʕ	tˤ l ʕ	jewi1240	32.273	44.245	Afro-Asiatic	1017
163	115_kindofsmallbird	(kind of small) bird	pws	West Semitic	*ṣVp(p)Vr-	sˤ-p-r-	sˤ p r	west2786			Afro-Asiatic	106
3923	2008_kindofbone	(kind of) bone	pws	West Semitic	*ˁVṣ̂āṣ̂-/*ˁVṣ̂īṣ̂-	ʕ-ɬˤaːɬˤ-	ʕ ɬˤ aː ɬˤ	west2786			Afro-Asiatic	1218
5474	2975_kindofskindisease	(kind of) skin disease	pcs	Central Semitic	*daran-	daran-	d a r a n	cent2236			Afro-Asiatic	1638
5760	3154_lockofhair	(lock of) hair	pcs	Central Semitic	*pawd-	pawd-	p a w d	cent2236			Afro-Asiatic	1801
5656	3086_longnosebeaktrunketc	(long) nose, beak, trunk, etc.	pcs	Central Semitic	*ḫarṭūm-	xartˤuːm-	x a r tˤ uː m	cent2236			Afro-Asiatic	1775
6472	3589_malegenitalia	(male) genitalia	pcs	Central Semitic	*zubb-	zubb-	z u b b	cent2236			Afro-Asiatic	2039
1506	759_meaningisuncertain	(meaning is uncertain)	pws	West Semitic	*rimm-at-	rimm-at-	r i m m a t	west2786			Afro-Asiatic	684
6436	3574_militaryclothing	(military) clothing	sabaic	Sabaic	ks₃wy	ks₃wj	k s ³ w j	saba1279	15.42	45.35	Afro-Asiatic	2031
4514	2395_nipbetreatedspeciallybeexcellent	(nip.) be treated specially, be excellent	hebrew	Modern Hebrew	ply	plj	p l j	hebr1245	31.1056	35.0179	Afro-Asiatic	1292
3289	1619_niptobedefiled	(nip.) to be defiled	hebrew	Modern Hebrew	ḥll	ħll	ħ l l	hebr1245	31.1056	35.0179	Afro-Asiatic	1135
5667	3096_niptobegrippedbyasuddenfearpitoterrifytofrighten	(nip.) to be gripped by a sudden fear; (pi.) to terrify, to frighten	hebrew	Modern Hebrew	bˁt	bʕt	b ʕ t	hebr1245	31.1056	35.0179	Afro-Asiatic	1777
470	285_niptobereliablefaithfulhiptohavetrusttobelieve	(nip.) to be reliable, faithful; (hip.) to have trust, to believe	hebrew	Modern Hebrew	ˀmn	ʔmn	ʔ m n	hebr1245	31.1056	35.0179	Afro-Asiatic	187
4959	2636_niptoberuinedspoiled	(nip.) to be ruined, spoiled	hebrew	Modern Hebrew	šḥt	ʃħt	ʃ ħ t	hebr1245	31.1056	35.0179	Afro-Asiatic	1353
4951	2630_niptohideoneselfhiptohide	(nip.) to hide oneself; (hip.) to hide	hebrew	Modern Hebrew	str	str	s t r	hebr1245	31.1056	35.0179	Afro-Asiatic	1352
3744	1926_niptoplaceonselfhiptoplacetosetup	(nip.) to place onself; (hip.) to place, to set up	hebrew	Modern Hebrew	nṣb	nsˤb	n sˤ b	hebr1245	31.1056	35.0179	Afro-Asiatic	1197
5781	3167_paemollivitdelectavittosoftendelight	(pa.) emollivit, delectavit (to soften, delight)	syriac	Classical Syriac	pnḳ	pnqˤ	p n qˤ	clas1252	37.1129	42.1432	Afro-Asiatic	1808
6428	3568_patocover	(pa.) to cover	deiralla	Canaanite	ksy	ksj	k s j	cana1267			Afro-Asiatic	2031
6429	3568_patocover	(pa.) to cover	officialaramaic	Middle-Modern Aramaic	ksy	ksj	k s j	midd1367			Afro-Asiatic	2031
6431	3568_patocover	(pa.) to cover	christianpalestinianaramaic	Christian Palestinian Aramaic	ksy	ksj	k s j	chri1239			Afro-Asiatic	2031
75	52_patodispersescatter	(pa.) to disperse, scatter	christianpalestinianaramaic	Christian Palestinian Aramaic	bdr	bdr	b d r	chri1239			Afro-Asiatic	54
4717	2506_patodispersetoscatter	(pa.) to disperse, to scatter	jewishpalestinianaramaic	Jewish Palestinian Aramaic	bdd	bdd	b d d	pale1261			Afro-Asiatic	1311
4158	2151_patoexplain	(pa.) to explain	jewishbabylonianaramaic	Jewish Babylonian Aramaic (ca. 200-1200 CE)	byn	bjn	b j n	jewi1240	32.273	44.245	Afro-Asiatic	1252
2088	1004_patognaw	(pa.) to gnaw	syriac	Classical Syriac	ˁrḳ	ʕrqˤ	ʕ r qˤ	clas1252	37.1129	42.1432	Afro-Asiatic	879
3270	1606_patointonesingresponsively	(pa.) to intone, sing responsively	syriac	Classical Syriac	ˁny	ʕnj	ʕ n j	clas1252	37.1129	42.1432	Afro-Asiatic	1132
4159	2152_patomakeunderstandteach	(pa.) to make understand, teach	syriac	Classical Syriac	byn	bjn	b j n	clas1252	37.1129	42.1432	Afro-Asiatic	1252
5310	2885_patostrikeclaphands	(pa.) to strike, clap hands	jewishpalestinianaramaic	Jewish Palestinian Aramaic	ṭpḥ	tˤpħ	tˤ p ħ	pale1261			Afro-Asiatic	1481
3895	1989_paetpatofornicate	(pa., etpa.) to fornicate	syriac	Classical Syriac	zny	znj	z n j	clas1252	37.1129	42.1432	Afro-Asiatic	1213
6434	3572_petocover	(pe.) to cover	mandaic	Classical Mandaic	ksa	ksa	k s a	clas1253	36.1203	49.5659	Afro-Asiatic	2031
4357	2291_pitoaccepttoreceive	(pi.) to accept, to receive	hebrew	Modern Hebrew	ḳbl	qˤbl	qˤ b l	hebr1245	31.1056	35.0179	Afro-Asiatic	1276
2527	1168_pitobepregnantconceive	(pi.) to be pregnant, conceive	hebrew	Modern Hebrew	ḥbl	ħbl	ħ b l	hebr1245	31.1056	35.0179	Afro-Asiatic	950
2494	1146_pitoblind	(pi.) to blind	hebrew	Modern Hebrew	ˁiwwēr	ʕiwweːr	ʕ i w w eː r	hebr1245	31.1056	35.0179	Afro-Asiatic	938
6426	3567_pitocover	(pi.) to cover	phoenician	Phoenician	ksy	ksj	k s j	phoe1239	34.12	35.65	Afro-Asiatic	2031
4427	2342_pitohastentofetchquickly	(pi.) to hasten; to fetch quickly	hebrew	Modern Hebrew	mhr	mhr	m h r	hebr1245	31.1056	35.0179	Afro-Asiatic	1284
5778	3165_pitopampertospoil	(pi.) to pamper, to spoil	hebrew	Modern Hebrew	pnḳ	pnqˤ	p n qˤ	hebr1245	31.1056	35.0179	Afro-Asiatic	1808
169	121_plbird	(pl.) bird	biblicalaramaic	Imperial Aramaic (700-300 BCE)	ṣippərīn	sˤippəriːn	sˤ i p p ə r iː n	impe1235	33.905	42.185	Afro-Asiatic	106
3507	1766_plkidslambscalvesyoungofanimals	(pl.) kids, lambs, calves, young of animals	mandaic	Classical Mandaic	iamuria	iamuria	i a m u r i a	clas1253	36.1203	49.5659	Afro-Asiatic	1169
5559	3035_potostirtorousehitpotototterbackwardsandforwards	(po.) to stir, to rouse;  (hitpo.) to totter backwards and forwards	hebrew	Modern Hebrew	prr	prr	p r r	hebr1245	31.1056	35.0179	Afro-Asiatic	1749
4157	2150_poltoinstructtoteach	(pol.) to instruct, to teach	christianpalestinianaramaic	Christian Palestinian Aramaic	byn	bjn	b j n	chri1239			Afro-Asiatic	1252
4082	2100_pupartcrooked	(pu. part.) crooked	hebrew	Modern Hebrew	məˁuḳḳāl	məʕuqˤqˤaːl	m ə ʕ u qˤ qˤ aː l	hebr1245	31.1056	35.0179	Afro-Asiatic	1244
4865	2570_spreadhandspan	(spread) hand; span	pws	West Semitic	*zVr(-at)-	z-r-	z r	west2786			Afro-Asiatic	1340
386	256_tobegood	(to be) good	pcs	Central Semitic	*nˁm	nʕm	n ʕ m	cent2236			Afro-Asiatic	151
388	256_tobegood	(to be) good	phoenician	Phoenician	nˁm	nʕm	n ʕ m	phoe1239	34.12	35.65	Afro-Asiatic	151
1985	984_tobesmall	(to be) small	pes	East Semitic	*nˀs/*ˀns	nʔs	n ʔ s	east2678			Afro-Asiatic	865
2043	996_tobewarmhot	(to be) warm, hot	pes	East Semitic	*mwḳ	mwqˤ	m w qˤ	east2678			Afro-Asiatic	872
142	97_tosign	(to) sign	pcs	Central Semitic	*ˁlm	ʕlm	ʕ l m	cent2236			Afro-Asiatic	93
3070	1468_topoftheheadbrains	(top of the) head; brains	pws	West Semitic	*dVmāγ-	d-maːɣ-	d m aː ɣ	west2786			Afro-Asiatic	1092
5498	2996_wilddove	(wild) dove	pcs	Central Semitic	*ṣulṣVl-	sˤulsˤ-l-	sˤ u l sˤ l	cent2236			Afro-Asiatic	1697
1434	727_wildhoneybee	(wild) honeybee	hebrew	Modern Hebrew	dəbōrā	dəboːraː	d ə b oː r aː	hebr1245	31.1056	35.0179	Afro-Asiatic	665
6524	3627_womantokeepthefacecovered	(woman) to keep the face covered	mehri	Mehri	γátfen	ɣátfen	ɣ á t f e n	mehr1241	16.793	52.473	Afro-Asiatic	2073
5178	2799_careattention	- care, attention	pcs	Central Semitic	*ḥipṯ̣	ħipθˤ	ħ i p θˤ	cent2236			Afro-Asiatic	1408
4128	2135_1after2afterwards	1. after; 2. afterwards	soqotri	Soqotri	báˁad	báʕad	b á ʕ a d	soqo1240	12.4892	53.9168	Afro-Asiatic	1249
747	443_1give2let	1. give!; 2. let!	soqotri	Soqotri	hábe	hábe	h á b e	soqo1240	12.4892	53.9168	Afro-Asiatic	340
3980	2040_1ribcagethorax2sideflank	1. rib cage, thorax; 2. side, flank	soqotri	Soqotri	dέfɛʰ	dɛfɛʰ	d ɛ f ɛʰ	soqo1240	12.4892	53.9168	Afro-Asiatic	1227
325	209_1round2wellshapedpretty	1. round; 2. wellshaped, pretty	soqotri	Soqotri	gáˁḷhaḷ	gáʕḷhaḷ	g á ʕ l̩ h a l̩	soqo1240	12.4892	53.9168	Afro-Asiatic	129
1572	804_1skinhide2body	1. skin, hide; 2. body	soqotri	Soqotri	gad	gad	g a d	soqo1240	12.4892	53.9168	Afro-Asiatic	704
4629	2452_1toejaculate2tobefulfilledadream	1. to ejaculate; 2. to be fulfilled (a dream)	soqotri	Soqotri	fíti	fíti	f í t i	soqo1240	12.4892	53.9168	Afro-Asiatic	1301
5842	3208_1tohew2toweantostopsuckling	1. to hew; 2. to wean, to stop suckling	soqotri	Soqotri	fö́ḷos	fö́ḷos	f ö́ l̩ o s	soqo1240	12.4892	53.9168	Afro-Asiatic	1820
687	426_1topassby2tohittoreachthemarkathrownobject	1. to pass by; 2. to hit, to reach the mark (a thrown object)	soqotri	Soqotri	éte	éte	é t e	soqo1240	12.4892	53.9168	Afro-Asiatic	326
4079	2097_1towant2toliketolove	1. to want; 2. to like, to love	soqotri	Soqotri	ˁégeb	ʕégeb	ʕ é g e b	soqo1240	12.4892	53.9168	Afro-Asiatic	1243
709	432_1totentokill	1. töten (to kill)	turoyo	Turoyo	qṭl	qtˤl	q tˤ l	turo1239	37.2275	42.1451	Afro-Asiatic	332
1532	776_achillestendon	Achilles' tendon	amharic	Amharic	wätär	wætær	w æ t æ r	amha1245	11.708182	39.543456	Afro-Asiatic	694
1898	776_achillestendon	Achilles' tendon	mehri	Mehri	ˀārḳayb ḏə-fām	ʔaːrqˤajb	ʔ aː r qˤ a j b	mehr1241	16.793	52.473	Afro-Asiatic	843
1899	776_achillestendon	Achilles' tendon	harsusi	Harsusi	ˀarḳáyb ḏe-fām	ʔarqˤájb	ʔ a r qˤ á j b	hars1241	19.6511	56.1562	Afro-Asiatic	843
1892	952_achillestendon	Achilles’ tendon	pws	West Semitic	*ˁarḳVb-	ʕarqˤ-b-	ʕ a r qˤ b	west2786			Afro-Asiatic	843
1895	952_achillestendon	Achilles’ tendon	arabic	Arabic	ˁurqūb-	ʕurquːb-	ʕ u r q uː b	arab1395			Afro-Asiatic	843
1882	948_arm	Arm	maalula	Maaloula	ḏrōˁa	ðroːʕa	ð r oː ʕ a	malu1250			Afro-Asiatic	840
5018	2680_ausstattungzierratzubehorequipmentdecorationaccessories	Ausstattung, Zierrat, Zubehör (equipment, decoration, accessories)	sabaic	Sabaic	s₂rˁ	s₂rʕ	s ² r ʕ	saba1279	15.42	45.35	Afro-Asiatic	1362
1909	963_beinunterschenkelfussleglowerlegfoot	Bein, Unterschenkel, Fuss (leg, lower leg, foot)	mlahso	Mlahsô	čoḳo	čoqˤo	č o qˤ o	mlah1239	37.0311	41.2209	Afro-Asiatic	844
1437	730_bienebee	Biene (bee)	maalula	Maaloula	ḏapparīṯa	ðappariːθa	ð a p p a r iː θ a	malu1250			Afro-Asiatic	665
1267	663_bockchendwarfantelopes	Böckchen (dwarf antelopes)	maalula	Maaloula	γaḏya	ɣaðja	ɣ a ð j a	malu1250			Afro-Asiatic	609
972	536_bruderdermutteronkelmothersbrotheruncle	Bruder der Mutter, Onkel (mother's brother, uncle)	turoyo	Turoyo	ḥolo	ħolo	ħ o l o	turo1239	37.2275	42.1451	Afro-Asiatic	511
3423	1708_buzahlungstrafefinepenalty	Bußzahlung, Strafe (fine, penalty)	sabaic	Sabaic	ˀs₂kr	ʔs₂kr	ʔ s ² k r	saba1279	15.42	45.35	Afro-Asiatic	1158
1361	706_egyptianvulture	Egyptian vulture	pws	West Semitic	*raḫam-	raxam-	r a x a m	west2786			Afro-Asiatic	644
1362	706_egyptianvulture	Egyptian vulture	hebrew	Modern Hebrew	rāḥām	raːħaːm	r aː ħ aː m	hebr1245	31.1056	35.0179	Afro-Asiatic	644
1365	706_egyptianvulture	Egyptian vulture	arabic	Arabic	raḫam-	raxam-	r a x a m	arab1395			Afro-Asiatic	644
1366	706_egyptianvulture	Egyptian vulture	mehri	Mehri	rəḫəmūt	rəxəmuːt	r ə x ə m uː t	mehr1241	16.793	52.473	Afro-Asiatic	644
1367	706_egyptianvulture	Egyptian vulture	jibbali	Jibbali	εrḫõt	εrxõt	ɛ r x õ t	sheh1240	17.29154	53.99526	Afro-Asiatic	644
1368	706_egyptianvulture	Egyptian vulture	harsusi	Harsusi	reḫemōt	rexemoːt	r e x e m oː t	hars1241	19.6511	56.1562	Afro-Asiatic	644
203	138_eiegg	Ei (egg)	turoyo	Turoyo	bəḥto	bəħto	b ə ħ t o	turo1239	37.2275	42.1451	Afro-Asiatic	109
4099	2114_eselsfullendonkeyfoal	Eselsfüllen (donkey foal)	maalula	Maaloula	ˁīla	ʕiːla	ʕ iː l a	malu1250			Afro-Asiatic	1246
1704	884_fingerzehe	Finger, Zehe	biblicalaramaic	Imperial Aramaic (700-300 BCE)	ˀäṣbəˁān (pl.f.)	ʔæsˤbəʕaːn	ʔ æ sˤ b ə ʕ aː n	impe1235	33.905	42.185	Afro-Asiatic	739
223	146_fleischflesh	Fleisch (flesh)	mlahso	Mlahsô	besro	besro	b e s r o	mlah1239	37.0311	41.2209	Afro-Asiatic	114
224	146_fleischflesh	Fleisch (flesh)	turoyo	Turoyo	baṣro	basˤro	b a sˤ r o	turo1239	37.2275	42.1451	Afro-Asiatic	114
225	146_fleischflesh	Fleisch (flesh)	hertevin	Hertevin	besra	besra	b e s r a	hert1241	37.373	42.5192	Afro-Asiatic	114
2868	1382_frauenwomen	Frauen (women)	turoyo	Turoyo	niše, neše	niʃe	n i ʃ e	turo1239	37.2275	42.1451	Afro-Asiatic	1030
268	168_fufoot	Fuß (foot)	turoyo	Turoyo	raġlo	raɣlo	r a ɣ l o	turo1239	37.2275	42.1451	Afro-Asiatic	120
3183	1549_god	God	arabic	Arabic	ˀallāh-	ʔallaːh-	ʔ a l l aː h	arab1395			Afro-Asiatic	1115
3181	1548_gottgod	Gott (god)	turoyo	Turoyo	aloho	aloho	a l o h o	turo1239	37.2275	42.1451	Afro-Asiatic	1115
1564	799_haut	Haut	maalula	Maaloula	γelta	ɣelta	ɣ e l t a	malu1250			Afro-Asiatic	704
1565	800_hautfelllederskinfurleather	Haut, Fell, Leder (skin, fur, leather)	turoyo	Turoyo	galdo	galdo	g a l d o	turo1239	37.2275	42.1451	Afro-Asiatic	704
1443	735_hornissewespehornetwasp	Hornisse, Wespe (hornet, wasp)	mehri	Mehri	haydebbîr	hajdebbîr	h a j d e b b î r	mehr1241	16.793	52.473	Afro-Asiatic	665
1996	989_iaufstehensichaufmachensichanschickentogetupopenupgetready	I. aufstehen, sich aufmachen, sich anschicken (to get up, open up, get ready)	turoyo	Turoyo	qym	qjm	q j m	turo1239	37.2275	42.1451	Afro-Asiatic	866
730	438_igebentogive	I. geben (to give)	turoyo	Turoyo	ˀb	ʔb	ʔ b	turo1239	37.2275	42.1451	Afro-Asiatic	340
3785	1954_ijagenfangenfesthaltentohuntcatchholdonto	I. jagen, fangen; festhalten (to hunt, catch; hold onto)	turoyo	Turoyo	ṣyd	sˤjd	sˤ j d	turo1239	37.2275	42.1451	Afro-Asiatic	1201
678	419_ikommentocome	I. kommen (to come)	turoyo	Turoyo	ˀṯy	ʔθj	ʔ θ j	turo1239	37.2275	42.1451	Afro-Asiatic	326
3670	1876_irufentocall	I. rufen (to call)	turoyo	Turoyo	qry	qrj	q r j	turo1239	37.2275	42.1451	Afro-Asiatic	1187
332	216_isagentosay	I. sagen (to say)	turoyo	Turoyo	ˀmr	ʔmr	ʔ m r	turo1239	37.2275	42.1451	Afro-Asiatic	130
341	224_ischwimmentoswim	I. schwimmen (to swim)	turoyo	Turoyo	sḥy	sħj	s ħ j	turo1239	37.2275	42.1451	Afro-Asiatic	132
2521	1164_itobenearapproachivtobecomeneartobringingbirth	I. to be near, approach IV. to become near to bringing birth	arabic	Arabic	dnw	dnw	d n w	arab1395			Afro-Asiatic	946
3758	1937_itoinhale	I. to inhale	turoyo	Turoyo	nšm	nʃm	n ʃ m	turo1239	37.2275	42.1451	Afro-Asiatic	1198
3832	1975_itolaugh	I. to laugh	turoyo	Turoyo	gḥk	għk	g ħ k	turo1239	37.2275	42.1451	Afro-Asiatic	1210
3240	1588_iipousserdefrequentshoquetstohiccupfrequently	II. pousser de fréquents hoquets (to hiccup frequently)	arabic	Arabic	fwq	fwq	f w q	arab1395			Afro-Asiatic	1124
4253	2209_iitogobblefood	II. to gobble (food)	arabic	Arabic	γwṭ	ɣwtˤ	ɣ w tˤ	arab1395			Afro-Asiatic	1262
5489	2987_iitomakeanenclosure	II. to make an enclosure	arabic	Arabic	ḥǯr	ħgr	ħ g r	arab1395			Afro-Asiatic	1672
5530	3015_iitoproducemanyoffsetsorshootstrees	II. to produce many offsets or shoots (trees)	arabic	Arabic	frḫ	frx	f r x	arab1395			Afro-Asiatic	1743
3271	1607_iitosing	II. to sing	arabic	Arabic	γny	ɣnj	ɣ n j	arab1395			Afro-Asiatic	1132
6129	3376_iitostriptodivest	II. to strip, to divest	arabic	Arabic	bṣl	bsˤl	b sˤ l	arab1395			Afro-Asiatic	1938
5193	2813_iitotear	II. to tear	arabic	Arabic	mzˁ	mzʕ	m z ʕ	arab1395			Afro-Asiatic	1412
6554	3656_iitowhiten	II. to whiten	arabic	Arabic	ḥwr	ħwr	ħ w r	arab1395			Afro-Asiatic	2100
711	433_iiitofightcombat	III. to fight, combat	arabic	Arabic	qtl	qtl	q t l	arab1395			Afro-Asiatic	332
5894	3239_ivtobesilent	IV. to be silent	arabic	Arabic	blm	blm	b l m	arab1395			Afro-Asiatic	1857
5164	2787_ivtobeswollenbecauseofanger	IV. to be swollen because of anger	arabic	Arabic	γdd	ɣdd	ɣ d d	arab1395			Afro-Asiatic	1402
4925	2613_ivtobreathe	IV. to breathe	arabic	Arabic	rwḥ	rwħ	r w ħ	arab1395			Afro-Asiatic	1350
5089	2731_ivtogivepermission	IV. to give permission	arabic	Arabic	bwḥ	bwħ	b w ħ	arab1395			Afro-Asiatic	1376
5129	2765_ivtohelp	IV. to help	arabic	Arabic	ˁwn	ʕwn	ʕ w n	arab1395			Afro-Asiatic	1393
5770	3159_ivtowidentofillavesseltobecomefulloffat	IV. to widen; to fill a vessel; to become full of fat	arabic	Arabic	fˀm	fʔm	f ʔ m	arab1395			Afro-Asiatic	1804
2356	1098_kinderlosigkeitchildlessness	Kinderlosigkeit (childlessness)	ugaritic	Ugaritic	ṯkl	θkl	θ k l	ugar1238	35.6	35.78	Afro-Asiatic	922
31	17_knie	Knie	maalula	Maaloula	rḫoppṯā	rxoppθaː	r x o p p θ aː	malu1250			Afro-Asiatic	32
65	44_knochenbone	Knochen (bone)	turoyo	Turoyo	garmo	garmo	g a r m o	turo1239	37.2275	42.1451	Afro-Asiatic	45
66	44_knochenbone	Knochen (bone)	hertevin	Hertevin	garma	garma	g a r m a	hert1241	37.373	42.5192	Afro-Asiatic	45
64	43_knocken	Knocken	maalula	Maaloula	γerma	ɣerma	ɣ e r m a	malu1250			Afro-Asiatic	45
997	547_lehmziegelairdriedadobebrick	Lehmziegel (airdried, adobe brick)	mehri	Mehri	mdêr	mdêr	m d ê r	mehr1241	16.793	52.473	Afro-Asiatic	517
545	332_mannehemannhusband	Mann, Ehemann (husband)	turoyo	Turoyo	gawro	gawro	g a w r o	turo1239	37.2275	42.1451	Afro-Asiatic	197
544	331_mannehemannmanhusband	Mann; Ehemann (man; husband)	mlahso	Mlahsô	gavro	gavro	g a v r o	mlah1239	37.0311	41.2209	Afro-Asiatic	197
1339	695_maulwurfmole	Maulwurf (mole)	turoyo	Turoyo	xəlt	xəlt	x ə l t	turo1239	37.2275	42.1451	Afro-Asiatic	637
559	340_menschhuman	Mensch (human)	turoyo	Turoyo	ənsan	ənsan	ə n s a n	turo1239	37.2275	42.1451	Afro-Asiatic	198
1208	641_oryx	Oryx	hadramitic	Hadrami	bḳr	bqˤr	b qˤ r	hadr1235	15.528	47.603	Afro-Asiatic	593
1292	677_pferdhorse	Pferd (horse)	qatabanian	Qatabanian	frs₁	frs₁	f r s ¹	qata1238	14.8	45.733333	Afro-Asiatic	613
1293	677_pferdhorse	Pferd (horse)	hadramitic	Hadrami	ˀfrs₁n	ʔfrs₁n	ʔ f r s ¹ n	hadr1235	15.528	47.603	Afro-Asiatic	613
241	153_regenrain	Regen (rain)	turoyo	Turoyo	maṭro	matˤro	m a tˤ r o	turo1239	37.2275	42.1451	Afro-Asiatic	115
1204	639_rindviehcattle	Rindvieh (cattle)	turoyo	Turoyo	baḳro	baqˤro	b a qˤ r o	turo1239	37.2275	42.1451	Afro-Asiatic	593
2929	1416_salzsalt	Salz (salt)	turoyo	Turoyo	malḥo	malħo	m a l ħ o	turo1239	37.2275	42.1451	Afro-Asiatic	1051
1905	960_schenkel	Schenkel	biblicalaramaic	Imperial Aramaic (700-300 BCE)	šāḳṓhī (du. suff.)	ʃaːqˤoː́hiː	ʃ aː qˤ óː h iː	impe1235	33.905	42.185	Afro-Asiatic	844
953	524_scorpio	Scorpio	amharic	Amharic	aḳrab	aqˤrab	a qˤ r a b	amha1245	11.708182	39.543456	Afro-Asiatic	505
1038	575_seelegeistlebensgeistsoulspirit	Seele, Geist, Lebensgeist (soul, spirit)	turoyo	Turoyo	ruḥo	ruħo	r u ħ o	turo1239	37.2275	42.1451	Afro-Asiatic	538
954	525_skorpion	Skorpion	jibbali	Jibbali	ˁaḳréb	ʕaqˤréb	ʕ a qˤ r é b	sheh1240	17.29154	53.99526	Afro-Asiatic	505
178	125_sperlingsparrow	Sperling (sparrow)	turoyo	Turoyo	safruno	safruno	s a f r u n o	turo1239	37.2275	42.1451	Afro-Asiatic	106
2986	1426_sumaaka	Sum. A.AKA	ebla	Eblaite	mar-ḳùm, ma-la-ḳù-um	mar-qˤùm	m a r qˤ ù m	ebla1238	35.798	36.798	Afro-Asiatic	1072
2856	1375_sumemelaonewithstammeringtongue	Sum. EME.LÁ (‘one with stammering tongue’)	ebla	Eblaite	a-a-gú li-sa-nu	a-a-gú	a a g ú	ebla1238	35.798	36.798	Afro-Asiatic	1020
2799	1337_sumudidi	Sum. Ù.DI.DI	ebla	Eblaite	si-kà-pù-um	si-kà-pù-um	s i k à p ù u m	ebla1238	35.798	36.798	Afro-Asiatic	999
1379	711_taubedove	Taube (dove)	turoyo	Turoyo	yawno	jawno	j a w n o	turo1239	37.2275	42.1451	Afro-Asiatic	646
1380	711_taubedove	Taube (dove)	hertevin	Hertevin	yona	jona	j o n a	hert1241	37.373	42.5192	Afro-Asiatic	646
3065	1463_tierfettanimalfat	Tierfett (animal fat)	hertevin	Hertevin	dohna	dohna	d o h n a	hert1241	37.373	42.5192	Afro-Asiatic	1091
772	457_vtobecollectedcongregated	V. to be collected, congregated	arabic	Arabic	rbb	rbb	r b b	arab1395			Afro-Asiatic	355
2576	1202_vtobecomefat	V. to become fat	arabic	Arabic	ḥlm	ħlm	ħ l m	arab1395			Afro-Asiatic	956
5397	2931_vitojointogetherviiitobecomeconsolidatedclosedup	VI. to join together VIII. to become consolidated, closed up	arabic	Arabic	lḥm	lħm	l ħ m	arab1395			Afro-Asiatic	1572
6652	3728_viiidenkentothink	VIII. denken (to think)	turoyo	Turoyo	ftkr	ftkr	f t k r	turo1239	37.2275	42.1451	Afro-Asiatic	2161
6499	3607_viiitosupportoneself	VIII. to support oneself	arabic	Arabic	rfq	rfq	r f q	arab1395			Afro-Asiatic	2046
1315	687_waliaibex	Walia ibex	amharic	Amharic	waliya	walija	w a l i j a	amha1245	11.708182	39.543456	Afro-Asiatic	626
785	461_weinwine	Wein (wine)	mlahso	Mlahsô	ḥamro	ħamro	ħ a m r o	mlah1239	37.0311	41.2209	Afro-Asiatic	357
1439	732_wespehornissewasphornet	Wespe, Hornisse (wasp, hornet)	turoyo	Turoyo	deburo	deburo	d e b u r o	turo1239	37.2275	42.1451	Afro-Asiatic	665
4581	2431_xtoseektoknowwhatwasallottedtohimbymeansofdivinatoryarrows	X. to seek to know what was allotted to him by means of divinatory arrows	arabic	Arabic	qsm	qsm	q s m	arab1395			Afro-Asiatic	1297
5419	2942_xitodryuptobecomeyellow	XI. to dry up, to become yellow	arabic	Arabic	ṣḥr	sˤħr	sˤ ħ r	arab1395			Afro-Asiatic	1582
5023	2685_zizyphusspinachristi	Zizyphus spina Christi	jibbali	Jibbali	ẓ̂ad	ẓ̂ad	ẓ̂ a d	sheh1240	17.29154	53.99526	Afro-Asiatic	1363
5022	2684_zizyphusspinachristydom	Zizyphus spina Christy, dōm	mehri	Mehri	ẑōṭ	ɬ̬ˤoːtˤ	ɬ̬ˤ oː tˤ	mehr1241	16.793	52.473	Afro-Asiatic	1363
3572	1805_abeltorapartofit	a belt or a part of it	akkadian	Akkadian	ḫubūsu	xubuːsu	x u b uː s u	akka1240	33.1	44.1	Afro-Asiatic	1176
5500	2997_abird	a bird	samaritan	Samaritan	ṣlṣl	sˤlsˤl	sˤ l sˤ l	sama1313	32.0817	35.4487	Afro-Asiatic	1697
789	462_abirdofprey	a bird of prey	pws	West Semitic	*ˀan(V)ḳ-	ʔanqˤ-	ʔ a n qˤ	west2786			Afro-Asiatic	364
5674	3101_abirdwithalongbeak	a bird with a long beak	jewishpalestinianaramaic	Jewish Palestinian Aramaic	ḳwr	qˤwr	qˤ w r	pale1261			Afro-Asiatic	1780
315	201_ablackinsectthatrollsalongalittleballofdung	a black insect that rolls along a little ball of dung	arabic	Arabic	ǯuˁal-	guʕal-	g u ʕ a l	arab1395			Afro-Asiatic	129
909	513_acerealprobablymaize	a cereal, probably maize	soqotri	Soqotri	bor	bor	b o r	soqo1240	12.4892	53.9168	Afro-Asiatic	436
4261	2216_achamberthatconcealsaperson	a chamber that conceals a person	arabic	Arabic	ḫidr-	xidr-	x i d r	arab1395			Afro-Asiatic	1264
2888	1392_acompanyofmentribe	a company of men; tribe	arabic	Arabic	ˁamm-	ʕamm-	ʕ a m m	arab1395			Afro-Asiatic	1033
2530	1171_aconvulsedlabouringwoman	a convulsed labouring woman	mandaic	Classical Mandaic	mhambla	mhambla	m h a m b l a	clas1253	36.1203	49.5659	Afro-Asiatic	950
2819	1349_adeformationofpartoftheexta	a deformation of part of the exta	akkadian	Akkadian	gipšu	gipʃu	g i p ʃ u	akka1240	33.1	44.1	Afro-Asiatic	1015
6014	3306_adesert	a desert	arabic	Arabic	badw-	badw-	b a d w	arab1395			Afro-Asiatic	1906
6633	3711_adestructiveone	a destructive one	ugaritic	Ugaritic	ˁḳḳ	ʕqˤqˤ	ʕ qˤ qˤ	ugar1238	35.6	35.78	Afro-Asiatic	2149
2589	1215_adiseaseofhair	a disease (of hair?)	tigre	Tigre	ḥalat	ħalat	ħ a l a t	tigr1270	17.3494	38.2233	Afro-Asiatic	957
2582	1208_adiseaseofthegraincropsaformofblight	a disease of the grain crops, a form of blight	mandaic	Classical Mandaic	haliuta	haliuta	h a l i u t a	clas1253	36.1203	49.5659	Afro-Asiatic	957
5678	3105_adisturbinginsect	a disturbing insect	hebrew	Modern Hebrew	ḳäräṣ	qˤæræsˤ	qˤ æ r æ sˤ	hebr1245	31.1056	35.0179	Afro-Asiatic	1781
1556	793_afatplumpboyboythathasnearlyattainedtopuberty	a fat, plump boy; boy that has nearly attained to puberty	arabic	Arabic	fudurr-	fudurr-	f u d u r r	arab1395			Afro-Asiatic	702
5589	3054_agarment	a garment	arabic	Arabic	batt-	batt-	b a t t	arab1395			Afro-Asiatic	1764
5869	3229_akindofbird	a kind of bird	gogot	Kistane	ḳarulle	qˤarulle	qˤ a r u l l e	kist1241	8.33561	38.4763	Afro-Asiatic	1838
5868	3228_akindofbirdalittlefisheatingwaterfowl	a kind of bird; a little fisheating waterfowl	syriac	Classical Syriac	ḳurillā	qˤurillaː	qˤ u r i l l aː	clas1252	37.1129	42.1432	Afro-Asiatic	1838
5679	3106_akindofbitinginsect	a kind of biting insect	arabic	Arabic	qāriṣ-	qaːrisˤ-	q aː r i sˤ	arab1395			Afro-Asiatic	1781
3553	1797_akindofenclosuremadeofsticksandthornsinwhichcattlespendthenightwhileinthefields	a kind of enclosure made of sticks and thorns in which cattle spend the night while in the fields	tigrinya	Tigrinya	gidaro	gidaro	g i d a r o	tigr1271	15.3359	38.9266	Afro-Asiatic	1173
1486	746_akindofharmfulinsect	a kind of harmful insect	pws	West Semitic	*ḥVsVn-	ħ-s-n-	ħ s n	west2786			Afro-Asiatic	679
1492	746_akindofharmfulinsect	a kind of harmful insect	pws	West Semitic	*ḳVṣVm-, *ḳVmVṣ-/*ḳamṣ-	qˤ-sˤ-m-	qˤ sˤ m	west2786			Afro-Asiatic	680
796	469_akindofhawkwithawhitebreast	a kind of hawk with a white breast	amharic	Amharic	anč̣ət	anč̣ət	a n č̣ ə t	amha1245	11.708182	39.543456	Afro-Asiatic	364
5845	3210_akindoflittlegrasshopper	a kind of little grasshopper	tigre	Tigre	ḳuttu	qˤuttu	qˤ u t t u	tigr1270	17.3494	38.2233	Afro-Asiatic	1824
964	532_akindofverypoisonouswasp	a kind of very poisonous wasp	tigrinya	Tigrinya	ˁǝkkwät, ˁǝkkot	ʕǝkkwæt	ʕ ə k k w æ t	tigr1271	15.3359	38.9266	Afro-Asiatic	507
2058	1000_alastingandstillrain	a lasting and still rain	arabic	Arabic	dīmat-	diːmat-	d iː m a t	arab1395			Afro-Asiatic	874
1870	943_alittlefinger	a little finger	syriac	Classical Syriac	ḥeṣrā	ħesˤraː	ħ e sˤ r aː	clas1252	37.1129	42.1432	Afro-Asiatic	838
5190	2810_aloanagift	a loan, a gift	arabic	Arabic	minḥat-	minħat-	m i n ħ a t	arab1395			Afro-Asiatic	1411
6507	3613_alowdepressedpartofthegroundawidepartoftheground	a low, depressed part of the ground, a wide part of the ground	arabic	Arabic	ǯiwāˀ-	giwaːʔ-	g i w aː ʔ	arab1395			Afro-Asiatic	2057
4557	2417_amorselofbread	a morsel of bread	jewishpalestinianaramaic	Jewish Palestinian Aramaic	ptyt	ptjt	p t j t	pale1261			Afro-Asiatic	1295
4558	2417_amorselofbread	a morsel of bread	christianpalestinianaramaic	Christian Palestinian Aramaic	ptyt	ptjt	p t j t	chri1239			Afro-Asiatic	1295
1392	715_amyhicalsnakedragon	a myhical snake (dragon)	pws	West Semitic	*tVnVn-	t-n-n-	t n n	west2786			Afro-Asiatic	651
1393	716_amythicalsnakedragon	a mythical snake (dragon)	ugaritic	Ugaritic	tnn (tu-un-na-nu)	tnn	t n n	ugar1238	35.6	35.78	Afro-Asiatic	651
1394	716_amythicalsnakedragon	a mythical snake (dragon)	hebrew	Modern Hebrew	tannīn	tanniːn	t a n n iː n	hebr1245	31.1056	35.0179	Afro-Asiatic	651
1015	560_apatchofsownground	a patch of sown ground	arabic	Arabic	dabrat-	dabrat-	d a b r a t	arab1395			Afro-Asiatic	525
2839	1363_apersonwhoseauriclesareashapelessmass	a person whose auricles are a shapeless mass	hebrew	Modern Hebrew	ṣummām	sˤummaːm	sˤ u m m aː m	hebr1245	31.1056	35.0179	Afro-Asiatic	1019
1557	794_apieceoffleshmeatalumpofdatescompactedtogether	a piece of fleshmeat; a lump of dates compacted together	arabic	Arabic	fidrat-	fidrat-	f i d r a t	arab1395			Afro-Asiatic	702
6025	3314_apiecealumpaportioncutoff	a piece, a lump, a portion cut off	arabic	Arabic	baḍˁat-	badˤʕat-	b a dˤ ʕ a t	arab1395			Afro-Asiatic	1907
5628	3079_aplaceinwhichwaterremainsandstagnates	a place in which water remains and stagnates	arabic	Arabic	baqˁat-	baqʕat-	b a q ʕ a t	arab1395			Afro-Asiatic	1770
2921	1413_aplant	a plant	akkadian	Akkadian	mallaḫtu	mallaxtu	m a l l a x t u	akka1240	33.1	44.1	Afro-Asiatic	1051
1140	618_aplantwithtendrils	a plant with tendrils	tigre	Tigre	ˁešbay	ʕeʃbaj	ʕ e ʃ b a j	tigr1270	17.3494	38.2233	Afro-Asiatic	583
5036	2696_arowofstonesinawall	a row of stones in a wall	soqotri	Soqotri	maẓ̂féroʰ	maẓ̂féroʰ	m a ẓ̂ f é r oʰ	soqo1240	12.4892	53.9168	Afro-Asiatic	1365
5030	2691_asashwoveninaspecialtechnique	a sash woven in a special technique	akkadian	Akkadian	ṣipirtu	sˤipirtu	sˤ i p i r t u	akka1240	33.1	44.1	Afro-Asiatic	1365
1212	643_asingleheadofsmallcattle	a single head of small cattle	pcs	Central Semitic	*ŝaw/y-	ɬaw	ɬ a w	cent2236			Afro-Asiatic	597
1216	643_asingleheadofsmallcattle	a single head of small cattle	arabic	Arabic	šāˀ-	ʃaːʔ-	ʃ aː ʔ	arab1395			Afro-Asiatic	597
4866	2571_aspan	a span	ugaritic	Ugaritic	drt	drt	d r t	ugar1238	35.6	35.78	Afro-Asiatic	1340
4873	2575_aspanspacebetweenthumbandlittlefingerwhenextended	a span (space between thumb and little finger when extended)	mandaic	Classical Mandaic	zirta	zirta	z i r t a	clas1253	36.1203	49.5659	Afro-Asiatic	1340
4813	2547_athinginwhichareputgoodsorutensilsthescrotumtheenvelopeoftheearofcorn	a thing in which are put goods or utensils; the scrotum; the envelope of the ear of corn	arabic	Arabic	ṣafan-	sˤafan-	sˤ a f a n	arab1395			Afro-Asiatic	1324
4961	2638_athingthatisforbiddenprohibited	a thing that is forbidden, prohibited	arabic	Arabic	suḥt-	suħt-	s u ħ t	arab1395			Afro-Asiatic	1353
4530	2408_athingthatisspreadupontheground	a thing that is spread upon the ground	arabic	Arabic	firāš-	firaːʃ-	f i r aː ʃ	arab1395			Afro-Asiatic	1293
4232	2192_atraditionaldancebeginningwiththeparticipantsformingacircle	a traditional dance beginning with the participants forming a circle	tigrinya	Tigrinya	gʷayla	gʷajla	gʷ a j l a	tigr1271	15.3359	38.9266	Afro-Asiatic	1259
790	463_atypeofbird	a type of bird	jewishbabylonianaramaic	Jewish Babylonian Aramaic (ca. 200-1200 CE)	ˀynḳwrˀ	ʔjnqˤwrʔ	ʔ j n qˤ w r ʔ	jewi1240	32.273	44.245	Afro-Asiatic	364
3430	1713_atypeofgarment	a type of garment	arabic	Arabic	šamlat-	ʃamlat-	ʃ a m l a t	arab1395			Afro-Asiatic	1159
3282	1613_atypeofsacrifice	a type of sacrifice	tigre	Tigre	ḥəg	ħəg	ħ ə g	tigr1270	17.3494	38.2233	Afro-Asiatic	1134
5468	2969_atypeofworm	a type of worm	jewishbabylonianaramaic	Jewish Babylonian Aramaic (ca. 200-1200 CE)	hh	hh	h h	jewi1240	32.273	44.245	Afro-Asiatic	1622
3357	1657_averygreatquantityimmensenumber	a very great quantity, immense number	hebrew	Modern Hebrew	rəbābā	rəbaːbaː	r ə b aː b aː	hebr1245	31.1056	35.0179	Afro-Asiatic	1150
1550	788_aviscoussubstanceglair	a viscous substance, glair	jewishpalestinianaramaic	Jewish Palestinian Aramaic	ḥēläb	ħeːlæb	ħ eː l æ b	pale1261			Afro-Asiatic	699
6510	3616_awadiwherelittlestreamsconflate	a wadi where little streams conflate	soqotri	Soqotri	góˀoʰ	góʔoʰ	g ó ʔ oʰ	soqo1240	12.4892	53.9168	Afro-Asiatic	2057
5037	2697_awallbuiltoftworowsofstones	a wall built of two rows of stones	soqotri	Soqotri	ẓ̂afóri	ẓ̂afóri	ẓ̂ a f ó r i	soqo1240	12.4892	53.9168	Afro-Asiatic	1365
86	60_awhitenessinthetailofahorseandtheforelock	a whiteness in the tail of a horse, and the forelock	arabic	Arabic	šaˁal-	ʃaʕal-	ʃ a ʕ a l	arab1395			Afro-Asiatic	74
1442	734_ayellowflywhichafflictscattle	a yellow fly which afflicts cattle	amharic	Amharic	dibʷara	dibʷara	d i bʷ a r a	amha1245	11.708182	39.543456	Afro-Asiatic	665
1234	654_ayounglamborakid	a young lamb or a kid	arabic	Arabic	ṭalaⁿ	tˤala	tˤ a l a	arab1395			Afro-Asiatic	602
659	409_ayoungmanyouthboymalechild	a young man, youth, boy, male child	arabic	Arabic	γulām-	ɣulaːm-	ɣ u l aː m	arab1395			Afro-Asiatic	295
193	134_ayoungoneofanyanimal	a young one of any animal	turoyo	Turoyo	farxo	farxo	f a r x o	turo1239	37.2275	42.1451	Afro-Asiatic	108
4625	2448_ayouth	a youth	arabic	Arabic	fataⁿ	fata	f a t a	arab1395			Afro-Asiatic	1301
3999	2055_abnormallengthofthemembrumvirile	abnormal length of the membrum virile	hebrew	Modern Hebrew	gərabtā	gərabtaː	g ə r a b t aː	hebr1245	31.1056	35.0179	Afro-Asiatic	1231
5871	3230_abnormallylargemembrumvirileabnormallylargetesticles	abnormally large membrum virile, abnormally large testicles	hebrew	Modern Hebrew	ḳīḳ	qˤiːqˤ	qˤ iː qˤ	hebr1245	31.1056	35.0179	Afro-Asiatic	1849
6642	3719_abundance	abundance	hebrew	Modern Hebrew	säpäḳ	sæpæqˤ	s æ p æ qˤ	hebr1245	31.1056	35.0179	Afro-Asiatic	2160
1002	550_accumulatedsandbeneathwhichishardrocksoftorplaingroundinwhichwaterremainsandcollects	accumulated sand beneath which is hard rock; soft or plain ground in which water remains and collects	arabic	Arabic	ḥisaⁿ	ħisa	ħ i s a	arab1395			Afro-Asiatic	519
5297	2875_accusativeparticle	accusative particle	harsusi	Harsusi	t-/te-	t-	t	hars1241	19.6511	56.1562	Afro-Asiatic	1450
2255	1060_achetergouverner	acheter, gouverner	gafat	Gafat	gäzzä	gæzzæ	g æ z z æ	gafa1240	11.5764	39.5605	Afro-Asiatic	907
4412	2332_acquire	acquire	sabaic	Sabaic	ḳny	qˤnj	qˤ n j	saba1279	15.42	45.35	Afro-Asiatic	1282
4416	2334_acquirebuy	acquire, buy	geez	Geez	ḳanaya	qˤanaja	qˤ a n a j a	geez1241	10.1342	40.6821	Afro-Asiatic	1282
2510	1153_actuarlascivamente	actuar lascivamente	ugaritic	Ugaritic	dm	dm	d m	ugar1238	35.6	35.78	Afro-Asiatic	941
6583	3673_adulteredorcounterfeitcoin	adultered or counterfeit coin	arabic	Arabic	zaγal-	zaɣal-	z a ɣ a l	arab1395			Afro-Asiatic	2108
5479	2980_afflictionofthescalporskinwhichcauseswhitishpatchesthatitch	affliction of the scalp or skin which causes whitish patches that itch	amharic	Amharic	därämän	dæræmæn	d æ r æ m æ n	amha1245	11.708182	39.543456	Afro-Asiatic	1638
4123	2134_after	after	sabaic	Sabaic	bˁd/bˁdn	bʕd	b ʕ d	saba1279	15.42	45.35	Afro-Asiatic	1249
4124	2134_after	after	minaean	Minaean	bˁd	bʕd	b ʕ d	mina1279	16.166667	44.672778	Afro-Asiatic	1249
4125	2134_after	after	mehri	Mehri	bād	baːd	b aː d	mehr1241	16.793	52.473	Afro-Asiatic	1249
4126	2134_after	after	jibbali	Jibbali	baˁd	baʕd	b a ʕ d	sheh1240	17.29154	53.99526	Afro-Asiatic	1249
4127	2134_after	after	harsusi	Harsusi	bād	baːd	b aː d	hars1241	19.6511	56.1562	Afro-Asiatic	1249
4118	2130_afterbehind	after, behind	pws	West Semitic	*baˁda	baʕda	b a ʕ d a	west2786			Afro-Asiatic	1249
4122	2130_afterbehind	after, behind	arabic	Arabic	baˁda	baʕda	b a ʕ d a	arab1395			Afro-Asiatic	1249
4121	2133_afterother	after, other	mandaic	Classical Mandaic	baˁad	baʕad	b a ʕ a d	clas1253	36.1203	49.5659	Afro-Asiatic	1249
2587	1213_agonylasthourofadyingperson	agony, last hour of a dying person	tigre	Tigre	ḥǝlla	ħǝlla	ħ ə l l a	tigr1270	17.3494	38.2233	Afro-Asiatic	957
2712	1302_almostliquidcowdung	almost liquid cowdung	mehri	Mehri	ẑōfəγ	ɬ̬ˤoːfəɣ	ɬ̬ˤ oː f ə ɣ	mehr1241	16.793	52.473	Afro-Asiatic	989
4714	2503_alonedisconnected	alone, disconnected	ugaritic	Ugaritic	bddy	bddj	b d d j	ugar1238	35.6	35.78	Afro-Asiatic	1311
3422	1707_alsstrafeauferlegtwerdentobeimposedaspunishmentfine	als Strafe auferlegt werden (to be imposed as punishment, fine)	sabaic	Sabaic	s₂kr	s₂kr	s ² k r	saba1279	15.42	45.35	Afro-Asiatic	1158
3504	1764_ananimal	an animal	samaritan	Samaritan	yḥmwr	jħmwr	j ħ m w r	sama1313	32.0817	35.4487	Afro-Asiatic	1169
37	22_anapertureinawallapassagebetweenanytwohouses	an aperture in a wall, a passage between any two houses	arabic	Arabic	ḫawḫat-	xawxat-	x a w x a t	arab1395			Afro-Asiatic	36
2411	1122_anelevatedway	an elevated way	arabic	Arabic	naǯd-	nagd-	n a g d	arab1395			Afro-Asiatic	929
1031	568_anengineofwarthatcastsastonetoalongdistancesimilartothatcalledbytheromansonager	an engine of war that casts a stone to a long distance, similar to that called by the Romans onager	arabic	Arabic	ˁarrādat-	ʕarraːdat-	ʕ a r r aː d a t	arab1395			Afro-Asiatic	527
4884	2583_animal	animal	arabic	Arabic	ḥayawān	ħajawaːn	ħ a j a w aː n	arab1395			Afro-Asiatic	1344
3012	1439_animalbogyaboutthesizeofacow	animal bogy about the size of a cow	mehri	Mehri	fəhədēt	fəhədeːt	f ə h ə d eː t	mehr1241	16.793	52.473	Afro-Asiatic	1081
2706	1297_animaldroppingsdung	animal droppings, dung	hebrew	Modern Hebrew	ṣāpīaˁ	sˤaːpiːaʕ	sˤ aː p iː a ʕ	hebr1245	31.1056	35.0179	Afro-Asiatic	989
446	279_animalfat	animal fat	ezha	Ezha	səwwä	səwwæ	s ə w w æ	ezha1238			Afro-Asiatic	177
447	279_animalfat	animal fat	endegen	Endegegny	sǝ̃wˀä	sǝ̃wʔæ	s ə̃ w ʔ æ	eneg1238			Afro-Asiatic	177
448	279_animalfat	animal fat	ennemor	Inoric	səwˀä	səwʔæ	s ə w ʔ æ	inor1238	7.94883	37.7968	Afro-Asiatic	177
449	279_animalfat	animal fat	gyeto	Gyeta	səwˀä	səwʔæ	s ə w ʔ æ	gyet1241			Afro-Asiatic	177
450	279_animalfat	animal fat	muher	Muher	səwä	səwæ	s ə w æ	muhe1234			Afro-Asiatic	177
451	279_animalfat	animal fat	masqan	Mesqan	səwä	səwæ	s ə w æ	mesq1240	8.10617	38.3386	Afro-Asiatic	177
452	279_animalfat	animal fat	gogot	Kistane	səwä	səwæ	s ə w æ	kist1241	8.33561	38.4763	Afro-Asiatic	177
343	226_animalwildanimalbeast	animal, wild animal, beast	geez	Geez	ˀarwe	ʔarwe	ʔ a r w e	geez1241	10.1342	40.6821	Afro-Asiatic	135
2647	1265_ankleofmenheeltendon	ankle (of men); heel tendon	tigre	Tigre	fərsəm	fərsəm	f ə r s ə m	tigr1270	17.3494	38.2233	Afro-Asiatic	974
5492	2990_ankletshackle	anklet: shackle	arabic	Arabic	ḥiǯl-	ħigl-	ħ i g l	arab1395			Afro-Asiatic	1673
1446	737_ant	ant	pws	West Semitic	*namal-/*naml-	namal-	n a m a l	west2786			Afro-Asiatic	668
1447	737_ant	ant	amarnacanaanite	Canaanite	namalu	namalu	n a m a l u	cana1267			Afro-Asiatic	668
1448	737_ant	ant	hebrew	Modern Hebrew	nəmālā	nəmaːlaː	n ə m aː l aː	hebr1245	31.1056	35.0179	Afro-Asiatic	668
1450	737_ant	ant	arabic	Arabic	naml-	naml-	n a m l	arab1395			Afro-Asiatic	668
1451	737_ant	ant	mehri	Mehri	nōmīl	noːmiːl	n oː m iː l	mehr1241	16.793	52.473	Afro-Asiatic	668
1452	737_ant	ant	jibbali	Jibbali	nīẑín	niːɬ̬ˤín	n iː ɬ̬ˤ í n	sheh1240	17.29154	53.99526	Afro-Asiatic	668
1453	737_ant	ant	harsusi	Harsusi	lōmēl	loːmeːl	l oː m eː l	hars1241	19.6511	56.1562	Afro-Asiatic	668
1449	738_antnest	ant nest	syriac	Classical Syriac	nmālā	nmaːlaː	n m aː l aː	clas1252	37.1129	42.1432	Afro-Asiatic	668
3501	1762_antelope	antelope	ugaritic	Ugaritic	yḥmr	jħmr	j ħ m r	ugar1238	35.6	35.78	Afro-Asiatic	1169
3503	1762_antelope	antelope	jewishpalestinianaramaic	Jewish Palestinian Aramaic	yḥmwr	jħmwr	j ħ m w r	pale1261			Afro-Asiatic	1169
3506	1762_antelope	antelope	syriac	Classical Syriac	yaḥmurā	jaħmuraː	j a ħ m u r aː	clas1252	37.1129	42.1432	Afro-Asiatic	1169
1605	823_anteriorpartoftheneckofacamel	anterior part of the neck of a camel	arabic	Arabic	ǯirān-	giraːn-	g i r aː n	arab1395			Afro-Asiatic	713
3115	1496_anuspudendumofawoman	anus; pudendum of a woman	arabic	Arabic	ǯār-	gaːr-	g aː r	arab1395			Afro-Asiatic	1100
962	531_araignee	araignée	tigre	Tigre	ˁako	ʕako	ʕ a k o	tigr1270	17.3494	38.2233	Afro-Asiatic	507
1877	946_arm	arm	ugaritic	Ugaritic	ḏrˁ	ðrʕ	ð r ʕ	ugar1238	35.6	35.78	Afro-Asiatic	840
1878	946_arm	arm	amarnacanaanite	Canaanite	zu-ru-uḫ	zu-ru-ux	z u r u u x	cana1267			Afro-Asiatic	840
1879	946_arm	arm	hebrew	Modern Hebrew	zərōaˁ	zəroːaʕ	z ə r oː a ʕ	hebr1245	31.1056	35.0179	Afro-Asiatic	840
1881	946_arm	arm	mandaic	Classical Mandaic	dra	dra	d r a	clas1253	36.1203	49.5659	Afro-Asiatic	840
1886	946_arm	arm	tigre	Tigre	zäraˁ	zæraʕ	z æ r a ʕ	tigr1270	17.3494	38.2233	Afro-Asiatic	840
1887	946_arm	arm	tigrinya	Tigrinya	mäzraˁǝt	mæzraʕǝt	m æ z r a ʕ ə t	tigr1271	15.3359	38.9266	Afro-Asiatic	840
1888	946_arm	arm	mehri	Mehri	ḏarˀ	ðarʔ	ð a r ʔ	mehr1241	16.793	52.473	Afro-Asiatic	840
1889	946_arm	arm	jibbali	Jibbali	ḏέraˁ	ðɛraʕ	ð ɛ r a ʕ	sheh1240	17.29154	53.99526	Afro-Asiatic	840
1890	946_arm	arm	harsusi	Harsusi	ḏerā	ðeraː	ð e r aː	hars1241	19.6511	56.1562	Afro-Asiatic	840
1891	946_arm	arm	soqotri	Soqotri	diréˁi	diréʕi	d i r é ʕ i	soqo1240	12.4892	53.9168	Afro-Asiatic	840
151	105_armaboveelbow	arm above elbow	harari	Harari	ḥaräḳ	ħaræqˤ	ħ a r æ qˤ	hara1271	9.30485	42.1332	Afro-Asiatic	102
152	106_armaboveelbowfrontlegofcattle	arm above elbow, front leg of cattle	selti	Silt'e	aräḳ	aræqˤ	a r æ qˤ	silt1240	7.77004	38.1449	Afro-Asiatic	102
153	106_armaboveelbowfrontlegofcattle	arm above elbow, front leg of cattle	wolane	Wolane	aräḳ	aræqˤ	a r æ qˤ	wola1253	8.23	38.14	Afro-Asiatic	102
154	106_armaboveelbowfrontlegofcattle	arm above elbow, front leg of cattle	zway	Zay	aräḳ	aræqˤ	a r æ qˤ	zayy1238	8.01148	38.8258	Afro-Asiatic	102
1875	944_armelbow	arm, elbow	pws	West Semitic	*ḏirāˁ-	ðiraːʕ-	ð i r aː ʕ	west2786			Afro-Asiatic	840
1876	945_armforeleg	arm, foreleg	akkadian	Akkadian	durāˀu	duraːʔu	d u r aː ʔ u	akka1240	33.1	44.1	Afro-Asiatic	840
1884	950_armshoulder	arm, shoulder	geez	Geez	mazrāˁt	mazraːʕt	m a z r aː ʕ t	geez1241	10.1342	40.6821	Afro-Asiatic	840
1885	951_armyard	arm, yard	tigre	Tigre	mäzrəˁət	mæzrəʕət	m æ z r ə ʕ ə t	tigr1270	17.3494	38.2233	Afro-Asiatic	840
1880	947_armforequartersidebraceelbow	arm; forequarter; side brace; elbow	syriac	Classical Syriac	drāˁā	draːʕaː	d r aː ʕ aː	clas1252	37.1129	42.1432	Afro-Asiatic	840
3111	1492_armwing	arm; wing	arabic	Arabic	ǯanāḥ-	ganaːħ-	g a n aː ħ	arab1395			Afro-Asiatic	1098
3629	1849_arrowbayonet	arrow, bayonet	jibbali	Jibbali	ḥarbɛt	ħarbɛt	ħ a r b ɛ t	sheh1240	17.29154	53.99526	Afro-Asiatic	1181
3213	1570_asonetogether	as one, together	ugaritic	Ugaritic	mˁ	mʕ	m ʕ	ugar1238	35.6	35.78	Afro-Asiatic	1122
2019	993_ashes	ashes	pes	East Semitic	*ḥamad-	ħamad-	ħ a m a d	east2678			Afro-Asiatic	870
2020	993_ashes	ashes	geez	Geez	ḥamad	ħamad	ħ a m a d	geez1241	10.1342	40.6821	Afro-Asiatic	870
2021	993_ashes	ashes	tigre	Tigre	ḥamäd	ħamæd	ħ a m æ d	tigr1270	17.3494	38.2233	Afro-Asiatic	870
2024	993_ashes	ashes	tigrinya	Tigrinya	ḥamukʷəšti	ħamukʷəʃti	ħ a m u kʷ ə ʃ t i	tigr1271	15.3359	38.9266	Afro-Asiatic	870
2025	993_ashes	ashes	amharic	Amharic	amäd	amæd	a m æ d	amha1245	11.708182	39.543456	Afro-Asiatic	870
2027	993_ashes	ashes	harari	Harari	ḥamäd	ħamæd	ħ a m æ d	hara1271	9.30485	42.1332	Afro-Asiatic	870
2041	993_ashes	ashes	soddo	Soddo	amäd	amæd	a m æ d	sodd1242			Afro-Asiatic	870
2022	994_ashesdust	ashes, dust	tigre	Tigre	ḥamad	ħamad	ħ a m a d	tigr1270	17.3494	38.2233	Afro-Asiatic	870
2026	994_ashesdust	ashes, dust	argobba	Argobba	hamäd	hamæd	h a m æ d	argo1244	10.6596	39.756	Afro-Asiatic	870
2028	994_ashesdust	ashes, dust	harari	Harari	hamäd	hamæd	h a m æ d	hara1271	9.30485	42.1332	Afro-Asiatic	870
2029	994_ashesdust	ashes, dust	selti	Silt'e	amäd	amæd	a m æ d	silt1240	7.77004	38.1449	Afro-Asiatic	870
2030	994_ashesdust	ashes, dust	wolane	Wolane	amäd	amæd	a m æ d	wola1253	8.23	38.14	Afro-Asiatic	870
2031	994_ashesdust	ashes, dust	zway	Zay	amäd	amæd	a m æ d	zayy1238	8.01148	38.8258	Afro-Asiatic	870
2032	994_ashesdust	ashes, dust	gafat	Gafat	əmädaǯ	əmædag	ə m æ d a g	gafa1240	11.5764	39.5605	Afro-Asiatic	870
2033	994_ashesdust	ashes, dust	chaha	Chaha	amäd	amæd	a m æ d	chah1248			Afro-Asiatic	870
2034	994_ashesdust	ashes, dust	ezha	Ezha	amäd	amæd	a m æ d	ezha1238			Afro-Asiatic	870
2035	994_ashesdust	ashes, dust	endegen	Endegegny	awä̃d	awæ̃d	a w æ̃ d	eneg1238			Afro-Asiatic	870
2036	994_ashesdust	ashes, dust	ennemor	Inoric	am̠ä̃d	am̠æ̃d	a m̠ æ̃ d	inor1238	7.94883	37.7968	Afro-Asiatic	870
2037	994_ashesdust	ashes, dust	gyeto	Gyeta	am̠ä̃d	am̠æ̃d	a m̠ æ̃ d	gyet1241			Afro-Asiatic	870
2038	994_ashesdust	ashes, dust	muher	Muher	amäd	amæd	a m æ d	muhe1234			Afro-Asiatic	870
2039	994_ashesdust	ashes, dust	masqan	Mesqan	amäd	amæd	a m æ d	mesq1240	8.10617	38.3386	Afro-Asiatic	870
2040	994_ashesdust	ashes, dust	gogot	Kistane	amäd	amæd	a m æ d	kist1241	8.33561	38.4763	Afro-Asiatic	870
2042	994_ashesdust	ashes, dust	soddo	Soddo	amäd	amæd	a m æ d	sodd1242			Afro-Asiatic	870
2845	1368_assordiretobecomedeaf	assordire (to become deaf)	tigrinya	Tigrinya	ṣämämä	sˤæmæmæ	sˤ æ m æ m æ	tigr1271	15.3359	38.9266	Afro-Asiatic	1019
3156	1531_ataboutbyinwith	at, about, by, in, with	mehri	Mehri	bə-	bə-	b ə	mehr1241	16.793	52.473	Afro-Asiatic	1106
3157	1532_ataboutbywithin	at, about, by, with, in	jibbali	Jibbali	b-	b-	b	sheh1240	17.29154	53.99526	Afro-Asiatic	1106
2364	1106_audaciousdifficult	audacious; difficult	syriac	Classical Syriac	marrāḥā	marraːħaː	m a r r aː ħ aː	clas1252	37.1129	42.1432	Afro-Asiatic	923
3146	1521_avecpourautourdewithforaround	avec, pour, autour de (with; for; around)	minaean	Minaean	b-m	b-m	b m	mina1279	16.166667	44.672778	Afro-Asiatic	1106
5349	2907_averepietatohavemercy	avere pietà (to have mercy)	tigrinya	Tigrinya	mäḥarä	mæħaræ	m æ ħ a r æ	tigr1271	15.3359	38.9266	Afro-Asiatic	1508
2584	1210_avoirdesdouleursauxcuissesouauxgenouxseditdelhommeavoirdesdouleursauxjarretsseditduchevaltohavepaininthethighsorkneessaidofthemanhavingpaininthehockssaidofthehorse	avoir des douleurs aux cuisses ou aux genoux (se dit de l’homme), avoir des douleurs aux jarrets (se dit du cheval) (to have pain in the thighs or knees (said of the man), having pain in the hocks (said of the horse)	arabic	Arabic	ḥll	ħll	ħ l l	arab1395			Afro-Asiatic	957
3661	1870_awl	awl	syriac	Classical Syriac	maktbā	maktbaː	m a k t b aː	clas1252	37.1129	42.1432	Afro-Asiatic	1186
210	140_baby	baby	akkadian	Akkadian	bišru	biʃru	b i ʃ r u	akka1240	33.1	44.1	Afro-Asiatic	114
358	235_back	back	hebrew	Modern Hebrew	gab	gab	g a b	hebr1245	31.1056	35.0179	Afro-Asiatic	140
1576	235_back	back	demoticaramaic	Demotic Egyptian	tkmh	tkmh	t k m h	demo1234			Afro-Asiatic	709
3116	235_back	back	tigre	Tigre	gərra	gərra	g ə r r a	tigr1270	17.3494	38.2233	Afro-Asiatic	1100
1696	880_backofmenandanimalsloinswaist	back (of men and animals); loin(s), waist	tigre	Tigre	ˁeṣat	ʕesˤat	ʕ e sˤ a t	tigr1270	17.3494	38.2233	Afro-Asiatic	733
1687	872_backofbody	back of body	selti	Silt'e	anč̣ä	anč̣æ	a n č̣ æ	silt1240	7.77004	38.1449	Afro-Asiatic	728
1688	872_backofbody	back of body	masqan	Mesqan	anḳʸä	anqˤʸæ	a n qʲˤ æ	mesq1240	8.10617	38.3386	Afro-Asiatic	728
1672	861_backofbodythighhip	back of body, thigh, hip	selti	Silt'e	č̣ən	č̣ən	č̣ ə n	silt1240	7.77004	38.1449	Afro-Asiatic	727
1673	861_backofbodythighhip	back of body, thigh, hip	wolane	Wolane	č̣ən	č̣ən	č̣ ə n	wola1253	8.23	38.14	Afro-Asiatic	727
1674	861_backofbodythighhip	back of body, thigh, hip	zway	Zay	č̣ən	č̣ən	č̣ ə n	zayy1238	8.01148	38.8258	Afro-Asiatic	727
1676	861_backofbodythighhip	back of body, thigh, hip	muher	Muher	č̣ənä	č̣ənæ	č̣ ə n æ	muhe1234			Afro-Asiatic	727
1686	871_backofthebody	back of the body	harari	Harari	ḥač̣i	ħač̣i	ħ a č̣ i	hara1271	9.30485	42.1332	Afro-Asiatic	728
361	238_backbody	back, body	jewishbabylonianaramaic	Jewish Babylonian Aramaic (ca. 200-1200 CE)	gabbā	gabbaː	g a b b aː	jewi1240	32.273	44.245	Afro-Asiatic	140
3052	1454_backhindpart	back, hind part	pws	West Semitic	*dVb(V)r-	d-br-	d b r	west2786			Afro-Asiatic	1090
1677	862_backloinhip	back, loin, hip	pws	West Semitic	*ḥVḳw-	ħ-qˤw-	ħ qˤ w	west2786			Afro-Asiatic	728
3114	1495_backrearbuttocks	back, rear, buttocks	pws	West Semitic	*gar(r)-	gar-	g a r	west2786			Afro-Asiatic	1100
6110	3361_backspine	back, spine	tigrinya	Tigrinya	ˀəngədˁā	ʔəngədʕaː	ʔ ə n g ə d ʕ aː	tigr1271	15.3359	38.9266	Afro-Asiatic	1934
3053	1455_backtail	back, tail	mandaic	Classical Mandaic	dibra	dibra	d i b r a	clas1253	36.1203	49.5659	Afro-Asiatic	1090
1693	877_backbone	backbone	jewishpalestinianaramaic	Jewish Palestinian Aramaic	ˁyṣy	ʕjsˤj	ʕ j sˤ j	pale1261			Afro-Asiatic	733
3056	877_backbone	backbone	amharic	Amharic	ǯəbär	gəbær	g ə b æ r	amha1245	11.708182	39.543456	Afro-Asiatic	1090
3054	1456_backsideposteriorsbuttocksrumppodexanus	backside, posteriors, buttocks, rump, podex, anus	arabic	Arabic	dubr-, dubur-	dubr-	d u b r	arab1395			Afro-Asiatic	1090
4980	2650_badwicked	bad, wicked	sabaic	Sabaic	s₁wˀ	s₁wʔ	s ¹ w ʔ	saba1279	15.42	45.35	Afro-Asiatic	1355
2636	1258_bald	bald	soddo	Soddo	ḳorara	qˤorara	qˤ o r a r a	sodd1242			Afro-Asiatic	969
2805	1339_baldpatch	bald patch	hebrew	Modern Hebrew	ḳorḥā	qˤorħaː	qˤ o r ħ aː	hebr1245	31.1056	35.0179	Afro-Asiatic	1013
4864	2569_baldnakedchild	bald, naked (child)	jibbali	Jibbali	bərṣɔ́ṣ	bərsˤɔ́sˤ	b ə r sˤ ɔ́ sˤ	sheh1240	17.29154	53.99526	Afro-Asiatic	1337
2626	1249_baldness	baldness	jewishpalestinianaramaic	Jewish Palestinian Aramaic	ḳrḥh, det. ḳrḥth	qˤrħh	qˤ r ħ h	pale1261			Afro-Asiatic	969
2627	1249_baldness	baldness	jewishpalestinianaramaic	Jewish Palestinian Aramaic	ḳryḥh	qˤrjħh	qˤ r j ħ h	pale1261			Afro-Asiatic	969
2804	1249_baldness	baldness	pws	West Semitic	*ḳurḥ-at-	qˤurħ-at-	qˤ u r ħ a t	west2786			Afro-Asiatic	1013
2806	1249_baldness	baldness	syriac	Classical Syriac	ḳurḥtā	qˤurħtaː	qˤ u r ħ t aː	clas1252	37.1129	42.1432	Afro-Asiatic	1013
5964	3269_balsam	balsam	pws	West Semitic	*bVŝVm-	b-ɬ-m-	b ɬ m	west2786			Afro-Asiatic	1885
5966	3271_balsamtreebalsamoil	balsam tree, balsam oil	hebrew	Modern Hebrew	bōŝäm	boːɬæm	b oː ɬ æ m	hebr1245	31.1056	35.0179	Afro-Asiatic	1885
3602	1831_barefoot	barefoot	hebrew	Modern Hebrew	yāḥēp	jaːħeːp	j aː ħ eː p	hebr1245	31.1056	35.0179	Afro-Asiatic	1179
3604	1831_barefoot	barefoot	syriac	Classical Syriac	ḥepyāy	ħepjaːj	ħ e p j aː j	clas1252	37.1129	42.1432	Afro-Asiatic	1179
90	64_bark	bark	pws	West Semitic	*ḳVrp-	qˤ-rp-	qˤ r p	west2786			Afro-Asiatic	80
1420	64_bark	bark	pes	East Semitic	*lVḫṣ-	l-xsˤ-	l x sˤ	east2678			Afro-Asiatic	654
1421	64_bark	bark	geez	Geez	ləḥṣ	ləħsˤ	l ə ħ sˤ	geez1241	10.1342	40.6821	Afro-Asiatic	654
1422	64_bark	bark	tigrinya	Tigrinya	ləḥṣi	ləħsˤi	l ə ħ sˤ i	tigr1271	15.3359	38.9266	Afro-Asiatic	654
1423	64_bark	bark	amharic	Amharic	ləṭ	lətˤ	l ə tˤ	amha1245	11.708182	39.543456	Afro-Asiatic	654
1424	64_bark	bark	wolane	Wolane	ləč̣č̣ač̣e	ləč̣č̣ač̣e	l ə č̣ č̣ a č̣ e	wola1253	8.23	38.14	Afro-Asiatic	654
1425	64_bark	bark	muher	Muher	ləṭä	lətˤæ	l ə tˤ æ	muhe1234			Afro-Asiatic	654
97	71_barkoftree	bark of tree	argobba	Argobba	ḳərfit	qˤərfit	qˤ ə r f i t	argo1244	10.6596	39.756	Afro-Asiatic	80
99	71_barkoftree	bark of tree	zway	Zay	ḳərfit	qˤərfit	qˤ ə r f i t	zayy1238	8.01148	38.8258	Afro-Asiatic	80
100	71_barkoftree	bark of tree	soddo	Soddo	ḳərfit	qˤərfit	qˤ ə r f i t	sodd1242			Afro-Asiatic	80
92	66_barkskinpeel	bark, skin, peel	geez	Geez	ḳərəft	qˤərəft	qˤ ə r ə f t	geez1241	10.1342	40.6821	Afro-Asiatic	80
1829	923_barley	barley	pcs	Central Semitic	*ŝVˁ(V)r-	ɬ-ʕr-	ɬ ʕ r	cent2236			Afro-Asiatic	812
1830	923_barley	barley	ugaritic	Ugaritic	šˁr	ʃʕr	ʃ ʕ r	ugar1238	35.6	35.78	Afro-Asiatic	812
1831	923_barley	barley	hebrew	Modern Hebrew	ŝəˁōrā	ɬəʕoːraː	ɬ ə ʕ oː r aː	hebr1245	31.1056	35.0179	Afro-Asiatic	812
1832	923_barley	barley	syriac	Classical Syriac	sˁārtā	sʕaːrtaː	s ʕ aː r t aː	clas1252	37.1129	42.1432	Afro-Asiatic	812
1833	923_barley	barley	arabic	Arabic	šaˁīr-	ʃaʕiːr-	ʃ a ʕ iː r	arab1395			Afro-Asiatic	812
1834	923_barley	barley	sabaic	Sabaic	s₂ˁr	s₂ʕr	s ² ʕ r	saba1279	15.42	45.35	Afro-Asiatic	812
1835	923_barley	barley	tigre	Tigre	šəˁir	ʃəʕir	ʃ ə ʕ i r	tigr1270	17.3494	38.2233	Afro-Asiatic	812
1836	923_barley	barley	mehri	Mehri	šəˁīr	ʃəʕiːr	ʃ ə ʕ iː r	mehr1241	16.793	52.473	Afro-Asiatic	812
1837	923_barley	barley	jibbali	Jibbali	šiˁír	ʃiʕír	ʃ i ʕ í r	sheh1240	17.29154	53.99526	Afro-Asiatic	812
6542	3644_barren	barren	tigre	Tigre	ˁaṣo	ʕasˤo	ʕ a sˤ o	tigr1270	17.3494	38.2233	Afro-Asiatic	2091
3206	1565_barrenwomanfemale	barren woman/female	jewishpalestinianaramaic	Jewish Palestinian Aramaic	ˁḳrh	ʕqˤrh	ʕ qˤ r h	pale1261			Afro-Asiatic	1121
2346	1093_barrenunfruitfulsterilechildless	barren, unfruitful, sterile, childless	geez	Geez	makkān	makkaːn	m a k k aː n	geez1241	10.1342	40.6821	Afro-Asiatic	920
3210	1568_barrenwithnooffspringwomanorman	barren, with no offspring (woman or man)	arabic	Arabic	ˁāqir-	ʕaːqir-	ʕ aː q i r	arab1395			Afro-Asiatic	1121
3494	1756_base	base	minaean	Minaean	mws₃d	mws₃d	m w s ³ d	mina1279	16.166667	44.672778	Afro-Asiatic	1167
3493	1755_baseplinthofstatue	base, plinth (of statue)	sabaic	Sabaic	ms₃d	ms₃d	m s ³ d	saba1279	15.42	45.35	Afro-Asiatic	1167
5604	3061_basinpoolpond	basin, pool, pond	arabic	Arabic	birkat-	birkat-	b i r k a t	arab1395			Afro-Asiatic	1766
3806	1963_bebecalmtodwell	be be calm, to dwell	arabic	Arabic	skn	skn	s k n	arab1395			Afro-Asiatic	1204
111	81_becoldbecoolcooldownangersubsidefire	be cold, be cool; cool down (anger), subside (fire)	geez	Geez	ḳʷarara	qˤʷarara	qʷˤ a r a r a	geez1241	10.1342	40.6821	Afro-Asiatic	83
6584	3674_becorruptedbeadulterated	be corrupted, be adulterated	geez	Geez	zaḥala	zaħala	z a ħ a l a	geez1241	10.1342	40.6821	Afro-Asiatic	2108
4391	2315_beenviousbejealousbeeager	be envious, be jealous, be eager	geez	Geez	ḳanˀa	qˤanʔa	qˤ a n ʔ a	geez1241	10.1342	40.6821	Afro-Asiatic	1280
2540	1180_belame	be lame	argobba	Argobba	anäkkäsä	anækkæsæ	a n æ k k æ s æ	argo1244	10.6596	39.756	Afro-Asiatic	953
2222	1041_besufficientbeenoughbecompetent	be sufficient, be enough, be competent	amharic	Amharic	bäḳḳa	bæqˤqˤa	b æ qˤ qˤ a	amha1245	11.708182	39.543456	Afro-Asiatic	903
2221	1040_besufficientbesuitable	be sufficient, be suitable	tigrinya	Tigrinya	bäḳʷˁe	bæqˤʷʕe	b æ qʷˤ ʕ e	tigr1271	15.3359	38.9266	Afro-Asiatic	903
6236	3432_beuprootedplant	be uprooted (plant)	tigrinya	Tigrinya	fäläsä	fælæsæ	f æ l æ s æ	tigr1271	15.3359	38.9266	Afro-Asiatic	1964
3230	1579_bewretchedemaciated	be wretched, emaciated	hebrew	Modern Hebrew	ˁny	ʕnj	ʕ n j	hebr1245	31.1056	35.0179	Afro-Asiatic	1123
5784	3169_bean	bean	pws	West Semitic	*pūl-	puːl-	p uː l	west2786			Afro-Asiatic	1809
5785	3169_bean	bean	hebrew	Modern Hebrew	pōl	poːl	p oː l	hebr1245	31.1056	35.0179	Afro-Asiatic	1809
5787	3169_bean	bean	geez	Geez	ful	ful	f u l	geez1241	10.1342	40.6821	Afro-Asiatic	1809
5876	3169_bean	bean	pws	West Semitic	*bāḳil(l)ā-	baːqˤilaː-	b aː qˤ i l aː	west2786			Afro-Asiatic	1856
5877	3169_bean	bean	jewishbabylonianaramaic	Jewish Babylonian Aramaic (ca. 200-1200 CE)	bḳylˀ	bqˤjlʔ	b qˤ j l ʔ	jewi1240	32.273	44.245	Afro-Asiatic	1856
5878	3169_bean	bean	arabic	Arabic	bāqillā-	baːqillaː-	b aː q i l l aː	arab1395			Afro-Asiatic	1856
5879	3169_bean	bean	geez	Geez	bāḳelā	baːqˤelaː	b aː qˤ e l aː	geez1241	10.1342	40.6821	Afro-Asiatic	1856
5880	3169_bean	bean	amharic	Amharic	baḳela	baqˤela	b a qˤ e l a	amha1245	11.708182	39.543456	Afro-Asiatic	1856
5881	3169_bean	bean	harari	Harari	bāḳēla	baːqˤeːla	b aː qˤ eː l a	hara1271	9.30485	42.1332	Afro-Asiatic	1856
5882	3169_bean	bean	selti	Silt'e	bāḳēllä	baːqˤeːllæ	b aː qˤ eː l l æ	silt1240	7.77004	38.1449	Afro-Asiatic	1856
5883	3169_bean	bean	wolane	Wolane	baḳellä, baˀellä	baqˤellæ	b a qˤ e l l æ	wola1253	8.23	38.14	Afro-Asiatic	1856
5884	3169_bean	bean	zway	Zay	baḳela	baqˤela	b a qˤ e l a	zayy1238	8.01148	38.8258	Afro-Asiatic	1856
5885	3169_bean	bean	endegen	Endegegny	bāḳelä	baːqˤelæ	b aː qˤ e l æ	eneg1238			Afro-Asiatic	1856
5886	3169_bean	bean	masqan	Mesqan	baḳella, baˀilla	baqˤella	b a qˤ e l l a	mesq1240	8.10617	38.3386	Afro-Asiatic	1856
5887	3169_bean	bean	gogot	Kistane	baʔella	baʔella	b a ʔ e l l a	kist1241	8.33561	38.4763	Afro-Asiatic	1856
5786	3170_beans	beans	arabic	Arabic	fūl-	fuːl-	f uː l	arab1395			Afro-Asiatic	1809
348	231_beastwildanimal	beast, wild animal	amharic	Amharic	arwe	arwe	a r w e	amha1245	11.708182	39.543456	Afro-Asiatic	135
5482	2983_bedbugcastorbean	bed bug; castor bean	syriac	Classical Syriac	pešpūšā, pešpšā, pšīpšā	peʃpuːʃaː	p e ʃ p uː ʃ aː	clas1252	37.1129	42.1432	Afro-Asiatic	1648
5481	2982_bedbug	bedbug	hebrew	Modern Hebrew	pišpāš	piʃpaːʃ	p i ʃ p aː ʃ	hebr1245	31.1056	35.0179	Afro-Asiatic	1648
5483	2982_bedbug	bedbug	arabic	Arabic	fasfas-, fisfisat-	fasfas-	f a s f a s	arab1395			Afro-Asiatic	1648
5630	2982_bedbug	bedbug	pes	East Semitic	*tukʷān-	tukʷaːn-	t u kʷ aː n	east2678			Afro-Asiatic	1771
5632	2982_bedbug	bedbug	geez	Geez	təkʷān	təkʷaːn	t ə kʷ aː n	geez1241	10.1342	40.6821	Afro-Asiatic	1771
5633	2982_bedbug	bedbug	tigre	Tigre	təkān	təkaːn	t ə k aː n	tigr1270	17.3494	38.2233	Afro-Asiatic	1771
5634	2982_bedbug	bedbug	tigrinya	Tigrinya	təḵʷan	tək̠ʷan	t ə k̠ʷ a n	tigr1271	15.3359	38.9266	Afro-Asiatic	1771
5635	2982_bedbug	bedbug	amharic	Amharic	təkʷan, təhʷan	təkʷan	t ə kʷ a n	amha1245	11.708182	39.543456	Afro-Asiatic	1771
5636	2982_bedbug	bedbug	argobba	Argobba	tuhan, təḫuwan	tuhan	t u h a n	argo1244	10.6596	39.756	Afro-Asiatic	1771
5637	2982_bedbug	bedbug	harari	Harari	tuxān	tuxaːn	t u x aː n	hara1271	9.30485	42.1332	Afro-Asiatic	1771
5638	2982_bedbug	bedbug	selti	Silt'e	tuhān	tuhaːn	t u h aː n	silt1240	7.77004	38.1449	Afro-Asiatic	1771
5639	2982_bedbug	bedbug	wolane	Wolane	tuhan	tuhan	t u h a n	wola1253	8.23	38.14	Afro-Asiatic	1771
5640	2982_bedbug	bedbug	zway	Zay	tuhan	tuhan	t u h a n	zayy1238	8.01148	38.8258	Afro-Asiatic	1771
5641	2982_bedbug	bedbug	chaha	Chaha	təxar	təxar	t ə x a r	chah1248			Afro-Asiatic	1771
5642	2982_bedbug	bedbug	ezha	Ezha	təxar	təxar	t ə x a r	ezha1238			Afro-Asiatic	1771
5643	2982_bedbug	bedbug	endegen	Endegegny	tuhān	tuhaːn	t u h aː n	eneg1238			Afro-Asiatic	1771
5644	2982_bedbug	bedbug	ennemor	Inoric	təxā̃r	təxaː̃r	t ə x ãː r	inor1238	7.94883	37.7968	Afro-Asiatic	1771
5645	2982_bedbug	bedbug	gyeto	Gyeta	təxār	təxaːr	t ə x aː r	gyet1241			Afro-Asiatic	1771
5646	2982_bedbug	bedbug	muher	Muher	təxan, təxʷan	təxan	t ə x a n	muhe1234			Afro-Asiatic	1771
5647	2982_bedbug	bedbug	masqan	Mesqan	təhan	təhan	t ə h a n	mesq1240	8.10617	38.3386	Afro-Asiatic	1771
5648	2982_bedbug	bedbug	gogot	Kistane	təkan	təkan	t ə k a n	kist1241	8.33561	38.4763	Afro-Asiatic	1771
5649	2982_bedbug	bedbug	soddo	Soddo	təhan	təhan	t ə h a n	sodd1242			Afro-Asiatic	1771
5684	2982_bedbug	bedbug	syriac	Classical Syriac	ḳeṭṭōnā	qˤetˤtˤoːnaː	qˤ e tˤ tˤ oː n aː	clas1252	37.1129	42.1432	Afro-Asiatic	1783
1433	726_bee	bee	pws	West Semitic	*dVbr-	d-br-	d b r	west2786			Afro-Asiatic	665
1445	726_bee	bee	soqotri	Soqotri	édbeher	édbeher	é d b e h e r	soqo1240	12.4892	53.9168	Afro-Asiatic	665
87	61_beeswaxhoneycomb	beeswax, honeycomb	mehri	Mehri	ŝālēt	ɬaːleːt	ɬ aː l eː t	mehr1241	16.793	52.473	Afro-Asiatic	74
4360	2294_before	before	arabic	Arabic	qablu	qablu	q a b l u	arab1395			Afro-Asiatic	1276
5439	2294_before	before	qatabanian	Qatabanian	ḳbl	qˤbl	qˤ b l	qata1238	14.8	45.733333	Afro-Asiatic	1589
5437	2955_beforeoftime	before (of time)	sabaic	Sabaic	b-ḳbl	b-qˤbl	b qˤ b l	saba1279	15.42	45.35	Afro-Asiatic	1589
5431	2951_beforeinfrontofoppositeto	before, in front of, opposite to	pws	West Semitic	*ḳVbl	qˤ-bl	qˤ b l	west2786			Afro-Asiatic	1589
5432	2952_beforeoppositeaccordingto	before; opposite; according to	officialaramaic	Middle-Modern Aramaic	ḳbl	qˤbl	qˤ b l	midd1367			Afro-Asiatic	1589
5433	2952_beforeoppositeaccordingto	before; opposite; according to	palmyrean	Palmyrene	ḳbl	qˤbl	qˤ b l	palm1242			Afro-Asiatic	1589
4120	2132_behindoutoffor	behind, out of, for	hebrew	Modern Hebrew	baˁad	baʕad	b a ʕ a d	hebr1245	31.1056	35.0179	Afro-Asiatic	1249
4119	2131_behindtofor	behind; to, for	ugaritic	Ugaritic	bˁd	bʕd	b ʕ d	ugar1238	35.6	35.78	Afro-Asiatic	1249
2827	1354_beinghumpbacked	being humpbacked	tigre	Tigre	dəbəs	dəbəs	d ə b ə s	tigr1270	17.3494	38.2233	Afro-Asiatic	1016
481	295_believe	believe	argobba	Argobba	ˀammɛn	ʔammɛn	ʔ a m m ɛ n	argo1244	10.6596	39.756	Afro-Asiatic	187
482	296_believetrust	believe, trust	selti	Silt'e	amänä	amænæ	a m æ n æ	silt1240	7.77004	38.1449	Afro-Asiatic	187
483	296_believetrust	believe, trust	wolane	Wolane	amänä	amænæ	a m æ n æ	wola1253	8.23	38.14	Afro-Asiatic	187
484	296_believetrust	believe, trust	chaha	Chaha	amärä	amæræ	a m æ r æ	chah1248			Afro-Asiatic	187
485	296_believetrust	believe, trust	ezha	Ezha	ammärä	ammæræ	a m m æ r æ	ezha1238			Afro-Asiatic	187
486	296_believetrust	believe, trust	endegen	Endegegny	ammärä	ammæræ	a m m æ r æ	eneg1238			Afro-Asiatic	187
487	296_believetrust	believe, trust	ennemor	Inoric	amärä	amæræ	a m æ r æ	inor1238	7.94883	37.7968	Afro-Asiatic	187
488	296_believetrust	believe, trust	gyeto	Gyeta	amärä	amæræ	a m æ r æ	gyet1241			Afro-Asiatic	187
489	296_believetrust	believe, trust	muher	Muher	ammänä	ammænæ	a m m æ n æ	muhe1234			Afro-Asiatic	187
490	296_believetrust	believe, trust	masqan	Mesqan	ammänä	ammænæ	a m m æ n æ	mesq1240	8.10617	38.3386	Afro-Asiatic	187
491	296_believetrust	believe, trust	gogot	Kistane	ammänä	ammænæ	a m m æ n æ	kist1241	8.33561	38.4763	Afro-Asiatic	187
492	296_believetrust	believe, trust	soddo	Soddo	ammänä	ammænæ	a m m æ n æ	sodd1242			Afro-Asiatic	187
1636	840_belly	belly	pcs	Central Semitic	*baṭn-	batˤn-	b a tˤ n	cent2236			Afro-Asiatic	723
1637	840_belly	belly	amarnacanaanite	Canaanite	baṭnu	batˤnu	b a tˤ n u	cana1267			Afro-Asiatic	723
1638	840_belly	belly	hebrew	Modern Hebrew	bäṭän (suff. biṭn­)	bætˤæn	b æ tˤ æ n	hebr1245	31.1056	35.0179	Afro-Asiatic	723
1639	840_belly	belly	officialaramaic	Middle-Modern Aramaic	bṭn	btˤn	b tˤ n	midd1367			Afro-Asiatic	723
1640	840_belly	belly	biblicalaramaic	Imperial Aramaic (700-300 BCE)	biṭnā	bitˤnaː	b i tˤ n aː	impe1235	33.905	42.185	Afro-Asiatic	723
1641	840_belly	belly	arabic	Arabic	baṭn-	batˤn-	b a tˤ n	arab1395			Afro-Asiatic	723
1642	840_belly	belly	tigre	Tigre	bäṭən	bætˤən	b æ tˤ ə n	tigr1270	17.3494	38.2233	Afro-Asiatic	723
603	370_belowdownthere	below, down there	amharic	Amharic	tačč	tačč	t a č č	amha1245	11.708182	39.543456	Afro-Asiatic	255
594	363_belowunder	below, under	syriac	Classical Syriac	tḥet	tħet	t ħ e t	clas1252	37.1129	42.1432	Afro-Asiatic	255
600	363_belowunder	below, under	geez	Geez	tāḥta	taːħta	t aː ħ t a	geez1241	10.1342	40.6821	Afro-Asiatic	255
587	361_belowunderneathwhatislocatedundemeath	below, underneath; what is located undemeath	hebrew	Modern Hebrew	taḥat	taħat	t a ħ a t	hebr1245	31.1056	35.0179	Afro-Asiatic	255
597	366_beneathbelow	beneath, below	sabaic	Sabaic	tḥt	tħt	t ħ t	saba1279	15.42	45.35	Afro-Asiatic	255
596	365_beneathbelowunder	beneath, below, under	arabic	Arabic	taḥta	taħta	t a ħ t a	arab1395			Afro-Asiatic	255
595	364_beneathunderunderneathbelow	beneath, under, underneath, below	mandaic	Classical Mandaic	atutia, tutia	atutia	a t u t i a	clas1253	36.1203	49.5659	Afro-Asiatic	255
5183	2804_benevolent	benevolent	ugaritic	Ugaritic	lṭpn	ltˤpn	l tˤ p n	ugar1238	35.6	35.78	Afro-Asiatic	1410
2360	1102_bereveament	bereveament	syriac	Classical Syriac	tkālā	tkaːlaː	t k aː l aː	clas1252	37.1129	42.1432	Afro-Asiatic	922
4168	2160_between	between	pws	West Semitic	*bayna	bajna	b a j n a	west2786			Afro-Asiatic	1253
4169	2160_between	between	ebla	Eblaite	ba-na	ba-na	b a n a	ebla1238	35.798	36.798	Afro-Asiatic	1253
4172	2160_between	between	hebrew	Modern Hebrew	bēn	beːn	b eː n	hebr1245	31.1056	35.0179	Afro-Asiatic	1253
4173	2160_between	between	hebrew	Modern Hebrew	bayit	bajit	b a j i t	hebr1245	31.1056	35.0179	Afro-Asiatic	1253
4176	2160_between	between	palmyrean	Palmyrene	bynwt	bjnwt	b j n w t	palm1242			Afro-Asiatic	1253
4178	2160_between	between	nabataean	Nabatean	bny	bnj	b n j	naba1259			Afro-Asiatic	1253
4179	2160_between	between	jewishpalestinianaramaic	Jewish Palestinian Aramaic	bēn	beːn	b eː n	pale1261			Afro-Asiatic	1253
4180	2160_between	between	christianpalestinianaramaic	Christian Palestinian Aramaic	byn	bjn	b j n	chri1239			Afro-Asiatic	1253
4181	2160_between	between	jewishbabylonianaramaic	Jewish Babylonian Aramaic (ca. 200-1200 CE)	bēnē	beːneː	b eː n eː	jewi1240	32.273	44.245	Afro-Asiatic	1253
4182	2160_between	between	syriac	Classical Syriac	baynay	bajnaj	b a j n a j	clas1252	37.1129	42.1432	Afro-Asiatic	1253
4187	2160_between	between	qatabanian	Qatabanian	byn	bjn	b j n	qata1238	14.8	45.733333	Afro-Asiatic	1253
4188	2160_between	between	geez	Geez	bayna	bajna	b a j n a	geez1241	10.1342	40.6821	Afro-Asiatic	1253
4189	2160_between	between	tigre	Tigre	əb-bäyən	əb-bæjən	ə b b æ j ə n	tigr1270	17.3494	38.2233	Afro-Asiatic	1253
4190	2160_between	between	mehri	Mehri	əm-mɛn	əm-mɛn	ə m m ɛ n	mehr1241	16.793	52.473	Afro-Asiatic	1253
4191	2160_between	between	jibbali	Jibbali	mən mun	mən	m ə n	sheh1240	17.29154	53.99526	Afro-Asiatic	1253
4192	2160_between	between	harsusi	Harsusi	bēn	beːn	b eː n	hars1241	19.6511	56.1562	Afro-Asiatic	1253
4193	2160_between	between	soqotri	Soqotri	bin	bin	b i n	soqo1240	12.4892	53.9168	Afro-Asiatic	1253
4184	2164_betweenamidstamong	between, amidst, among	arabic	Arabic	bayna	bajna	b a j n a	arab1395			Afro-Asiatic	1253
4170	2161_betweenamong	between, among	ugaritic	Ugaritic	bn	bn	b n	ugar1238	35.6	35.78	Afro-Asiatic	1253
4185	2161_betweenamong	between, among	sabaic	Sabaic	b(y)n	bn	b n	saba1279	15.42	45.35	Afro-Asiatic	1253
4171	2162_betweenamonginthemidstofinduringwithin	between, among, in the midst of, in; during, within	phoenician	Phoenician	bn	bn	b n	phoe1239	34.12	35.65	Afro-Asiatic	1253
4174	2162_betweenamonginthemidstofinduringwithin	between, among, in the midst of, in; during, within	oldaramaic	Old Aramaic (up to 700 BCE)	bny	bnj	b n j	olda1246			Afro-Asiatic	1253
4175	2162_betweenamonginthemidstofinduringwithin	between, among, in the midst of, in; during, within	officialaramaic	Middle-Modern Aramaic	byn	bjn	b j n	midd1367			Afro-Asiatic	1253
4177	2162_betweenamonginthemidstofinduringwithin	between, among, in the midst of, in; during, within	palmyrean	Palmyrene	byny	bjnj	b j n j	palm1242			Afro-Asiatic	1253
4183	2163_betweenbetwixt	between, betwixt	mandaic	Classical Mandaic	binat, binia, bit, abinia	binat	b i n a t	clas1253	36.1203	49.5659	Afro-Asiatic	1253
1359	705_bigbird	big bird	mehri	Mehri	nōhər	noːhər	n oː h ə r	mehr1241	16.793	52.473	Afro-Asiatic	643
763	450_biglarge	big, large	oldaramaic	Old Aramaic (up to 700 BCE)	rbrb	rbrb	r b r b	olda1246			Afro-Asiatic	355
5470	2971_biglongsnake	big, long snake	jibbali	Jibbali	hɔ̄t	hɔ̄t	h ɔ̄ t	sheh1240	17.29154	53.99526	Afro-Asiatic	1622
4223	2183_bigthickcoarse	big, thick, coarse	arabic	Arabic	ǯabl-	gabl-	g a b l	arab1395			Afro-Asiatic	1257
165	117_bird	bird	phoenician	Phoenician	ṣpr	sˤpr	sˤ p r	phoe1239	34.12	35.65	Afro-Asiatic	106
170	117_bird	bird	jewishpalestinianaramaic	Jewish Palestinian Aramaic	ṣypr	sˤjpr	sˤ j p r	pale1261			Afro-Asiatic	106
172	117_bird	bird	samaritan	Samaritan	ṣpr, ṣpyr, ṣpwr, ṣprh	sˤpr	sˤ p r	sama1313	32.0817	35.4487	Afro-Asiatic	106
175	117_bird	bird	syriac	Classical Syriac	ṣeprā	sˤepraː	sˤ e p r aː	clas1252	37.1129	42.1432	Afro-Asiatic	106
181	117_bird	bird	jibbali	Jibbali	ṣeﬁrót	sˤefirót	sˤ e f i r ó t	sheh1240	17.29154	53.99526	Afro-Asiatic	106
189	117_bird	bird	jewishbabylonianaramaic	Jewish Babylonian Aramaic (ca. 200-1200 CE)	pāraḥtā	paːraħtaː	p aː r a ħ t aː	jewi1240	32.273	44.245	Afro-Asiatic	108
398	117_bird	bird	pws	West Semitic	*ˁawp-	ʕawp-	ʕ a w p	west2786			Afro-Asiatic	158
399	117_bird	bird	ugaritic	Ugaritic	ˁp	ʕp	ʕ p	ugar1238	35.6	35.78	Afro-Asiatic	158
401	117_bird	bird	hebrew	Modern Hebrew	ˁōp	ʕoːp	ʕ oː p	hebr1245	31.1056	35.0179	Afro-Asiatic	158
402	117_bird	bird	biblicalaramaic	Imperial Aramaic (700-300 BCE)	ˁōp	ʕoːp	ʕ oː p	impe1235	33.905	42.185	Afro-Asiatic	158
403	117_bird	bird	jewishpalestinianaramaic	Jewish Palestinian Aramaic	ˁōp	ʕoːp	ʕ oː p	pale1261			Afro-Asiatic	158
404	117_bird	bird	samaritan	Samaritan	ˁwp	ʕwp	ʕ w p	sama1313	32.0817	35.4487	Afro-Asiatic	158
406	117_bird	bird	syriac	Classical Syriac	ˁawpā	ʕawpaː	ʕ a w p aː	clas1252	37.1129	42.1432	Afro-Asiatic	158
408	117_bird	bird	geez	Geez	ˁof	ʕof	ʕ o f	geez1241	10.1342	40.6821	Afro-Asiatic	158
410	117_bird	bird	tigrinya	Tigrinya	ˁuf, ˁof, ˁif	ʕuf	ʕ u f	tigr1271	15.3359	38.9266	Afro-Asiatic	158
411	117_bird	bird	amharic	Amharic	wof, wäf	wof	w o f	amha1245	11.708182	39.543456	Afro-Asiatic	158
413	117_bird	bird	harari	Harari	ūf	uːf	uː f	hara1271	9.30485	42.1332	Afro-Asiatic	158
425	117_bird	bird	soddo	Soddo	wof	wof	w o f	sodd1242			Afro-Asiatic	158
190	132_birdeasterndialdovebirds	bird (eastern dial.); dove, birds	syriac	Classical Syriac	pāraḥtā	paːraħtaː	p aː r a ħ t aː	clas1252	37.1129	42.1432	Afro-Asiatic	108
180	126_birdotherthanbirdofprey	bird (other than bird of prey)	arabic	Arabic	ṣāfir-	sˤaːfir-	sˤ aː f i r	arab1395			Afro-Asiatic	106
1347	699_birdofpreyeagleorfalconconventionally	bird of prey; eagle or falcon (conventionally)	ugaritic	Ugaritic	nšr	nʃr	n ʃ r	ugar1238	35.6	35.78	Afro-Asiatic	643
191	133_birdsfowl	bird(s), fowl	mandaic	Classical Mandaic	pura	pura	p u r a	clas1253	36.1203	49.5659	Afro-Asiatic	108
173	122_birdfowl	bird, fowl	jewishbabylonianaramaic	Jewish Babylonian Aramaic (ca. 200-1200 CE)	ṣipprā, ṣypwrˀ	sˤippraː	sˤ i p p r aː	jewi1240	32.273	44.245	Afro-Asiatic	106
174	122_birdfowl	bird, fowl	jewishbabylonianaramaic	Jewish Babylonian Aramaic (ca. 200-1200 CE)	ṣipronā	sˤipronaː	sˤ i p r o n aː	jewi1240	32.273	44.245	Afro-Asiatic	106
405	122_birdfowl	bird, fowl	jewishbabylonianaramaic	Jewish Babylonian Aramaic (ca. 200-1200 CE)	ˁōpā	ʕoːpaː	ʕ oː p aː	jewi1240	32.273	44.245	Afro-Asiatic	158
168	120_birdspecialbirdsparrow	bird; special bird, sparrow	officialaramaic	Middle-Modern Aramaic	ṣnpr	sˤnpr	sˤ n p r	midd1367			Afro-Asiatic	106
1349	701_birdsofprey	birds of prey	deiralla	Canaanite	nšr(t)	nʃr	n ʃ r	cana1267			Afro-Asiatic	643
5682	3109_bitinginsectsbugs	biting insects, bugs	harsusi	Harsusi	ḳerūṣ	qˤeruːsˤ	qˤ e r uː sˤ	hars1241	19.6511	56.1562	Afro-Asiatic	1781
1119	607_black	black	arabic	Arabic	ˀasḥam-	ʔasħam-	ʔ a s ħ a m	arab1395			Afro-Asiatic	578
6558	607_black	black	hebrew	Modern Hebrew	šāḥōr	ʃaːħoːr	ʃ aː ħ oː r	hebr1245	31.1056	35.0179	Afro-Asiatic	2101
297	183_blackfetidmudsoftearthhotashes	black fetid mud; soft earth; hot ashes	arabic	Arabic	ḥāl-	ħaːl-	ħ aː l	arab1395			Afro-Asiatic	127
6562	3662_blackhorsewithwhitespotsblackishlightdark	black horse with white spots; blackish; lightdark	selti	Silt'e	šire	ʃire	ʃ i r e	silt1240	7.77004	38.1449	Afro-Asiatic	2101
6563	3662_blackhorsewithwhitespotsblackishlightdark	black horse with white spots; blackish; lightdark	wolane	Wolane	šire	ʃire	ʃ i r e	wola1253	8.23	38.14	Afro-Asiatic	2101
6564	3662_blackhorsewithwhitespotsblackishlightdark	black horse with white spots; blackish; lightdark	endegen	Endegegny	šīreˀ	ʃiːreʔ	ʃ iː r e ʔ	eneg1238			Afro-Asiatic	2101
6565	3662_blackhorsewithwhitespotsblackishlightdark	black horse with white spots; blackish; lightdark	muher	Muher	šärä	ʃæræ	ʃ æ r æ	muhe1234			Afro-Asiatic	2101
6566	3662_blackhorsewithwhitespotsblackishlightdark	black horse with white spots; blackish; lightdark	masqan	Mesqan	šire	ʃire	ʃ i r e	mesq1240	8.10617	38.3386	Afro-Asiatic	2101
6567	3662_blackhorsewithwhitespotsblackishlightdark	black horse with white spots; blackish; lightdark	gogot	Kistane	šire	ʃire	ʃ i r e	kist1241	8.33561	38.4763	Afro-Asiatic	2101
6568	3662_blackhorsewithwhitespotsblackishlightdark	black horse with white spots; blackish; lightdark	soddo	Soddo	šəre	ʃəre	ʃ ə r e	sodd1242			Afro-Asiatic	2101
5251	2857_blackmud	black mud	arabic	Arabic	ṯaˀṭat-	θaʔtˤat-	θ a ʔ tˤ a t	arab1395			Afro-Asiatic	1433
6309	3482_bladderofafish	bladder (of a fish)	jewishbabylonianaramaic	Jewish Babylonian Aramaic (ca. 200-1200 CE)	šilpūḥā	ʃilpuːħaː	ʃ i l p uː ħ aː	jewi1240	32.273	44.245	Afro-Asiatic	1980
6307	3480_bladderinflatedorgan	bladder, inflated organ	pcs	Central Semitic	*šalpūḥ(-at)-	ʃalpuːħ-	ʃ a l p uː ħ	cent2236			Afro-Asiatic	1980
2492	1145_blind	blind	phoenician	Phoenician	ˁwr	ʕwr	ʕ w r	phoe1239	34.12	35.65	Afro-Asiatic	938
2493	1145_blind	blind	hebrew	Modern Hebrew	ˁiwwēr	ʕiwweːr	ʕ i w w eː r	hebr1245	31.1056	35.0179	Afro-Asiatic	938
2496	1145_blind	blind	syriac	Classical Syriac	ˁwārā, ˁwīrā	ʕwaːraː	ʕ w aː r aː	clas1252	37.1129	42.1432	Afro-Asiatic	938
2497	1145_blind	blind	mandaic	Classical Mandaic	ˁuira	ʕuira	ʕ u i r a	clas1253	36.1203	49.5659	Afro-Asiatic	938
2503	1145_blind	blind	argobba	Argobba	ǝwwǝr	ǝwwǝr	ə w w ə r	argo1244	10.6596	39.756	Afro-Asiatic	938
2504	1145_blind	blind	selti	Silt'e	ūr	uːr	uː r	silt1240	7.77004	38.1449	Afro-Asiatic	938
2491	1144_blindman	blind man	ugaritic	Ugaritic	ˁwr	ʕwr	ʕ w r	ugar1238	35.6	35.78	Afro-Asiatic	938
6523	3626_blockthemouthofsomeone	block the mouth of someone	gogot	Kistane	effänä	effænæ	e f f æ n æ	kist1241	8.33561	38.4763	Afro-Asiatic	2073
4875	2577_blood	blood	pws	West Semitic	*zam-	zam-	z a m	west2786			Afro-Asiatic	1342
4877	2577_blood	blood	geez	Geez	zam	zam	z a m	geez1241	10.1342	40.6821	Afro-Asiatic	1342
6084	3349_bloodrevenge	blood revenge	sabaic	Sabaic	ṯˀr	θʔr	θ ʔ r	saba1279	15.42	45.35	Afro-Asiatic	1929
5528	3013_blossomflower	blossom, flower	jewishpalestinianaramaic	Jewish Palestinian Aramaic	prḥ	prħ	p r ħ	pale1261			Afro-Asiatic	1743
2512	1155_blamerreleverlesdefautslesvicesdequelquuncommettreuneactionblamabletoblametopointoutthefaultsthevicesofsomeonetocommitablameworthyaction	blâmer, relever les défauts, les vices de quelqu'un; commettre une action blâmable (to blame, to point out the faults, the vices of someone; to commit a blameworthy action)	arabic	Arabic	ḏmm	ðmm	ð m m	arab1395			Afro-Asiatic	941
67	45_body	body	arabic	Arabic	ǯirm-	girm-	g i r m	arab1395			Afro-Asiatic	45
3123	45_body	body	jewishpalestinianaramaic	Jewish Palestinian Aramaic	gwp	gwp	g w p	pale1261			Afro-Asiatic	1101
69	47_bodyofanimal	body (of animal)	sabaic	Sabaic	grm	grm	g r m	saba1279	15.42	45.35	Afro-Asiatic	45
1181	633_bodyhair	body hair	amharic	Amharic	ṭägʷər, ṭägur, č̣əgär	tˤægʷər	tˤ æ gʷ ə r	amha1245	11.708182	39.543456	Afro-Asiatic	588
1182	633_bodyhair	body hair	argobba	Argobba	č̣əgär	č̣əgær	č̣ ə g æ r	argo1244	10.6596	39.756	Afro-Asiatic	588
1183	633_bodyhair	body hair	harari	Harari	č̣igär	č̣igær	č̣ i g æ r	hara1271	9.30485	42.1332	Afro-Asiatic	588
1184	633_bodyhair	body hair	selti	Silt'e	ṭigär	tˤigær	tˤ i g æ r	silt1240	7.77004	38.1449	Afro-Asiatic	588
1185	633_bodyhair	body hair	wolane	Wolane	č̣əgär	č̣əgær	č̣ ə g æ r	wola1253	8.23	38.14	Afro-Asiatic	588
1186	633_bodyhair	body hair	gafat	Gafat	ṣəgärä, ṣägurä, ṣägur	sˤəgæræ	sˤ ə g æ r æ	gafa1240	11.5764	39.5605	Afro-Asiatic	588
1187	633_bodyhair	body hair	chaha	Chaha	dəgär	dəgær	d ə g æ r	chah1248			Afro-Asiatic	588
1188	633_bodyhair	body hair	ezha	Ezha	dəgär	dəgær	d ə g æ r	ezha1238			Afro-Asiatic	588
1189	633_bodyhair	body hair	endegen	Endegegny	dəgär	dəgær	d ə g æ r	eneg1238			Afro-Asiatic	588
1190	633_bodyhair	body hair	ennemor	Inoric	dəgär	dəgær	d ə g æ r	inor1238	7.94883	37.7968	Afro-Asiatic	588
1191	633_bodyhair	body hair	gyeto	Gyeta	dəgär	dəgær	d ə g æ r	gyet1241			Afro-Asiatic	588
1192	633_bodyhair	body hair	muher	Muher	dəgär	dəgær	d ə g æ r	muhe1234			Afro-Asiatic	588
1193	633_bodyhair	body hair	masqan	Mesqan	dəgär	dəgær	d ə g æ r	mesq1240	8.10617	38.3386	Afro-Asiatic	588
1194	633_bodyhair	body hair	gogot	Kistane	dəgär	dəgær	d ə g æ r	kist1241	8.33561	38.4763	Afro-Asiatic	588
1195	633_bodyhair	body hair	soddo	Soddo	č̣əgär	č̣əgær	č̣ ə g æ r	sodd1242			Afro-Asiatic	588
359	236_bodyespback	body, esp. back	hebrew	Modern Hebrew	gab	gab	g a b	hebr1245	31.1056	35.0179	Afro-Asiatic	140
3978	2039_bodyside	body, side	mehri	Mehri	dəf(f)ēt	dəfeːt	d ə f eː t	mehr1241	16.793	52.473	Afro-Asiatic	1227
3979	2039_bodyside	body, side	harsusi	Harsusi	deffét	deffét	d e f f é t	hars1241	19.6511	56.1562	Afro-Asiatic	1227
360	237_bodytrunk	body, trunk	jewishbabylonianaramaic	Jewish Babylonian Aramaic (ca. 200-1200 CE)	gōb, gūb	goːb	g oː b	jewi1240	32.273	44.245	Afro-Asiatic	140
364	241_bodytrunkthickness	body, trunk; thickness	mandaic	Classical Mandaic	guba	guba	g u b a	clas1253	36.1203	49.5659	Afro-Asiatic	140
57	38_bodybone	body; bone	pws	West Semitic	*gVrm-	g-rm-	g r m	west2786			Afro-Asiatic	45
3127	1504_bodyinteriorheartsoul	body; interior, heart, soul	tigre	Tigre	gof	gof	g o f	tigr1270	17.3494	38.2233	Afro-Asiatic	1101
3125	1502_bodyselftheprevioussubject	body; self; the previous subject	jewishbabylonianaramaic	Jewish Babylonian Aramaic (ca. 200-1200 CE)	gūpā	guːpaː	g uː p aː	jewi1240	32.273	44.245	Afro-Asiatic	1101
58	39_bone	bone	hebrew	Modern Hebrew	gäräm	gæræm	g æ r æ m	hebr1245	31.1056	35.0179	Afro-Asiatic	45
59	39_bone	bone	officialaramaic	Middle-Modern Aramaic	grm (in grmyk, pl. suff. 2sg.)	grm	g r m	midd1367			Afro-Asiatic	45
60	39_bone	bone	jewishpalestinianaramaic	Jewish Palestinian Aramaic	gräm	græm	g r æ m	pale1261			Afro-Asiatic	45
1695	879_boneoftheshank	bone of the shank	arabic	Arabic	ˁaṣan	ʕasˤan	ʕ a sˤ a n	arab1395			Afro-Asiatic	733
61	40_boneself	bone, self	jewishbabylonianaramaic	Jewish Babylonian Aramaic (ca. 200-1200 CE)	garmā	garmaː	g a r m aː	jewi1240	32.273	44.245	Afro-Asiatic	45
62	41_bonecrabshell	bone; crab shell	syriac	Classical Syriac	garmā	garmaː	g a r m aː	clas1252	37.1129	42.1432	Afro-Asiatic	45
63	42_boneknuckle	bone; knuckle	mandaic	Classical Mandaic	girma	girma	g i r m a	clas1253	36.1203	49.5659	Afro-Asiatic	45
5070	2718_borddupieddelamain	bord (du pied, de la main)	soqotri	Soqotri	ṭáfaḥ	tˤáfaħ	tˤ á f a ħ	soqo1240	12.4892	53.9168	Afro-Asiatic	1371
6106	3359_bosombreast	bosom, breast	pcs	Central Semitic	*nagd-	nagd-	n a g d	cent2236			Afro-Asiatic	1934
1678	863_bosomlap	bosom, lap	ugaritic	Ugaritic	ḫé-ḳu	xé-qˤu	x é qˤ u	ugar1238	35.6	35.78	Afro-Asiatic	728
1665	854_bosompartbeneaththearmpit	bosom, part beneath the armpit	arabic	Arabic	ḥiḍn-	ħidˤn-	ħ i dˤ n	arab1395			Afro-Asiatic	727
1666	855_bosomwomblaparmpitmidst	bosom, womb, lap, armpit; midst	geez	Geez	ḥəṣ̂n	ħəɬˤn	ħ ə ɬˤ n	geez1241	10.1342	40.6821	Afro-Asiatic	727
6382	3537_boundarystone	boundary stone	arabic	Arabic	wakab-	wakab-	w a k a b	arab1395			Afro-Asiatic	2014
394	263_bountyblessing	bounty, blessing	harari	Harari	niˀmät	niʔmæt	n i ʔ m æ t	hara1271	9.30485	42.1332	Afro-Asiatic	151
1206	640_bovineslargecattleheadofcattle	bovines, large cattle; head of cattle	sabaic	Sabaic	bḳr	bqˤr	b qˤ r	saba1279	15.42	45.35	Afro-Asiatic	593
1529	773_bowstring	bowstring	mandaic	Classical Mandaic	iatira	iatira	i a t i r a	clas1253	36.1203	49.5659	Afro-Asiatic	694
656	406_boy	boy	ebla	Eblaite	ḫa-la-mi-im /γalm-im/	xa-la-mi-im	x a l a m i i m	ebla1238	35.798	36.798	Afro-Asiatic	295
1231	406_boy	boy	jewishbabylonianaramaic	Jewish Babylonian Aramaic (ca. 200-1200 CE)	ṭalyā	tˤaljaː	tˤ a l j aː	jewi1240	32.273	44.245	Afro-Asiatic	602
655	405_boyyoungman	boy, young man	pcs	Central Semitic	*γalm-	ɣalm-	ɣ a l m	cent2236			Afro-Asiatic	295
660	405_boyyoungman	boy, young man	sabaic	Sabaic	γlm	ɣlm	ɣ l m	saba1279	15.42	45.35	Afro-Asiatic	295
1233	653_boyyouth	boy, youth	mandaic	Classical Mandaic	ṭalia	tˤalia	tˤ a l i a	clas1253	36.1203	49.5659	Afro-Asiatic	602
657	407_boyyouthprince	boy, youth; prince	ugaritic	Ugaritic	γlm	ɣlm	ɣ l m	ugar1238	35.6	35.78	Afro-Asiatic	295
1822	921_brain	brain	pws	West Semitic	*maˁmaˁ-	maʕmaʕ-	m a ʕ m a ʕ	west2786			Afro-Asiatic	805
1823	921_brain	brain	ugaritic	Ugaritic	mmˁ	mmʕ	m m ʕ	ugar1238	35.6	35.78	Afro-Asiatic	805
1825	921_brain	brain	mehri	Mehri	mēma	meːma	m eː m a	mehr1241	16.793	52.473	Afro-Asiatic	805
1826	921_brain	brain	jibbali	Jibbali	maˁ	maʕ	m a ʕ	sheh1240	17.29154	53.99526	Afro-Asiatic	805
1827	921_brain	brain	harsusi	Harsusi	māmā	maːmaː	m aː m aː	hars1241	19.6511	56.1562	Afro-Asiatic	805
1828	921_brain	brain	soqotri	Soqotri	mímaˁ	mímaʕ	m í m a ʕ	soqo1240	12.4892	53.9168	Afro-Asiatic	805
3071	921_brain	brain	arabic	Arabic	dimāγ-	dimaːɣ-	d i m aː ɣ	arab1395			Afro-Asiatic	1092
1824	922_brainofthehorsemembranethatsurroundsthebrain	brain (of the horse); membrane that surrounds the brain	arabic	Arabic	naˁāmat-	naʕaːmat-	n a ʕ aː m a t	arab1395			Afro-Asiatic	805
5021	2683_bramblebushzizyphuslotus	bramble bush (Zizyphus Lotus)	hebrew	Modern Hebrew	ṣäˀälīm	sˤæʔæliːm	sˤ æ ʔ æ l iː m	hebr1245	31.1056	35.0179	Afro-Asiatic	1363
2102	1009_branchstick	branch, stick	pes	East Semitic	*batr-	batr-	b a t r	east2678			Afro-Asiatic	883
2103	1010_branchstickrod	branch, stick, rod	geez	Geez	batr	batr	b a t r	geez1241	10.1342	40.6821	Afro-Asiatic	883
2104	1010_branchstickrod	branch, stick, rod	tigre	Tigre	bätər	bætər	b æ t ə r	tigr1270	17.3494	38.2233	Afro-Asiatic	883
2105	1010_branchstickrod	branch, stick, rod	tigrinya	Tigrinya	bätri	bætri	b æ t r i	tigr1271	15.3359	38.9266	Afro-Asiatic	883
2106	1010_branchstickrod	branch, stick, rod	amharic	Amharic	bättər	bættər	b æ t t ə r	amha1245	11.708182	39.543456	Afro-Asiatic	883
2107	1010_branchstickrod	branch, stick, rod	amharic	Amharic	bättər	bættər	b æ t t ə r	amha1245	11.708182	39.543456	Afro-Asiatic	883
2108	1010_branchstickrod	branch, stick, rod	harari	Harari	bärti	bærti	b æ r t i	hara1271	9.30485	42.1332	Afro-Asiatic	883
2109	1010_branchstickrod	branch, stick, rod	selti	Silt'e	bärt	bært	b æ r t	silt1240	7.77004	38.1449	Afro-Asiatic	883
2110	1010_branchstickrod	branch, stick, rod	wolane	Wolane	bärt	bært	b æ r t	wola1253	8.23	38.14	Afro-Asiatic	883
2111	1010_branchstickrod	branch, stick, rod	zway	Zay	bärt	bært	b æ r t	zayy1238	8.01148	38.8258	Afro-Asiatic	883
2112	1010_branchstickrod	branch, stick, rod	soddo	Soddo	bättər	bættər	b æ t t ə r	sodd1242			Afro-Asiatic	883
2113	1010_branchstickrod	branch, stick, rod	soddo	Soddo	bättər	bættər	b æ t t ə r	sodd1242			Afro-Asiatic	883
5013	2675_branchtwig	branch, twig	syriac	Classical Syriac	sawkā	sawkaː	s a w k aː	clas1252	37.1129	42.1432	Afro-Asiatic	1361
5011	2674_branchestwigs	branches, twigs	hebrew	Modern Hebrew	ŝōk	ɬoːk	ɬ oː k	hebr1245	31.1056	35.0179	Afro-Asiatic	1361
383	255_bread	bread	hebrew	Modern Hebrew	läḥäm	læħæm	l æ ħ æ m	hebr1245	31.1056	35.0179	Afro-Asiatic	149
384	255_bread	bread	syriac	Classical Syriac	laḥmā	laħmaː	l a ħ m aː	clas1252	37.1129	42.1432	Afro-Asiatic	149
381	253_breadfood	bread, food	pcs	Central Semitic	*laḥm-	laħm-	l a ħ m	cent2236			Afro-Asiatic	149
4635	2458_breadth	breadth	sabaic	Sabaic	rḥb	rħb	r ħ b	saba1279	15.42	45.35	Afro-Asiatic	1302
5626	3077_breakofdawn	break (of dawn)	moabite	Moabite	bḳˁ	bqˤʕ	b qˤ ʕ	moab1234			Afro-Asiatic	1770
4574	2424_breakintosmallpieces	break into small pieces	soqotri	Soqotri	enfέtit	enfɛtit	e n f ɛ t i t	soqo1240	12.4892	53.9168	Afro-Asiatic	1295
4563	2420_breakoffapiecefracturecrush	break off a piece, fracture, crush	geez	Geez	fatata	fatata	f a t a t a	geez1241	10.1342	40.6821	Afro-Asiatic	1295
282	173_breast	breast	pws	West Semitic	*ḥaḏVy-	ħað-j-	ħ a ð j	west2786			Afro-Asiatic	122
283	173_breast	breast	hebrew	Modern Hebrew	ḥāzǟ	ħaːzæː	ħ aː z æː	hebr1245	31.1056	35.0179	Afro-Asiatic	122
286	173_breast	breast	syriac	Classical Syriac	ḥadyā	ħadjaː	ħ a d j aː	clas1252	37.1129	42.1432	Afro-Asiatic	122
1610	173_breast	breast	jewishpalestinianaramaic	Jewish Palestinian Aramaic	td	td	t d	pale1261			Afro-Asiatic	718
1611	173_breast	breast	jewishbabylonianaramaic	Jewish Babylonian Aramaic (ca. 200-1200 CE)	taddā	taddaː	t a d d aː	jewi1240	32.273	44.245	Afro-Asiatic	718
1612	173_breast	breast	syriac	Classical Syriac	tdā	tdaː	t d aː	clas1252	37.1129	42.1432	Afro-Asiatic	718
1613	173_breast	breast	arabic	Arabic	ṯady-	θadj-	θ a d j	arab1395			Afro-Asiatic	718
1616	173_breast	breast	harsusi	Harsusi	ṯōdi	θoːdi	θ oː d i	hars1241	19.6511	56.1562	Afro-Asiatic	718
1620	173_breast	breast	syriac	Classical Syriac	nāˁā	naːʕaː	n aː ʕ aː	clas1252	37.1129	42.1432	Afro-Asiatic	719
1628	173_breast	breast	ugaritic	Ugaritic	bz	bz	b z	ugar1238	35.6	35.78	Afro-Asiatic	720
1629	173_breast	breast	officialaramaic	Middle-Modern Aramaic	bz	bz	b z	midd1367			Afro-Asiatic	720
1630	173_breast	breast	jewishpalestinianaramaic	Jewish Palestinian Aramaic	bz	bz	b z	pale1261			Afro-Asiatic	720
1738	173_breast	breast	geez	Geez	ṭəb	tˤəb	tˤ ə b	geez1241	10.1342	40.6821	Afro-Asiatic	744
1742	173_breast	breast	argobba	Argobba	ṭut, ṭəw	tˤut	tˤ u t	argo1244	10.6596	39.756	Afro-Asiatic	744
1744	173_breast	breast	selti	Silt'e	ṭub	tˤub	tˤ u b	silt1240	7.77004	38.1449	Afro-Asiatic	744
1745	173_breast	breast	wolane	Wolane	ṭub	tˤub	tˤ u b	wola1253	8.23	38.14	Afro-Asiatic	744
1746	173_breast	breast	zway	Zay	ṭub	tˤub	tˤ u b	zayy1238	8.01148	38.8258	Afro-Asiatic	744
1748	173_breast	breast	chaha	Chaha	ṭu	tˤu	tˤ u	chah1248			Afro-Asiatic	744
1749	173_breast	breast	ezha	Ezha	ṭəw, ṭu	tˤəw	tˤ ə w	ezha1238			Afro-Asiatic	744
1750	173_breast	breast	ennemor	Inoric	ṭu	tˤu	tˤ u	inor1238	7.94883	37.7968	Afro-Asiatic	744
1751	173_breast	breast	gyeto	Gyeta	ṭu	tˤu	tˤ u	gyet1241			Afro-Asiatic	744
1752	173_breast	breast	muher	Muher	ṭəwəyyä	tˤəwəjjæ	tˤ ə w ə j j æ	muhe1234			Afro-Asiatic	744
1753	173_breast	breast	masqan	Mesqan	ṭəb	tˤəb	tˤ ə b	mesq1240	8.10617	38.3386	Afro-Asiatic	744
1754	173_breast	breast	gogot	Kistane	ṭəbuyya	tˤəbujja	tˤ ə b u j j a	kist1241	8.33561	38.4763	Afro-Asiatic	744
1755	173_breast	breast	gogot	Kistane	ṭəwuyyä	tˤəwujjæ	tˤ ə w u j j æ	kist1241	8.33561	38.4763	Afro-Asiatic	744
1756	173_breast	breast	soddo	Soddo	ṭəbuyya, ṭəwuyya	tˤəbujja	tˤ ə b u j j a	sodd1242			Afro-Asiatic	744
6113	173_breast	breast	tigre	Tigre	näḥar	næħar	n æ ħ a r	tigr1270	17.3494	38.2233	Afro-Asiatic	1935
1617	828_breastofananimal	breast (of an animal)	pws	West Semitic	*nVˁ-	n-ʕ-	n ʕ	west2786			Afro-Asiatic	719
1618	829_breastofananimal	breast of an animal	jewishpalestinianaramaic	Jewish Palestinian Aramaic	nyˁ	njʕ	n j ʕ	pale1261			Afro-Asiatic	719
1614	827_breastbosom	breast, bosom	mehri	Mehri	ṯódi	θódi	θ ó d i	mehr1241	16.793	52.473	Afro-Asiatic	718
1607	825_breastbosomchestteatudder	breast, bosom, chest, teat, udder	ugaritic	Ugaritic	ṯd	θd	θ d	ugar1238	35.6	35.78	Afro-Asiatic	718
1743	892_breastbosomudder	breast, bosom, udder	harari	Harari	ṭōt	tˤoːt	tˤ oː t	hara1271	9.30485	42.1332	Afro-Asiatic	744
287	176_breastchest	breast, chest	mandaic	Classical Mandaic	hadia	hadia	h a d i a	clas1253	36.1203	49.5659	Afro-Asiatic	122
6109	176_breastchest	breast, chest	geez	Geez	ˀəngədˀā (ˀəngədˁā)	ʔəngədʔaː	ʔ ə n g ə d ʔ aː	geez1241	10.1342	40.6821	Afro-Asiatic	1934
285	175_breastchestbosom	breast, chest, bosom	jewishbabylonianaramaic	Jewish Babylonian Aramaic (ca. 200-1200 CE)	ḥadyā	ħadjaː	ħ a d j aː	jewi1240	32.273	44.245	Afro-Asiatic	122
1741	891_breastnippleteatbosom	breast, nipple, teat, bosom	amharic	Amharic	ṭut	tˤut	tˤ u t	amha1245	11.708182	39.543456	Afro-Asiatic	744
1632	836_breastteat	breast, teat	syriac	Classical Syriac	bezzā	bezzaː	b e z z aː	clas1252	37.1129	42.1432	Afro-Asiatic	720
1739	836_breastteat	breast, teat	tigre	Tigre	ṭəb	tˤəb	tˤ ə b	tigr1270	17.3494	38.2233	Afro-Asiatic	744
1740	890_breastteatbosomdug	breast, teat, bosom, dug	tigrinya	Tigrinya	ṭub	tˤub	tˤ u b	tigr1271	15.3359	38.9266	Afro-Asiatic	744
3079	1474_breastudder	breast, udder	pws	West Semitic	*da/ir(r)-at-	da	d a	west2786			Afro-Asiatic	1094
1668	857_breastwomb	breast, womb	tigrinya	Tigrinya	ḥəṣni	ħəsˤni	ħ ə sˤ n i	tigr1271	15.3359	38.9266	Afro-Asiatic	727
4490	2381_breathsoullifelivingbeing	breath; soul; life; living being	hebrew	Modern Hebrew	näpäš	næpæʃ	n æ p æ ʃ	hebr1245	31.1056	35.0179	Afro-Asiatic	1289
1034	571_breezebreathwind	breeze; breath; wind	hebrew	Modern Hebrew	rūaḥ	ruːaħ	r uː a ħ	hebr1245	31.1056	35.0179	Afro-Asiatic	538
4456	2357_bridalgiftdowry	bridal gift, dowry	syriac	Classical Syriac	mahrā	mahraː	m a h r aː	clas1252	37.1129	42.1432	Afro-Asiatic	1285
2144	1018_bridedaughterinlaw	bride, daughter-in-law	pes	East Semitic	*marˁā-t-	marʕaː-t-	m a r ʕ aː t	east2678			Afro-Asiatic	892
2145	1019_bridedaughterinlaw	bride, daughterinlaw	geez	Geez	marˁāt	marʕaːt	m a r ʕ aː t	geez1241	10.1342	40.6821	Afro-Asiatic	892
2146	1019_bridedaughterinlaw	bride, daughterinlaw	tigre	Tigre	märˁat	mærʕat	m æ r ʕ a t	tigr1270	17.3494	38.2233	Afro-Asiatic	892
2147	1019_bridedaughterinlaw	bride, daughterinlaw	tigrinya	Tigrinya	märˁat	mærʕat	m æ r ʕ a t	tigr1271	15.3359	38.9266	Afro-Asiatic	892
2148	1019_bridedaughterinlaw	bride, daughterinlaw	amharic	Amharic	mərat	mərat	m ə r a t	amha1245	11.708182	39.543456	Afro-Asiatic	892
2149	1019_bridedaughterinlaw	bride, daughterinlaw	wolane	Wolane	märat	mærat	m æ r a t	wola1253	8.23	38.14	Afro-Asiatic	892
2150	1019_bridedaughterinlaw	bride, daughterinlaw	soddo	Soddo	märat	mærat	m æ r a t	sodd1242			Afro-Asiatic	892
4455	2356_bridemoney	bridemoney	hebrew	Modern Hebrew	mōhar	moːhar	m oː h a r	hebr1245	31.1056	35.0179	Afro-Asiatic	1285
4459	2359_brideprice	brideprice	mehri	Mehri	mēhər	meːhər	m eː h ə r	mehr1241	16.793	52.473	Afro-Asiatic	1285
4460	2359_brideprice	brideprice	jibbali	Jibbali	mέhər	mɛhər	m ɛ h ə r	sheh1240	17.29154	53.99526	Afro-Asiatic	1285
4461	2359_brideprice	brideprice	soqotri	Soqotri	máhar	máhar	m á h a r	soqo1240	12.4892	53.9168	Afro-Asiatic	1285
4785	2538_bridle	bridle	pws	West Semitic	*ligām-/lugām-	ligaːm-	l i g aː m	west2786			Afro-Asiatic	1320
4786	2538_bridle	bridle	syriac	Classical Syriac	lgāmā	lgaːmaː	l g aː m aː	clas1252	37.1129	42.1432	Afro-Asiatic	1320
4787	2538_bridle	bridle	arabic	Arabic	liǯām-	ligaːm-	l i g aː m	arab1395			Afro-Asiatic	1320
4788	2538_bridle	bridle	geez	Geez	ləgʷām	ləgʷaːm	l ə gʷ aː m	geez1241	10.1342	40.6821	Afro-Asiatic	1320
4789	2538_bridle	bridle	tigrinya	Tigrinya	ləgʷam	ləgʷam	l ə gʷ a m	tigr1271	15.3359	38.9266	Afro-Asiatic	1320
4790	2538_bridle	bridle	amharic	Amharic	ləgʷam	ləgʷam	l ə gʷ a m	amha1245	11.708182	39.543456	Afro-Asiatic	1320
4791	2538_bridle	bridle	zway	Zay	lugām	lugaːm	l u g aː m	zayy1238	8.01148	38.8258	Afro-Asiatic	1320
4792	2538_bridle	bridle	chaha	Chaha	ləgʷam	ləgʷam	l ə gʷ a m	chah1248			Afro-Asiatic	1320
4793	2538_bridle	bridle	chaha	Chaha	nəgʷam	nəgʷam	n ə gʷ a m	chah1248			Afro-Asiatic	1320
4794	2538_bridle	bridle	ezha	Ezha	nəgʷam	nəgʷam	n ə gʷ a m	ezha1238			Afro-Asiatic	1320
4795	2538_bridle	bridle	endegen	Endegegny	lugām	lugaːm	l u g aː m	eneg1238			Afro-Asiatic	1320
4796	2538_bridle	bridle	muher	Muher	ləgʷam	ləgʷam	l ə gʷ a m	muhe1234			Afro-Asiatic	1320
4797	2538_bridle	bridle	masqan	Mesqan	ləgʷam	ləgʷam	l ə gʷ a m	mesq1240	8.10617	38.3386	Afro-Asiatic	1320
4798	2538_bridle	bridle	gogot	Kistane	lugam	lugam	l u g a m	kist1241	8.33561	38.4763	Afro-Asiatic	1320
4799	2538_bridle	bridle	soddo	Soddo	ləgʷam	ləgʷam	l ə gʷ a m	sodd1242			Afro-Asiatic	1320
4800	2538_bridle	bridle	mehri	Mehri	ləgēm	ləgeːm	l ə g eː m	mehr1241	16.793	52.473	Afro-Asiatic	1320
4801	2538_bridle	bridle	jibbali	Jibbali	légέm	légɛm	l é g ɛ m	sheh1240	17.29154	53.99526	Afro-Asiatic	1320
1114	602_brightred	bright red	hebrew	Modern Hebrew	ṣāhōb	sˤaːhoːb	sˤ aː h oː b	hebr1245	31.1056	35.0179	Afro-Asiatic	577
1126	612_brightclearcheerful	bright, clear, cheerful	mandaic	Classical Mandaic	pṣiḥa	psˤiħa	p sˤ i ħ a	clas1253	36.1203	49.5659	Afro-Asiatic	581
3984	2044_broadfronted	broadfronted	tigre	Tigre	gäbbah	gæbbah	g æ b b a h	tigr1270	17.3494	38.2233	Afro-Asiatic	1229
3537	1787_bronze	bronze	sabaic	Sabaic	ḏhb	ðhb	ð h b	saba1279	15.42	45.35	Afro-Asiatic	1172
3538	1787_bronze	bronze	minaean	Minaean	ḏhb	ðhb	ð h b	mina1279	16.166667	44.672778	Afro-Asiatic	1172
3539	1787_bronze	bronze	qatabanian	Qatabanian	ḏhb	ðhb	ð h b	qata1238	14.8	45.733333	Afro-Asiatic	1172
186	130_brood	brood	hebrew	Modern Hebrew	pirḥaḥ	pirħaħ	p i r ħ a ħ	hebr1245	31.1056	35.0179	Afro-Asiatic	108
2985	1425_broth	broth	pws	West Semitic	*maraḳ-	maraqˤ-	m a r a qˤ	west2786			Afro-Asiatic	1072
2987	1425_broth	broth	hebrew	Modern Hebrew	māraḳ	maːraqˤ	m aː r a qˤ	hebr1245	31.1056	35.0179	Afro-Asiatic	1072
2989	1425_broth	broth	geez	Geez	maraḳ	maraqˤ	m a r a qˤ	geez1241	10.1342	40.6821	Afro-Asiatic	1072
2988	1427_brothgravysoup	broth; gravysoup	arabic	Arabic	maraq-	maraq-	m a r a q	arab1395			Afro-Asiatic	1072
3987	2046_brow	brow	jibbali	Jibbali	gəbhέt	gəbhɛt	g ə b h ɛ t	sheh1240	17.29154	53.99526	Afro-Asiatic	1229
3988	2046_brow	brow	harsusi	Harsusi	yábheh	jábheh	j á b h e h	hars1241	19.6511	56.1562	Afro-Asiatic	1229
3995	2052_broweyebroweyelash	brow, eyebrow, eyelash	mandaic	Classical Mandaic	gbina, gbana	gbina	g b i n a	clas1253	36.1203	49.5659	Afro-Asiatic	1230
1120	608_browndark	brown, dark	jibbali	Jibbali	šḥamúm	ʃħamúm	ʃ ħ a m ú m	sheh1240	17.29154	53.99526	Afro-Asiatic	578
865	497_budblossom	bud, blossom	hebrew	Modern Hebrew	päraḥ	pæraħ	p æ r a ħ	hebr1245	31.1056	35.0179	Afro-Asiatic	396
5480	2981_bug	bug	pcs	Central Semitic	*pVšpVš-	p-ʃp-ʃ-	p ʃ p ʃ	cent2236			Afro-Asiatic	1648
5681	3108_bugstinynocturnalflyinginsectsthatflyinswarmsandsting	bugs, tiny nocturnal flying insects that fly in swarms and sting	jibbali	Jibbali	ḳérɔ́ṣ	qˤérɔ́sˤ	qˤ é r ɔ́ sˤ	sheh1240	17.29154	53.99526	Afro-Asiatic	1781
3038	1450_bullcalfuntamedox	bull calf, untamed ox	tigrinya	Tigrinya	täfin, täfen, tefən	tæfin	t æ f i n	tigr1271	15.3359	38.9266	Afro-Asiatic	1089
4594	2441_businesswork	business, work	hebrew	Modern Hebrew	məlāˀkā/məlākā	məlaːʔkaː	m ə l aː ʔ k aː	hebr1245	31.1056	35.0179	Afro-Asiatic	1299
3247	1592_buthoweveryet	but, however, yet	arabic	Arabic	bal	bal	b a l	arab1395			Afro-Asiatic	1125
3069	1467_butterasapresentoratribute	butter as a present or a tribute	tigre	Tigre	mädhanät	mædhanæt	m æ d h a n æ t	tigr1270	17.3494	38.2233	Afro-Asiatic	1091
1489	749_butterfly	butterfly	geez	Geez	ḥasen	ħasen	ħ a s e n	geez1241	10.1342	40.6821	Afro-Asiatic	679
2974	1424_buttermilk	buttermilk	jibbali	Jibbali	ḥɔ́lɔ́b	ħɔ́lɔ́b	ħ ɔ́ l ɔ́ b	sheh1240	17.29154	53.99526	Afro-Asiatic	1057
3117	1497_buttocksanus	buttocks, anus	chaha	Chaha	gära	gæra	g æ r a	chah1248			Afro-Asiatic	1100
3118	1497_buttocksanus	buttocks, anus	ezha	Ezha	gära	gæra	g æ r a	ezha1238			Afro-Asiatic	1100
3119	1497_buttocksanus	buttocks, anus	muher	Muher	gära	gæra	g æ r a	muhe1234			Afro-Asiatic	1100
834	488_buttocksrumpposteriors	buttocks, rump, posteriors	arabic	Arabic	ˀalyat-	ʔaljat-	ʔ a l j a t	arab1395			Afro-Asiatic	385
3143	1518_bythemeansofinwith	by the means of; in; with	arabic	Arabic	bi	bi	b i	arab1395			Afro-Asiatic	1106
3153	1528_bybymeansofwithininthenameofonatagainstthroughduetoontheoccasionofforwithprices	by, by means of, with; in, in the name of; on, at, against, through; due to, on the occasion of, for (with prices)	amharic	Amharic	bä	bæ	b æ	amha1245	11.708182	39.543456	Afro-Asiatic	1106
3222	1574_bynearclosebywithpresentwith	by, near, close by, with, present with	arabic	Arabic	ˁinda	ʕinda	ʕ i n d a	arab1395			Afro-Asiatic	1122
3227	1576_bythroughbymeansofbytheauthorityof	by, through, by means of, by the authority of	qatabanian	Qatabanian	ˁm-n	ʕm-n	ʕ m n	qata1238	14.8	45.733333	Afro-Asiatic	1122
805	472_calfbull	calf, bull	pws	West Semitic	*ˀi/arw-ān-, *ˀawr-	ʔi	ʔ i	west2786			Afro-Asiatic	374
5317	2892_callosityoftheinternalwalloftheanimalsstomach	callosity of the internal wall of the animal's stomach	amharic	Amharic	sämbär	sæmbær	s æ m b æ r	amha1245	11.708182	39.543456	Afro-Asiatic	1496
1505	758_camelbug	camel bug	jibbali	Jibbali	ḳĩṣ	qˤĩsˤ	qˤ ĩ sˤ	sheh1240	17.29154	53.99526	Afro-Asiatic	680
5700	3123_campagneplaine	campagne, plaine	minaean	Minaean	br	br	b r	mina1279	16.166667	44.672778	Afro-Asiatic	1784
1865	939_canineteeth	canine teeth	arabic	Arabic	nāb-	naːb-	n aː b	arab1395			Afro-Asiatic	829
1860	934_caninetooth	canine tooth	pws	West Semitic	*nāb-, *nīb-	naːb-	n aː b	west2786			Afro-Asiatic	829
4426	2341_capableefficientskilled	capable, efficient, skilled	phoenician	Phoenician	mhrt	mhrt	m h r t	phoe1239	34.12	35.65	Afro-Asiatic	1284
4429	2341_capableefficientskilled	capable, efficient, skilled	officialaramaic	Middle-Modern Aramaic	mhyr	mhjr	m h j r	midd1367			Afro-Asiatic	1284
5529	3014_capershrubcaper	caper shrub, caper	jewishbabylonianaramaic	Jewish Babylonian Aramaic (ca. 200-1200 CE)	parḥā	parħaː	p a r ħ aː	jewi1240	32.273	44.245	Afro-Asiatic	1743
1269	664_capricorn	capricorn	geez	Geez	gadəy	gadəj	g a d ə j	geez1241	10.1342	40.6821	Afro-Asiatic	609
5181	2802_careattention	care, attention	arabic	Arabic	ḥifḏ̣-	ħifðˤ-	ħ i f ðˤ	arab1395			Afro-Asiatic	1408
4532	2409_carpetmattress	carpet, mattress	arabic	Arabic	farš-	farʃ-	f a r ʃ	arab1395			Afro-Asiatic	1293
3134	1509_cart	cart	arabic	Arabic	ˁaǯalat-	ʕagalat-	ʕ a g a l a t	arab1395			Afro-Asiatic	1105
2677	1279_cartilageofthenose	cartilage of the nose	akkadian	Akkadian	naḫnaḫatu	naxnaxatu	n a x n a x a t u	akka1240	33.1	44.1	Afro-Asiatic	983
1197	635_cattle	cattle	akkadian	Akkadian	buḳaru	buqˤaru	b u qˤ a r u	akka1240	33.1	44.1	Afro-Asiatic	593
4406	635_cattle	cattle	phoenician	Phoenician	mḳnˀ	mqˤnʔ	m qˤ n ʔ	phoe1239	34.12	35.65	Afro-Asiatic	1282
1201	636_cattleherdcattlebothsexes	cattle; herd, cattle (both sexes)	hebrew	Modern Hebrew	bāḳār	baːqˤaːr	b aː qˤ aː r	hebr1245	31.1056	35.0179	Afro-Asiatic	593
1694	878_caudalboneofthetail	caudal bone of the tail	arabic	Arabic	ˁaṣaṣ-, ˁuṣuṣ-, ˁuṣˁūṣ-	ʕasˤasˤ-	ʕ a sˤ a sˤ	arab1395			Afro-Asiatic	733
3330	1644_cave	cave	pcs	Central Semitic	*maγār-at-/*maγarr-at-	maɣaːr-at-	m a ɣ aː r a t	cent2236			Afro-Asiatic	1142
3331	1644_cave	cave	hebrew	Modern Hebrew	məˁārā	məʕaːraː	m ə ʕ aː r aː	hebr1245	31.1056	35.0179	Afro-Asiatic	1142
3332	1644_cave	cave	syriac	Classical Syriac	mˁartā	mʕartaː	m ʕ a r t aː	clas1252	37.1129	42.1432	Afro-Asiatic	1142
3333	1644_cave	cave	arabic	Arabic	maγārat-	maɣaːrat-	m a ɣ aː r a t	arab1395			Afro-Asiatic	1142
4266	2221_caveusedasahouseorpen	cave used as a house or pen	jibbali	Jibbali	ḫádər	xádər	x á d ə r	sheh1240	17.29154	53.99526	Afro-Asiatic	1264
2679	1281_cequelonjetteparlaboucheouparlenezcommepituiteglaireetcwhatisthrownoutthroughthemouthorthroughthenosesuchaspituitismucusetc	ce que l'on jette par la bouche ou par le nez, comme pituite, glaire, etc. (what is thrown out through the mouth or through the nose, such as pituitis, mucus, etc.)	arabic	Arabic	nuḫmat-	nuxmat-	n u x m a t	arab1395			Afro-Asiatic	983
895	508_cedar	cedar	ebla	Eblaite	ar-za-tum /ˀarzatum/	ar-za-tum	a r z a t u m	ebla1238	35.798	36.798	Afro-Asiatic	425
896	508_cedar	cedar	ugaritic	Ugaritic	ˀarz	ʔarz	ʔ a r z	ugar1238	35.6	35.78	Afro-Asiatic	425
897	508_cedar	cedar	hebrew	Modern Hebrew	ˀäräz	ʔæræz	ʔ æ r æ z	hebr1245	31.1056	35.0179	Afro-Asiatic	425
898	508_cedar	cedar	syriac	Classical Syriac	ˀarzā	ʔarzaː	ʔ a r z aː	clas1252	37.1129	42.1432	Afro-Asiatic	425
899	508_cedar	cedar	arabic	Arabic	ˀarz-	ʔarz-	ʔ a r z	arab1395			Afro-Asiatic	425
900	508_cedar	cedar	geez	Geez	ˀarz	ʔarz	ʔ a r z	geez1241	10.1342	40.6821	Afro-Asiatic	425
894	507_cedarorpine	cedar or pine	pws	West Semitic	*ˀarz-	ʔarz-	ʔ a r z	west2786			Afro-Asiatic	425
313	199_celeritasspeed	celeritas (speed)	syriac	Classical Syriac	ˁgālā	ʕgaːlaː	ʕ g aː l aː	clas1252	37.1129	42.1432	Afro-Asiatic	129
1703	883_certainmeasureoflengthfinger	certain measure of length, finger	officialaramaic	Middle-Modern Aramaic	ṣbˁ	sˤbʕ	sˤ b ʕ	midd1367			Afro-Asiatic	739
1488	748_certainstageinthelifecycleoflocustorcockroach	certain stage in the life cycle of locust, or cockroach	hebrew	Modern Hebrew	ḥāsīl	ħaːsiːl	ħ aː s iː l	hebr1245	31.1056	35.0179	Afro-Asiatic	679
228	149_chairleshommesfleshpeople	chair, les hommes (flesh; people)	minaean	Minaean	bs₂r	bs₂r	b s ² r	mina1279	16.166667	44.672778	Afro-Asiatic	114
4262	2217_chamber	chamber	sabaic	Sabaic	ḫdr	xdr	x d r	saba1279	15.42	45.35	Afro-Asiatic	1264
345	228_chameleon	chameleon	tigre	Tigre	ˀarawito	ʔarawito	ʔ a r a w i t o	tigr1270	17.3494	38.2233	Afro-Asiatic	135
6160	3391_changeresidence	change residence	harari	Harari	gāza	gaːza	g aː z a	hara1271	9.30485	42.1332	Afro-Asiatic	1947
3690	1890_channelopeningintoabasin	channel opening into a basin	sabaic	Sabaic	ḳrw	qˤrw	qˤ r w	saba1279	15.42	45.35	Afro-Asiatic	1189
3133	1508_chariotwagon	chariot, wagon	syriac	Classical Syriac	ˁāgaltā	ʕaːgaltaː	ʕ aː g a l t aː	clas1252	37.1129	42.1432	Afro-Asiatic	1105
3109	1490_cheek	cheek	harsusi	Harsusi	wegnēt	wegneːt	w e g n eː t	hars1241	19.6511	56.1562	Afro-Asiatic	1097
3106	1488_cheekbone	cheekbone	mehri	Mehri	wəgnēt	wəgneːt	w ə g n eː t	mehr1241	16.793	52.473	Afro-Asiatic	1097
3108	1488_cheekbone	cheekbone	jibbali	Jibbali	έgənt	ɛgənt	ɛ g ə n t	sheh1240	17.29154	53.99526	Afro-Asiatic	1097
2953	1422_cheese	cheese	amharic	Amharic	ayb	ajb	a j b	amha1245	11.708182	39.543456	Afro-Asiatic	1057
2976	1422_cheese	cheese	pcs	Central Semitic	*gubn-at-	gubn-at-	g u b n a t	cent2236			Afro-Asiatic	1060
2977	1422_cheese	cheese	akkadian	Akkadian	gubnatu	gubnatu	g u b n a t u	akka1240	33.1	44.1	Afro-Asiatic	1060
2978	1422_cheese	cheese	hebrew	Modern Hebrew	gəbīnā	gəbiːnaː	g ə b iː n aː	hebr1245	31.1056	35.0179	Afro-Asiatic	1060
2979	1422_cheese	cheese	syriac	Classical Syriac	gbettā	gbettaː	g b e t t aː	clas1252	37.1129	42.1432	Afro-Asiatic	1060
2980	1422_cheese	cheese	arabic	Arabic	ǯubnat-	gubnat-	g u b n a t	arab1395			Afro-Asiatic	1060
2981	1422_cheese	cheese	geez	Geez	gəbnat, gʷəbnat	gəbnat	g ə b n a t	geez1241	10.1342	40.6821	Afro-Asiatic	1060
2982	1422_cheese	cheese	tigrinya	Tigrinya	ǯəbäna	gəbæna	g ə b æ n a	tigr1271	15.3359	38.9266	Afro-Asiatic	1060
2983	1422_cheese	cheese	mehri	Mehri	gəbn	gəbn	g ə b n	mehr1241	16.793	52.473	Afro-Asiatic	1060
2984	1422_cheese	cheese	jibbali	Jibbali	gəbn	gəbn	g ə b n	sheh1240	17.29154	53.99526	Afro-Asiatic	1060
3007	1435_cheetah	cheetah	pws	West Semitic	*pahd-	pahd-	p a h d	west2786			Afro-Asiatic	1081
3009	1435_cheetah	cheetah	mandaic	Classical Mandaic	pahad	pahad	p a h a d	clas1253	36.1203	49.5659	Afro-Asiatic	1081
2622	1245_chercheratirerdufeualaidedunbriquettetrytodrawfirewithabriquette	chercher à tirer du feu à l’aide d’un briquette (try to draw fire with a briquette)	arabic	Arabic	qdḥ	qdħ	q d ħ	arab1395			Afro-Asiatic	965
284	174_chest	chest	biblicalaramaic	Imperial Aramaic (700-300 BCE)	ḥădṓhī	ħădoːhiː	ħ ă d oː h iː	impe1235	33.905	42.185	Afro-Asiatic	122
288	174_chest	chest	mlahso	Mlahsô	ḥazyo	ħazjo	ħ a z j o	mlah1239	37.0311	41.2209	Afro-Asiatic	122
3081	174_chest	chest	tigrinya	Tigrinya	därät	dæræt	d æ r æ t	tigr1271	15.3359	38.9266	Afro-Asiatic	1094
3083	174_chest	chest	argobba	Argobba	därät	dæræt	d æ r æ t	argo1244	10.6596	39.756	Afro-Asiatic	1094
3084	174_chest	chest	muher	Muher	därät	dæræt	d æ r æ t	muhe1234			Afro-Asiatic	1094
3085	174_chest	chest	masqan	Mesqan	därät	dæræt	d æ r æ t	mesq1240	8.10617	38.3386	Afro-Asiatic	1094
3086	174_chest	chest	gogot	Kistane	därät	dæræt	d æ r æ t	kist1241	8.33561	38.4763	Afro-Asiatic	1094
3087	174_chest	chest	soddo	Soddo	därät	dæræt	d æ r æ t	sodd1242			Afro-Asiatic	1094
3128	174_chest	chest	mehri	Mehri	gawf	gawf	g a w f	mehr1241	16.793	52.473	Afro-Asiatic	1101
3130	174_chest	chest	harsusi	Harsusi	gawf	gawf	g a w f	hars1241	19.6511	56.1562	Afro-Asiatic	1101
3120	1498_chestandabdominalcavitiesofbodycorpse	chest and abdominal cavities of body/ corpse	pws	West Semitic	*gawp-	gawp-	g a w p	west2786			Afro-Asiatic	1101
3110	1491_chestwithupperarmwing	chest with upper arm/wing	pws	West Semitic	*ganaḥ-	ganaħ-	g a n a ħ	west2786			Afro-Asiatic	1098
3082	1476_chestbreast	chest, breast	amharic	Amharic	därät	dæræt	d æ r æ t	amha1245	11.708182	39.543456	Afro-Asiatic	1094
3955	2020_chestthorax	chest, thorax	pws	West Semitic	*barak-	barak-	b a r a k	west2786			Afro-Asiatic	1223
185	129_chick	chick	hebrew	Modern Hebrew	ˀäprōaḥ	ʔæproːaħ	ʔ æ p r oː a ħ	hebr1245	31.1056	35.0179	Afro-Asiatic	108
192	129_chick	chick	maalula	Maaloula	farrīḥa	farriːħa	f a r r iː ħ a	malu1250			Afro-Asiatic	108
194	129_chick	chick	arabic	Arabic	farḫ-	farx-	f a r x	arab1395			Afro-Asiatic	108
184	128_chickbroodyoungofabird	chick, brood, young of a bird	pws	West Semitic	*parḫ-	parx-	p a r x	west2786			Afro-Asiatic	108
195	135_chickyoungbird	chick, young bird	geez	Geez	farḫ	farx	f a r x	geez1241	10.1342	40.6821	Afro-Asiatic	108
759	446_chief	chief	ugaritic	Ugaritic	rb	rb	r b	ugar1238	35.6	35.78	Afro-Asiatic	355
1168	630_childboysonmale	child, boy, son, male	selti	Silt'e	wäld	wæld	w æ l d	silt1240	7.77004	38.1449	Afro-Asiatic	587
1169	630_childboysonmale	child, boy, son, male	chaha	Chaha	yärč wärd, yärč wärdiyä	jærč	j æ r č	chah1248			Afro-Asiatic	587
1170	630_childboysonmale	child, boy, son, male	endegen	Endegegny	äˀäč wäld	æʔæč	æ ʔ æ č	eneg1238			Afro-Asiatic	587
1171	630_childboysonmale	child, boy, son, male	ennemor	Inoric	äˀäč wärd	æʔæč	æ ʔ æ č	inor1238	7.94883	37.7968	Afro-Asiatic	587
1172	630_childboysonmale	child, boy, son, male	gyeto	Gyeta	äˀärč wärd	æʔærč	æ ʔ æ r č	gyet1241			Afro-Asiatic	587
1173	630_childboysonmale	child, boy, son, male	muher	Muher	yəǯǯ wäld	jəgg	j ə g g	muhe1234			Afro-Asiatic	587
1174	630_childboysonmale	child, boy, son, male	soddo	Soddo	wäld	wæld	w æ l d	sodd1242			Afro-Asiatic	587
212	141_childboytypeofsacrifice	child, boy; type of sacrifice	phoenician	Phoenician	bšr	bʃr	b ʃ r	phoe1239	34.12	35.65	Afro-Asiatic	114
1230	651_childservant	child, servant	jewishpalestinianaramaic	Jewish Palestinian Aramaic	ṭly	tˤlj	tˤ l j	pale1261			Afro-Asiatic	602
4740	2522_childlesswoman	childless woman	sabaic	Sabaic	btr	btr	b t r	saba1279	15.42	45.35	Afro-Asiatic	1314
5168	2791_chokingfeeling	choking feeling	jibbali	Jibbali	γaddέt	ɣaddɛt	ɣ a d d ɛ t	sheh1240	17.29154	53.99526	Afro-Asiatic	1402
2601	1226_chevredontlelaitnedoitpasetrebuparunefemmenietremisdansuneoutre	chèvre dont le lait ne doit pas être bu par une femme ni être mis dans une outre	soqotri	Soqotri	maḥẑéẑoh	maħɬ̬ˤéɬ̬ˤoh	m a ħ ɬ̬ˤ é ɬ̬ˤ o h	soqo1240	12.4892	53.9168	Afro-Asiatic	958
3573	1806_cinchbeltwaist	cinch, belt; waist	ugaritic	Ugaritic	ḥbš	ħbʃ	ħ b ʃ	ugar1238	35.6	35.78	Afro-Asiatic	1176
5605	3062_cistern	cistern	sabaic	Sabaic	brkt	brkt	b r k t	saba1279	15.42	45.35	Afro-Asiatic	1766
5607	3064_cisterns	cisterns	qatabanian	Qatabanian	brˀkh	brʔkh	b r ʔ k h	qata1238	14.8	45.733333	Afro-Asiatic	1766
3679	1881_city	city	hebrew	Modern Hebrew	ḳärät	qˤæræt	qˤ æ r æ t	hebr1245	31.1056	35.0179	Afro-Asiatic	1188
1921	973_clanfamilysubtribe	clan, family, subtribe	qatabanian	Qatabanian	fḫḏ	fxð	f x ð	qata1238	14.8	45.733333	Afro-Asiatic	848
980	539_clay	clay	jewishbabylonianaramaic	Jewish Babylonian Aramaic (ca. 200-1200 CE)	midrā	midraː	m i d r aː	jewi1240	32.273	44.245	Afro-Asiatic	517
5051	2707_cleanpure	clean, pure	arabic	Arabic	ṭāhir	tˤaːhir	tˤ aː h i r	arab1395			Afro-Asiatic	1368
568	347_cliffrock	cliff, rock	akkadian	Akkadian	ṣūru	sˤuːru	sˤ uː r u	akka1240	33.1	44.1	Afro-Asiatic	205
2808	1341_clippingshavingtonsurecoronation	clipping, shaving, tonsure, coronation	geez	Geez	ḳʷǝrḥat	qˤʷǝrħat	qʷˤ ə r ħ a t	geez1241	10.1342	40.6821	Afro-Asiatic	1013
2809	1341_clippingshavingtonsurecoronation	clipping, shaving, tonsure, coronation	geez	Geez	ḳʷərḥat	qˤʷərħat	qʷˤ ə r ħ a t	geez1241	10.1342	40.6821	Afro-Asiatic	1013
981	540_clodofearthsoilmuddust	clod of earth, soil, mud, dust	syriac	Classical Syriac	medrā	medraː	m e d r aː	clas1252	37.1129	42.1432	Afro-Asiatic	517
5586	3051_cloth	cloth	pws	West Semitic	*bVt-	b-t-	b t	west2786			Afro-Asiatic	1764
290	178_cloud	cloud	pws	West Semitic	*ˁanān-	ʕanaːn-	ʕ a n aː n	west2786			Afro-Asiatic	123
2049	178_cloud	cloud	pes	East Semitic	*dammanā	dammanaː	d a m m a n aː	east2678			Afro-Asiatic	873
2050	178_cloud	cloud	geez	Geez	dammanā	dammanaː	d a m m a n aː	geez1241	10.1342	40.6821	Afro-Asiatic	873
2051	178_cloud	cloud	tigrinya	Tigrinya	dämmäna	dæmmæna	d æ m m æ n a	tigr1271	15.3359	38.9266	Afro-Asiatic	873
2052	178_cloud	cloud	amharic	Amharic	dämmäna	dæmmæna	d æ m m æ n a	amha1245	11.708182	39.543456	Afro-Asiatic	873
2053	178_cloud	cloud	harari	Harari	dāna	daːna	d aː n a	hara1271	9.30485	42.1332	Afro-Asiatic	873
2054	178_cloud	cloud	soddo	Soddo	dämmäna	dæmmæna	d æ m m æ n a	sodd1242			Afro-Asiatic	873
2055	178_cloud	cloud	pws	West Semitic	*dVmm(ān)-	d-mm-	d m m	west2786			Afro-Asiatic	874
292	180_cloudnameformercury	cloud; name for mercury	syriac	Classical Syriac	ˁnānā	ʕnaːnaː	ʕ n aː n aː	clas1252	37.1129	42.1432	Afro-Asiatic	123
291	179_clouds	clouds	hebrew	Modern Hebrew	ˁānān	ʕaːnaːn	ʕ aː n aː n	hebr1245	31.1056	35.0179	Afro-Asiatic	123
293	179_clouds	clouds	arabic	Arabic	ˁanān-	ʕanaːn-	ʕ a n aː n	arab1395			Afro-Asiatic	123
2057	999_cloudsinwhichisnowater	clouds in which is no water	arabic	Arabic	damm-, dimām-	damm-	d a m m	arab1395			Afro-Asiatic	874
6156	3387_clumpsofbutter	clumps of butter	amharic	Amharic	šəffəta	ʃəffəta	ʃ ə f f ə t a	amha1245	11.708182	39.543456	Afro-Asiatic	1944
6157	3388_clumpsofbuttercomingoutoftheholesinthepotwhenthemilkisbeingchurned	clumps of butter coming out of the holes in the pot when the milk is being churned	endegen	Endegegny	šīf	ʃiːf	ʃ iː f	eneg1238			Afro-Asiatic	1944
6155	3386_clumpsoffatbutter	clumps of fat, butter	pes	East Semitic	*šif	ʃif	ʃ i f	east2678			Afro-Asiatic	1944
1692	876_coccyx	coccyx	hebrew	Modern Hebrew	ˁāṣē	ʕaːsˤeː	ʕ aː sˤ eː	hebr1245	31.1056	35.0179	Afro-Asiatic	733
1691	875_coccyxbackbone	coccyx, backbone	pws	West Semitic	*ˁaṣay-	ʕasˤaj-	ʕ a sˤ a j	west2786			Afro-Asiatic	733
407	268_cock	cock	arabic	Arabic	ˁawf-	ʕawf-	ʕ a w f	arab1395			Afro-Asiatic	158
101	73_cold	cold	pws	West Semitic	*ḳrr	qˤrr	qˤ r r	west2786			Afro-Asiatic	83
108	73_cold	cold	syriac	Classical Syriac	ḳarrirā	qˤarriraː	qˤ a r r i r aː	clas1252	37.1129	42.1432	Afro-Asiatic	83
112	73_cold	cold	tigrinya	Tigrinya	ḳʷärärä	qˤʷæræræ	qʷˤ æ r æ r æ	tigr1271	15.3359	38.9266	Afro-Asiatic	83
1069	584_coldweatherhailstorm	cold weather, hailstorm	sabaic	Sabaic	brd	brd	b r d	saba1279	15.42	45.35	Afro-Asiatic	547
102	74_coldcool	cold, cool	hebrew	Modern Hebrew	ḳar	qˤar	qˤ a r	hebr1245	31.1056	35.0179	Afro-Asiatic	83
109	74_coldcool	cold, cool	mandaic	Classical Mandaic	ḳarir	qˤarir	qˤ a r i r	clas1253	36.1203	49.5659	Afro-Asiatic	83
1067	583_coldhail	cold, hail	mandaic	Classical Mandaic	barda	barda	b a r d a	clas1253	36.1203	49.5659	Afro-Asiatic	547
6112	3363_collarboneandthepartofthebodybetweenthelowerneckandthesternum	collarbone and the part of the body between the lower neck and the sternum	arabic	Arabic	naḥr-	naħr-	n a ħ r	arab1395			Afro-Asiatic	1935
2154	1021_come	come!	tigrinya	Tigrinya	näˁa, nəˁa	næʕa	n æ ʕ a	tigr1271	15.3359	38.9266	Afro-Asiatic	893
2156	1021_come	come!	argobba	Argobba	na, naˁa	na	n a	argo1244	10.6596	39.756	Afro-Asiatic	893
2157	1021_come	come!	harari	Harari	naˀ	naʔ	n a ʔ	hara1271	9.30485	42.1332	Afro-Asiatic	893
2159	1021_come	come!	wolane	Wolane	nähä	næhæ	n æ h æ	wola1253	8.23	38.14	Afro-Asiatic	893
2160	1021_come	come!	zway	Zay	na	na	n a	zayy1238	8.01148	38.8258	Afro-Asiatic	893
2161	1021_come	come!	gafat	Gafat	nanä, nanem	nanæ	n a n æ	gafa1240	11.5764	39.5605	Afro-Asiatic	893
2162	1021_come	come!	chaha	Chaha	nexä	nexæ	n e x æ	chah1248			Afro-Asiatic	893
2163	1021_come	come!	ezha	Ezha	nexä	nexæ	n e x æ	ezha1238			Afro-Asiatic	893
2164	1021_come	come!	muher	Muher	näxä	næxæ	n æ x æ	muhe1234			Afro-Asiatic	893
2165	1021_come	come!	masqan	Mesqan	nehä	nehæ	n e h æ	mesq1240	8.10617	38.3386	Afro-Asiatic	893
2166	1021_come	come!	gogot	Kistane	nähä	næhæ	n æ h æ	kist1241	8.33561	38.4763	Afro-Asiatic	893
2168	1021_come	come!	soddo	Soddo	nähä	næhæ	n æ h æ	sodd1242			Afro-Asiatic	893
2151	1020_comeup	come! up!	pes	East Semitic	*naˁa	naʕa	n a ʕ a	east2678			Afro-Asiatic	893
2152	1020_comeup	come! up!	geez	Geez	naˁa, naˁā, nəˁā	naʕa	n a ʕ a	geez1241	10.1342	40.6821	Afro-Asiatic	893
2153	1020_comeup	come! up!	tigre	Tigre	naˁa	naʕa	n a ʕ a	tigr1270	17.3494	38.2233	Afro-Asiatic	893
2155	1020_comeup	come! up!	amharic	Amharic	na	na	n a	amha1245	11.708182	39.543456	Afro-Asiatic	893
2158	1020_comeup	come! up!	selti	Silt'e	na	na	n a	silt1240	7.77004	38.1449	Afro-Asiatic	893
2167	1020_comeup	come! up!	soddo	Soddo	nä-hä	næ-hæ	n æ h æ	sodd1242			Afro-Asiatic	893
5274	2863_companion	companion	pcs	Central Semitic	*wVlVy-	w-l-j-	w l j	cent2236			Afro-Asiatic	1437
5275	2864_comradecompanion	comrade, companion	ugaritic	Ugaritic	yly	jlj	j l j	ugar1238	35.6	35.78	Afro-Asiatic	1437
3259	1599_concealmentdarkness	concealment, darkness	ugaritic	Ugaritic	γlmt	ɣlmt	ɣ l m t	ugar1238	35.6	35.78	Afro-Asiatic	1130
3721	1914_concessionbailbienaffermeconcessionleasewellleased	concession, bail, bien affermé (concession, lease, wellleased)	minaean	Minaean	nḥl	nħl	n ħ l	mina1279	16.166667	44.672778	Afro-Asiatic	1194
2534	1175_concevoirdevenirenceintegrossedunfoetustoconceivebecomepregnant	concevoir, devenir enceinte, grosse (d'un foetus) (to conceive, become pregnant)	arabic	Arabic	ḥbl	ħbl	ħ b l	arab1395			Afro-Asiatic	950
4671	2482_concordtranquility	concord, tranquility	arabic	Arabic	rifāˀ-	rifaːʔ-	r i f aː ʔ	arab1395			Afro-Asiatic	1306
3921	2007_conditionofhavingheadaches	condition of having headaches	jibbali	Jibbali	ˁaṣbέt	ʕasˤbɛt	ʕ a sˤ b ɛ t	sheh1240	17.29154	53.99526	Afro-Asiatic	1216
5663	3093_condyleespeciallyboneofthehandthattouchesthechiportothearticularfingerankleboneofthefootendofthebone	condyle, especially bone of the hand that touches the chip or to the articular finger; ankle bone of the foot, end of the bone	arabic	Arabic	kāˁ-, kūˁ-	kaːʕ-	k aː ʕ	arab1395			Afro-Asiatic	1776
6404	3554_congregatusestadvenitvisitavittocometoarrivetovisit	congregatus est; advenit, visitavit (to come, to arrive, to visit)	syriac	Classical Syriac	ṣwb	sˤwb	sˤ w b	clas1252	37.1129	42.1432	Afro-Asiatic	2028
472	287_constantassiduouscontinuous	constant, assiduous, continuous	syriac	Classical Syriac	ˀamminā	ʔamminaː	ʔ a m m i n aː	clas1252	37.1129	42.1432	Afro-Asiatic	187
3398	1691_contenthappinesscomfort	content, happiness, comfort	arabic	Arabic	salwat-	salwat-	s a l w a t	arab1395			Afro-Asiatic	1155
4680	2491_contentedpleasingwilling	contented, pleasing, willing	syriac	Classical Syriac	rˁe	rʕe	r ʕ e	clas1252	37.1129	42.1432	Afro-Asiatic	1308
5702	3125_continentcountry	continent, country	tigre	Tigre	bär	bær	b æ r	tigr1270	17.3494	38.2233	Afro-Asiatic	1784
4432	2346_contingentofbedouinmercenaries	contingent of bedouin mercenaries	sabaic	Sabaic	tmhrt	tmhrt	t m h r t	saba1279	15.42	45.35	Afro-Asiatic	1284
1525	769_cord	cord	hebrew	Modern Hebrew	yätär	jætær	j æ t æ r	hebr1245	31.1056	35.0179	Afro-Asiatic	694
3096	1485_corner	corner	syriac	Classical Syriac	gūnītā	guːniːtaː	g uː n iː t aː	clas1252	37.1129	42.1432	Afro-Asiatic	1097
3121	1499_corpse	corpse	hebrew	Modern Hebrew	gūpā	guːpaː	g uː p aː	hebr1245	31.1056	35.0179	Afro-Asiatic	1101
2731	1315_corpseinputrefaction	corpse in putrefaction	arabic	Arabic	ḏ̣iyyat-	ðˤijjat-	ðˤ i j j a t	arab1395			Afro-Asiatic	991
3129	1505_corpsecarcass	corpse, carcass	jibbali	Jibbali	mgɔffɔ́t	mgɔffɔ́t	m g ɔ f f ɔ́ t	sheh1240	17.29154	53.99526	Afro-Asiatic	1101
3122	1500_corpsedeadbody	corpse, dead body	hatran	Hatran	gwp	gwp	g w p	hatr1234			Afro-Asiatic	1101
6585	3675_corroderust	corrode, rust	geez	Geez	zəḥla	zəħla	z ə ħ l a	geez1241	10.1342	40.6821	Afro-Asiatic	2108
6044	3326_coupertocut	couper (to cut)	soqotri	Soqotri	ṣérob	sˤérob	sˤ é r o b	soqo1240	12.4892	53.9168	Afro-Asiatic	1919
5835	3201_couperfendretocutsplit	couper, fendre (to cut, split)	tigre	Tigre	fälsä	fælsæ	f æ l s æ	tigr1270	17.3494	38.2233	Afro-Asiatic	1820
4524	2403_cover	cover	jewishbabylonianaramaic	Jewish Babylonian Aramaic (ca. 200-1200 CE)	prīsā	priːsaː	p r iː s aː	jewi1240	32.273	44.245	Afro-Asiatic	1293
4525	2404_covercurtain	cover, curtain	jewishbabylonianaramaic	Jewish Babylonian Aramaic (ca. 200-1200 CE)	prāsā	praːsaː	p r aː s aː	jewi1240	32.273	44.245	Afro-Asiatic	1293
4528	2406_coveringtunicgarment	covering; tunic; garment	syriac	Classical Syriac	prīsā	priːsaː	p r iː s aː	clas1252	37.1129	42.1432	Afro-Asiatic	1293
813	478_cow	cow	chaha	Chaha	äram	æram	æ r a m	chah1248			Afro-Asiatic	374
814	478_cow	cow	ezha	Ezha	äram	æram	æ r a m	ezha1238			Afro-Asiatic	374
818	478_cow	cow	ennemor	Inoric	arām	araːm	a r aː m	inor1238	7.94883	37.7968	Afro-Asiatic	374
819	478_cow	cow	gyeto	Gyeta	äram̱	æram̱	æ r a m̠	gyet1241			Afro-Asiatic	374
822	478_cow	cow	masqan	Mesqan	äram	æram	æ r a m	mesq1240	8.10617	38.3386	Afro-Asiatic	374
1210	478_cow	cow	mehri	Mehri	bəḳərēt	bəqˤəreːt	b ə qˤ ə r eː t	mehr1241	16.793	52.473	Afro-Asiatic	593
1211	478_cow	cow	harsusi	Harsusi	beḳerét	beqˤerét	b e qˤ e r é t	hars1241	19.6511	56.1562	Afro-Asiatic	593
6561	3661_cowhavingabrownandwhiteorblackandwhitecoat	cow having a brown and white or black and white coat	amharic	Amharic	sora	sora	s o r a	amha1245	11.708182	39.543456	Afro-Asiatic	2101
3035	1447_cowyearlingcalf	cow, yearling calf	ugaritic	Ugaritic	ypt	jpt	j p t	ugar1238	35.6	35.78	Afro-Asiatic	1089
2710	1301_cowdung	cowdung	tigre	Tigre	č̣äfəˁ	č̣æfəʕ	č̣ æ f ə ʕ	tigr1270	17.3494	38.2233	Afro-Asiatic	989
2711	1301_cowdung	cowdung	tigrinya	Tigrinya	ṣäfˁi	sˤæfʕi	sˤ æ f ʕ i	tigr1271	15.3359	38.9266	Afro-Asiatic	989
2714	1301_cowdung	cowdung	harsusi	Harsusi	ẑōfaˀ	ɬ̬ˤoːfaʔ	ɬ̬ˤ oː f a ʔ	hars1241	19.6511	56.1562	Afro-Asiatic	989
810	477_cows	cows	selti	Silt'e	irǝččä, ǝri, ire	irǝččæ	i r ə č č æ	silt1240	7.77004	38.1449	Afro-Asiatic	374
811	477_cows	cows	wolane	Wolane	ǝrǝččä	ǝrǝččæ	ə r ə č č æ	wola1253	8.23	38.14	Afro-Asiatic	374
812	477_cows	cows	chaha	Chaha	äre	ære	æ r e	chah1248			Afro-Asiatic	374
815	477_cows	cows	ezha	Ezha	äray, äre	æraj	æ r a j	ezha1238			Afro-Asiatic	374
816	477_cows	cows	endegen	Endegegny	areˀ	areʔ	a r e ʔ	eneg1238			Afro-Asiatic	374
817	477_cows	cows	ennemor	Inoric	areˀ	areʔ	a r e ʔ	inor1238	7.94883	37.7968	Afro-Asiatic	374
820	477_cows	cows	gyeto	Gyeta	äray	æraj	æ r a j	gyet1241			Afro-Asiatic	374
821	477_cows	cows	masqan	Mesqan	äre	ære	æ r e	mesq1240	8.10617	38.3386	Afro-Asiatic	374
3863	1980_crachatspit	crachat (spit)	arabic	Arabic	mtfft	mtfft	m t f f t	arab1395			Afro-Asiatic	1211
3865	1982_cracher	cracher	tigre	Tigre	täfˀa	tæfʔa	t æ f ʔ a	tigr1270	17.3494	38.2233	Afro-Asiatic	1211
3862	1979_crachertospit	cracher (to spit)	arabic	Arabic	tff	tff	t f f	arab1395			Afro-Asiatic	1211
5867	3227_crane	crane	syriac	Classical Syriac	ḳurlā	qˤurlaː	qˤ u r l aː	clas1252	37.1129	42.1432	Afro-Asiatic	1838
1621	831_crawofabird	craw of a bird	arabic	Arabic	nuˁnuˁat-	nuʕnuʕat-	n u ʕ n u ʕ a t	arab1395			Afro-Asiatic	719
4838	2559_creator	creator	geezepigraphic	Geez	fṭr	ftˤr	f tˤ r	geez1241	10.1342	40.6821	Afro-Asiatic	1331
2821	1351_crookbacked	crookbacked	tigre	Tigre	gäbəs	gæbəs	g æ b ə s	tigr1270	17.3494	38.2233	Afro-Asiatic	1015
6066	3339_crossgoacross	cross, go across	selti	Silt'e	ode	ode	o d e	silt1240	7.77004	38.1449	Afro-Asiatic	1924
6067	3339_crossgoacross	cross, go across	wolane	Wolane	ode	ode	o d e	wola1253	8.23	38.14	Afro-Asiatic	1924
3073	1470_crownoftheheadskullroof	crown of the head, skull, roof	tigre	Tigre	dəmḳat	dəmqˤat	d ə m qˤ a t	tigr1270	17.3494	38.2233	Afro-Asiatic	1092
3320	1638_cruel	cruel	mehri	Mehri	ḳōsi	qˤoːsi	qˤ oː s i	mehr1241	16.793	52.473	Afro-Asiatic	1139
4562	2419_crumblebreaksthintosmallpieces	crumble, break sth into small pieces	arabic	Arabic	ftt	ftt	f t t	arab1395			Afro-Asiatic	1295
93	67_crustpeelrindscales	crust, peel, rind, scales	tigre	Tigre	ḳäräf	qˤæræf	qˤ æ r æ f	tigr1270	17.3494	38.2233	Afro-Asiatic	80
5155	2780_cultivatedgardenarea	cultivated garden area	sabaic	Sabaic	ˀgnw	ʔgnw	ʔ g n w	saba1279	15.42	45.35	Afro-Asiatic	1400
4667	2479_curemedication	cure, medication	amarnacanaanite	Canaanite	ri-pu-ú-ti	ri-pu-ú-ti	r i p u ú t i	cana1267			Afro-Asiatic	1306
4522	2402_curtaincovering	curtain, covering	jewishpalestinianaramaic	Jewish Palestinian Aramaic	prās	praːs	p r aː s	pale1261			Afro-Asiatic	1293
4527	2405_curtainflapsailcoveringcarpetfruitofcedar	curtain, flap, sail; covering; carpet; fruit of cedar	syriac	Classical Syriac	prāsā	praːsaː	p r aː s aː	clas1252	37.1129	42.1432	Afro-Asiatic	1293
6251	3446_curtainrag	curtain, rag	pws	West Semitic	*bVlVyt-	b-l-jt-	b l j t	west2786			Afro-Asiatic	1967
2813	1345_curvedhumped	curved, humped	syriac	Classical Syriac	gbibā	gbibaː	g b i b aː	clas1252	37.1129	42.1432	Afro-Asiatic	1014
3490	1753_cushionedcouch	cushioned couch	syriac	Classical Syriac	bessādyā	bessaːdjaː	b e s s aː d j aː	clas1252	37.1129	42.1432	Afro-Asiatic	1167
2605	1230_cutoffslitthepartitionbetweenthenostrils	cut off; slit the partition between the nostrils;	arabic	Arabic	ḫrm	xrm	x r m	arab1395			Afro-Asiatic	959
5478	2979_cutaneouseruptionslikeblisters	cutaneous eruptions like blisters	tigre	Tigre	därän	dæræn	d æ r æ n	tigr1270	17.3494	38.2233	Afro-Asiatic	1638
377	250_damagefrombbreakingofftwigsofbranches	damage fromb breaking off twigs of branches	hebrew	Modern Hebrew	ḳəṣāpā	qˤəsˤaːpaː	qˤ ə sˤ aː p aː	hebr1245	31.1056	35.0179	Afro-Asiatic	146
4231	2191_dance	dance	tigre	Tigre	goyla	gojla	g o j l a	tigr1270	17.3494	38.2233	Afro-Asiatic	1259
4260	2215_darkroom	dark room	hebrew	Modern Hebrew	ḥädär	ħædær	ħ æ d æ r	hebr1245	31.1056	35.0179	Afro-Asiatic	1264
1117	605_darkbrownhue	dark-brown hue	pws	West Semitic	*šḥm	ʃħm	ʃ ħ m	west2786			Afro-Asiatic	578
3622	1844_dartjavelin	dart, javelin	arabic	Arabic	ḥarbat-	ħarbat-	ħ a r b a t	arab1395			Afro-Asiatic	1181
5978	3279_date	date	muher	Muher	bəsərīt	bəsəriːt	b ə s ə r iː t	muhe1234			Afro-Asiatic	1886
5979	3279_date	date	jibbali	Jibbali	bəsírə́t	bəsírə́t	b ə s í r ə́ t	sheh1240	17.29154	53.99526	Afro-Asiatic	1886
640	394_dateslaidoneuponanotherinanearthenpot	dates laid one upon another in an earthen pot	arabic	Arabic	rabīd-	rabiːd-	r a b iː d	arab1395			Afro-Asiatic	281
68	46_datestone	datestone	arabic	Arabic	ǯarām-	garaːm-	g a r aː m	arab1395			Afro-Asiatic	45
1161	625_daughter	daughter	geez	Geez	walatt	walatt	w a l a t t	geez1241	10.1342	40.6821	Afro-Asiatic	587
2209	1035_day	day	pes	East Semitic	*ˁVl-at-/*maˁal-t-	ʕ-l-at-	ʕ l a t	east2678			Afro-Asiatic	902
2210	1035_day	day	geez	Geez	ˁəlat	ʕəlat	ʕ ə l a t	geez1241	10.1342	40.6821	Afro-Asiatic	902
2211	1035_day	day	geez	Geez	moˁalt	moʕalt	m o ʕ a l t	geez1241	10.1342	40.6821	Afro-Asiatic	902
2212	1035_day	day	tigre	Tigre	ˁəlät	ʕəlæt	ʕ ə l æ t	tigr1270	17.3494	38.2233	Afro-Asiatic	902
2213	1035_day	day	tigre	Tigre	mäˁal, məˁəl	mæʕal	m æ ʕ a l	tigr1270	17.3494	38.2233	Afro-Asiatic	902
2214	1035_day	day	tigrinya	Tigrinya	ˁəlät	ʕəlæt	ʕ ə l æ t	tigr1271	15.3359	38.9266	Afro-Asiatic	902
2215	1035_day	day	tigrinya	Tigrinya	mäˁalti	mæʕalti	m æ ʕ a l t i	tigr1271	15.3359	38.9266	Afro-Asiatic	902
2218	1035_day	day	soddo	Soddo	may	maj	m a j	sodd1242			Afro-Asiatic	902
2217	1037_day24hours	day (= “24 hours”)	harari	Harari	mōy	moːj	m oː j	hara1271	9.30485	42.1332	Afro-Asiatic	902
2216	1036_dayindaytime	day (= “in daytime”)	harari	Harari	mäˀaltu, māltu	mæʔaltu	m æ ʔ a l t u	hara1271	9.30485	42.1332	Afro-Asiatic	902
510	310_daylaborerworker	day laborer, worker	jewishpalestinianaramaic	Jewish Palestinian Aramaic	pˁl	pʕl	p ʕ l	pale1261			Afro-Asiatic	189
2840	1364_deafmute	deaf mute	syriac	Classical Syriac	ṣammā	sˤammaː	sˤ a m m aː	clas1252	37.1129	42.1432	Afro-Asiatic	1019
1512	764_decayandmaggotsinrottingmatter	decay and maggots in rotting matter	syriac	Classical Syriac	remtā	remtaː	r e m t aː	clas1252	37.1129	42.1432	Afro-Asiatic	684
4246	2203_decreeresolution	decree, resolution	biblicalaramaic	Imperial Aramaic (700-300 BCE)	gəzērā	gəzeːraː	g ə z eː r aː	impe1235	33.905	42.185	Afro-Asiatic	1261
6509	3615_deepholedepression	deep hole, depression	jibbali	Jibbali	gɔ̄t	gɔ̄t	g ɔ̄ t	sheh1240	17.29154	53.99526	Afro-Asiatic	2057
3508	1767_deerroebuck	deer, roebuck	arabic	Arabic	yaḥmūr-	jaħmuːr-	j a ħ m uː r	arab1395			Afro-Asiatic	1169
2683	1284_defecar	defecar	ugaritic	Ugaritic	ḫrˀ	xrʔ	x r ʔ	ugar1238	35.6	35.78	Afro-Asiatic	988
3450	1729_defilement	defilement	sabaic	Sabaic	ṭmˀ	tˤmʔ	tˤ m ʔ	saba1279	15.42	45.35	Afro-Asiatic	1162
5186	2807_delivery	delivery	ugaritic	Ugaritic	mnḥ	mnħ	m n ħ	ugar1238	35.6	35.78	Afro-Asiatic	1411
3483	1747_demandsummonscall	demand, summons, call	sabaic	Sabaic	ˁṯ̣t	ʕθˤt	ʕ θˤ t	saba1279	15.42	45.35	Afro-Asiatic	1166
3287	1617_desacralizedfree	desacralized, free	ugaritic	Ugaritic	ḥl	ħl	ħ l	ugar1238	35.6	35.78	Afro-Asiatic	1135
1012	557_desert	desert	ugaritic	Ugaritic	mdbr	mdbr	m d b r	ugar1238	35.6	35.78	Afro-Asiatic	525
6016	557_desert	desert	geez	Geez	badw	badw	b a d w	geez1241	10.1342	40.6821	Afro-Asiatic	1906
3404	1696_desertwasteland	desert, wasteland	akkadian	Akkadian	sawû	sawû	s a w û	akka1240	33.1	44.1	Afro-Asiatic	1156
3584	1816_desirablepreciousobject	desirable, precious object	ugaritic	Ugaritic	mḥmd	mħmd	m ħ m d	ugar1238	35.6	35.78	Afro-Asiatic	1177
3587	1819_desirablepreciousthings	desirable, precious things	hebrew	Modern Hebrew	ḥämdā	ħæmdaː	ħ æ m d aː	hebr1245	31.1056	35.0179	Afro-Asiatic	1177
4646	2465_desire	desire	arabic	Arabic	raγab-	raɣab-	r a ɣ a b	arab1395			Afro-Asiatic	1303
6540	3642_desolationwastebareness	desolation, waste, bareness	geez	Geez	ˁaṣ̂ṣ̂	ʕaɬˤɬˤ	ʕ a ɬˤ ɬˤ	geez1241	10.1342	40.6821	Afro-Asiatic	2091
5056	2710_dew	dew	pws	West Semitic	*ṭall-	tˤall-	tˤ a l l	west2786			Afro-Asiatic	1369
5057	2710_dew	dew	ugaritic	Ugaritic	ṭl	tˤl	tˤ l	ugar1238	35.6	35.78	Afro-Asiatic	1369
5059	2710_dew	dew	syriac	Classical Syriac	ṭellā	tˤellaː	tˤ e l l aː	clas1252	37.1129	42.1432	Afro-Asiatic	1369
5062	2710_dew	dew	mehri	Mehri	ṭal	tˤal	tˤ a l	mehr1241	16.793	52.473	Afro-Asiatic	1369
5063	2710_dew	dew	jibbali	Jibbali	ṭɛl	tˤɛl	tˤ ɛ l	sheh1240	17.29154	53.99526	Afro-Asiatic	1369
5058	2711_dewlightrain	dew, light rain	hebrew	Modern Hebrew	ṭal	tˤal	tˤ a l	hebr1245	31.1056	35.0179	Afro-Asiatic	1369
5061	2713_dewmoisturehumidity	dew, moisture, humidity	geez	Geez	ṭall	tˤall	tˤ a l l	geez1241	10.1342	40.6821	Afro-Asiatic	1369
1604	822_dewlapofanox	dewlap of an ox	syriac	Classical Syriac	gnārā	gnaːraː	g n aː r aː	clas1252	37.1129	42.1432	Afro-Asiatic	713
1552	790_diaphragmmidgriff	diaphragm, midgriff	arabic	Arabic	ḫilb-	xilb-	x i l b	arab1395			Afro-Asiatic	699
2575	1201_dicksteiftiefstimmethickstiffdeepvoice	dick, steif, tief (Stimme) (thick, stiff, deep (voice)	turoyo	Turoyo	ḥlimo	ħlimo	ħ l i m o	turo1239	37.2275	42.1451	Afro-Asiatic	956
4346	2285_digmakeholes	dig, make holes	geez	Geez	karaya	karaja	k a r a j a	geez1241	10.1342	40.6821	Afro-Asiatic	1274
6586	3676_dirtrust	dirt, rust	tigre	Tigre	zäḥal	zæħal	z æ ħ a l	tigr1270	17.3494	38.2233	Afro-Asiatic	2108
2517	1160_disgracediscomfitureangerretributionmaledictionanathema	disgrace, discomfiture, anger, retribution, malediction, anathema	mandaic	Classical Mandaic	giuṭa	giutˤa	g i u tˤ a	clas1253	36.1203	49.5659	Afro-Asiatic	943
6503	3611_dishbowl	dish, bowl	hebrew	Modern Hebrew	ḳəˁārā	qˤəʕaːraː	qˤ ə ʕ aː r aː	hebr1245	31.1056	35.0179	Afro-Asiatic	2049
5736	3143_dissolutewoman	dissolute woman	geez	Geez	fawt	fawt	f a w t	geez1241	10.1342	40.6821	Afro-Asiatic	1797
5615	3069_distaff	distaff	jewishpalestinianaramaic	Jewish Palestinian Aramaic	plkh	plkh	p l k h	pale1261			Afro-Asiatic	1768
5714	3135_distanceacrosstheshouldersinthefrontchest	distance across the shoulders in the front, chest	chaha	Chaha	fanḳa	fanqˤa	f a n qˤ a	chah1248			Afro-Asiatic	1793
5715	3135_distanceacrosstheshouldersinthefrontchest	distance across the shoulders in the front, chest	ezha	Ezha	fanḳa	fanqˤa	f a n qˤ a	ezha1238			Afro-Asiatic	1793
5716	3135_distanceacrosstheshouldersinthefrontchest	distance across the shoulders in the front, chest	endegen	Endegegny	fanḳä	fanqˤæ	f a n qˤ æ	eneg1238			Afro-Asiatic	1793
5717	3135_distanceacrosstheshouldersinthefrontchest	distance across the shoulders in the front, chest	ennemor	Inoric	fānḳa	faːnqˤa	f aː n qˤ a	inor1238	7.94883	37.7968	Afro-Asiatic	1793
5718	3135_distanceacrosstheshouldersinthefrontchest	distance across the shoulders in the front, chest	gyeto	Gyeta	fānḳa	faːnqˤa	f aː n qˤ a	gyet1241			Afro-Asiatic	1793
5719	3135_distanceacrosstheshouldersinthefrontchest	distance across the shoulders in the front, chest	muher	Muher	fanḳa	fanqˤa	f a n qˤ a	muhe1234			Afro-Asiatic	1793
5282	2871_distressaffliction	distress, affliction	sabaic	Sabaic	myḳṯ̣	mjqˤθˤ	m j qˤ θˤ	saba1279	15.42	45.35	Afro-Asiatic	1438
6541	3643_distressfamine	distress, famine	tigre	Tigre	ˁəṣṣo	ʕəsˤsˤo	ʕ ə sˤ sˤ o	tigr1270	17.3494	38.2233	Afro-Asiatic	2091
4197	2169_ditchtrenchsmallpit	ditch, trench, small pit	syriac	Classical Syriac	gubbā	gubbaː	g u b b aː	clas1252	37.1129	42.1432	Afro-Asiatic	1255
6127	3374_divisionsplitting	division, splitting	jewishpalestinianaramaic	Jewish Palestinian Aramaic	bṣl	bsˤl	b sˤ l	pale1261			Afro-Asiatic	1938
1030	567_donkey	donkey	arabic	Arabic	ˁard-	ʕard-	ʕ a r d	arab1395			Afro-Asiatic	527
1270	567_donkey	donkey	pws	West Semitic	*ˁayr-	ʕajr-	ʕ a j r	west2786			Afro-Asiatic	612
1271	567_donkey	donkey	ugaritic	Ugaritic	ˁr	ʕr	ʕ r	ugar1238	35.6	35.78	Afro-Asiatic	612
1272	567_donkey	donkey	hebrew	Modern Hebrew	ˁayir	ʕajir	ʕ a j i r	hebr1245	31.1056	35.0179	Afro-Asiatic	612
1274	567_donkey	donkey	arabic	Arabic	ˁayr-	ʕajr-	ʕ a j r	arab1395			Afro-Asiatic	612
1277	567_donkey	donkey	jibbali	Jibbali	aḥyέr	aħjɛr	a ħ j ɛ r	sheh1240	17.29154	53.99526	Afro-Asiatic	612
1278	567_donkey	donkey	harsusi	Harsusi	ḥayr	ħajr	ħ a j r	hars1241	19.6511	56.1562	Afro-Asiatic	612
4104	2119_donkeyscoltasssfoal	donkey's colt, ass's foal	tigrinya	Tigrinya	ˁillu	ʕillu	ʕ i l l u	tigr1271	15.3359	38.9266	Afro-Asiatic	1246
733	441_donnertogive	donner (to give)	minaean	Minaean	whb	whb	w h b	mina1279	16.166667	44.672778	Afro-Asiatic	340
40	25_doorgate	door, gate	qatabanian	Qatabanian	ḫw	xw	x w	qata1238	14.8	45.733333	Afro-Asiatic	36
41	25_doorgate	door, gate	geez	Geez	ḫoḫət	xoxət	x o x ə t	geez1241	10.1342	40.6821	Afro-Asiatic	36
6284	25_doorgate	door, gate	pes	East Semitic	*bärr-	bærr-	b æ r r	east2678			Afro-Asiatic	1972
437	276_doorgatecourtchapter	door, gate; court; chapter	syriac	Classical Syriac	tarˁā	tarʕaː	t a r ʕ aː	clas1252	37.1129	42.1432	Afro-Asiatic	165
3459	1732_dortthere	dort (there)	turoyo	Turoyo	tamo	tamo	t a m o	turo1239	37.2275	42.1451	Afro-Asiatic	1163
3973	2036_dosvoutebossuhunchedbackhunchback	dos voûté, bossu (hunched back, hunchback)	arabic	Arabic	dafāˀ-	dafaːʔ-	d a f aː ʔ	arab1395			Afro-Asiatic	1227
1369	709_dove	dove	pws	West Semitic	*yawn(-at)-, *wānay-	jawn-	j a w n	west2786			Afro-Asiatic	646
1370	709_dove	dove	ugaritic	Ugaritic	ynt	jnt	j n t	ugar1238	35.6	35.78	Afro-Asiatic	646
1371	709_dove	dove	hebrew	Modern Hebrew	yōnā	joːnaː	j oː n aː	hebr1245	31.1056	35.0179	Afro-Asiatic	646
1372	709_dove	dove	deiralla	Canaanite	ywn	jwn	j w n	cana1267			Afro-Asiatic	646
1373	709_dove	dove	jewishpalestinianaramaic	Jewish Palestinian Aramaic	yawnā	jawnaː	j a w n aː	pale1261			Afro-Asiatic	646
1375	709_dove	dove	jewishbabylonianaramaic	Jewish Babylonian Aramaic (ca. 200-1200 CE)	yōnā	joːnaː	j oː n aː	jewi1240	32.273	44.245	Afro-Asiatic	646
1376	709_dove	dove	syriac	Classical Syriac	yawnā	jawnaː	j a w n aː	clas1252	37.1129	42.1432	Afro-Asiatic	646
1377	709_dove	dove	mandaic	Classical Mandaic	iuna	iuna	i u n a	clas1253	36.1203	49.5659	Afro-Asiatic	646
1378	709_dove	dove	maalula	Maaloula	yawna	jawna	j a w n a	malu1250			Afro-Asiatic	646
1381	709_dove	dove	geez	Geez	wānos, yonās	waːnos	w aː n o s	geez1241	10.1342	40.6821	Afro-Asiatic	646
5499	709_dove	dove	hebrew	Modern Hebrew	ṣōṣāl	sˤoːsˤaːl	sˤ oː sˤ aː l	hebr1245	31.1056	35.0179	Afro-Asiatic	1697
5501	709_dove	dove	jewishbabylonianaramaic	Jewish Babylonian Aramaic (ca. 200-1200 CE)	ṣuṣṣlā	sˤusˤsˤlaː	sˤ u sˤ sˤ l aː	jewi1240	32.273	44.245	Afro-Asiatic	1697
2685	1286_dovesdungexcrement	dove's dung; excrement	hebrew	Modern Hebrew	ḥărāˀīm	ħăraːʔiːm	ħ ă r aː ʔ iː m	hebr1245	31.1056	35.0179	Afro-Asiatic	988
604	371_downunder	down, under	harari	Harari	taḥay	taħaj	t a ħ a j	hara1271	9.30485	42.1332	Afro-Asiatic	255
605	372_downunderbeneath	down, under, beneath	selti	Silt'e	tātä	taːtæ	t aː t æ	silt1240	7.77004	38.1449	Afro-Asiatic	255
606	372_downunderbeneath	down, under, beneath	wolane	Wolane	tat	tat	t a t	wola1253	8.23	38.14	Afro-Asiatic	255
607	372_downunderbeneath	down, under, beneath	chaha	Chaha	tät	tæt	t æ t	chah1248			Afro-Asiatic	255
608	372_downunderbeneath	down, under, beneath	ezha	Ezha	tät	tæt	t æ t	ezha1238			Afro-Asiatic	255
609	372_downunderbeneath	down, under, beneath	endegen	Endegegny	taˀaččä/taˀačče	taʔaččæ	t a ʔ a č č æ	eneg1238			Afro-Asiatic	255
610	372_downunderbeneath	down, under, beneath	ennemor	Inoric	taˀačä	taʔačæ	t a ʔ a č æ	inor1238	7.94883	37.7968	Afro-Asiatic	255
611	372_downunderbeneath	down, under, beneath	gyeto	Gyeta	tät	tæt	t æ t	gyet1241			Afro-Asiatic	255
612	372_downunderbeneath	down, under, beneath	muher	Muher	tät	tæt	t æ t	muhe1234			Afro-Asiatic	255
613	372_downunderbeneath	down, under, beneath	masqan	Mesqan	tätte	tætte	t æ t t e	mesq1240	8.10617	38.3386	Afro-Asiatic	255
614	372_downunderbeneath	down, under, beneath	soddo	Soddo	tatä	tatæ	t a t æ	sodd1242			Afro-Asiatic	255
601	368_downwards	downwards	tigre	Tigre	täḥat	tæħat	t æ ħ a t	tigr1270	17.3494	38.2233	Afro-Asiatic	255
4453	2354_dowry	dowry	pws	West Semitic	*mVhr-	m-hr-	m h r	west2786			Afro-Asiatic	1285
4458	2354_dowry	dowry	minaean	Minaean	mhr	mhr	m h r	mina1279	16.166667	44.672778	Afro-Asiatic	1285
4457	2358_dowrynuptialgift	dowry, nuptial gift	arabic	Arabic	mahr-	mahr-	m a h r	arab1395			Afro-Asiatic	1285
4454	2355_dowrypricebrideprice	dowry, price, brideprice	ugaritic	Ugaritic	mhr	mhr	m h r	ugar1238	35.6	35.78	Afro-Asiatic	1285
1395	717_dragon	dragon	officialaramaic	Middle-Modern Aramaic	tnyn	tnjn	t n j n	midd1367			Afro-Asiatic	651
1401	717_dragon	dragon	mandaic	Classical Mandaic	tanina	tanina	t a n i n a	clas1253	36.1203	49.5659	Afro-Asiatic	651
2543	1183_dream	dream	ugaritic	Ugaritic	ḥlm	ħlm	ħ l m	ugar1238	35.6	35.78	Afro-Asiatic	954
2546	1183_dream	dream	oldaramaic	Old Aramaic (up to 700 BCE)	ḥlm	ħlm	ħ l m	olda1246			Afro-Asiatic	954
2547	1183_dream	dream	officialaramaic	Middle-Modern Aramaic	ḥlm	ħlm	ħ l m	midd1367			Afro-Asiatic	954
2548	1183_dream	dream	hatran	Hatran	ḥlm	ħlm	ħ l m	hatr1234			Afro-Asiatic	954
2550	1183_dream	dream	jewishpalestinianaramaic	Jewish Palestinian Aramaic	ḥălēm	ħăleːm	ħ ă l eː m	pale1261			Afro-Asiatic	954
1933	976_dreithree	drei (three)	turoyo	Turoyo	tloṯo	tloθo	t l o θ o	turo1239	37.2275	42.1451	Afro-Asiatic	853
249	159_dry	dry	hebrew	Modern Hebrew	yābēš	jaːbeːʃ	j aː b eː ʃ	hebr1245	31.1056	35.0179	Afro-Asiatic	119
253	163_dryaridwithered	dry, arid, withered	geez	Geez	yəbus	jəbus	j ə b u s	geez1241	10.1342	40.6821	Afro-Asiatic	119
251	161_drydriedup	dry, dried up	arabic	Arabic	yābis-	jaːbis-	j aː b i s	arab1395			Afro-Asiatic	119
250	160_dryparalyzed	dry, paralyzed	syriac	Classical Syriac	yabbiš	jabbiʃ	j a b b i ʃ	clas1252	37.1129	42.1432	Afro-Asiatic	119
3544	1790_drystonewall	drystone wall	hebrew	Modern Hebrew	gādēr	gaːdeːr	g aː d eː r	hebr1245	31.1056	35.0179	Afro-Asiatic	1173
2705	1296_dung	dung	pws	West Semitic	*ṣ̂Vpˁ-	ɬˤ-pʕ-	ɬˤ p ʕ	west2786			Afro-Asiatic	989
2715	1296_dung	dung	pws	West Semitic	*gVlVl-	g-l-l-	g l l	west2786			Afro-Asiatic	990
2717	1296_dung	dung	hebrew	Modern Hebrew	gālāl	gaːlaːl	g aː l aː l	hebr1245	31.1056	35.0179	Afro-Asiatic	990
2720	1296_dung	dung	mandaic	Classical Mandaic	glala	glala	g l a l a	clas1253	36.1203	49.5659	Afro-Asiatic	990
2723	1296_dung	dung	tigre	Tigre	gällo	gællo	g æ l l o	tigr1270	17.3494	38.2233	Afro-Asiatic	990
2750	1296_dung	dung	pcs	Central Semitic	*dVmn-	d-mn-	d m n	cent2236			Afro-Asiatic	992
2751	1296_dung	dung	hebrew	Modern Hebrew	dōmän	doːmæn	d oː m æ n	hebr1245	31.1056	35.0179	Afro-Asiatic	992
5506	1296_dung	dung	geez	Geez	ˁəbā	ʕəbaː	ʕ ə b aː	geez1241	10.1342	40.6821	Afro-Asiatic	1702
2722	1308_dungballcattledung	dung ball; cattle dung	arabic	Arabic	ǯallat-	gallat-	g a l l a t	arab1395			Afro-Asiatic	990
2729	1313_dungexcrement	dung, excrement	hebrew	Modern Hebrew	ṣēˀā	sˤeːʔaː	sˤ eː ʔ aː	hebr1245	31.1056	35.0179	Afro-Asiatic	991
5516	1313_dungexcrement	dung, excrement	soqotri	Soqotri	ˁob	ʕob	ʕ o b	soqo1240	12.4892	53.9168	Afro-Asiatic	1702
5505	3001_dungfaeces	dung, faeces	pws	West Semitic	*γVb(b)-	ɣ-b-	ɣ b	west2786			Afro-Asiatic	1702
2752	1326_dungmanure	dung, manure	arabic	Arabic	dimn-, damān-	dimn-	d i m n	arab1395			Afro-Asiatic	992
4362	2296_during	during	sabaic	Sabaic	l-ḳbly	l-qˤblj	l qˤ b l j	saba1279	15.42	45.35	Afro-Asiatic	1276
1118	606_duskyolivecolored	dusky, olivecolored	syriac	Classical Syriac	šḥāmā	ʃħaːmaː	ʃ ħ aː m aː	clas1252	37.1129	42.1432	Afro-Asiatic	578
5127	2763_dwellingplace	dwelling place	jewishpalestinianaramaic	Jewish Palestinian Aramaic	mˁwn	mʕwn	m ʕ w n	pale1261			Afro-Asiatic	1393
532	324_dyecolourclothorstrawoftenred	dye, colour cloth or straw (often red)	geez	Geez	ˁallala	ʕallala	ʕ a l l a l a	geez1241	10.1342	40.6821	Afro-Asiatic	195
4582	2432_decisionoraculaireoraculardecision	décision oraculaire (oracular decision)	minaean	Minaean	mḳs₃m	mqˤs₃m	m qˤ s ³ m	mina1279	16.166667	44.672778	Afro-Asiatic	1297
3467	1738_decretertodecree	décréter (to decree)	minaean	Minaean	ṯfṭ	θftˤ	θ f tˤ	mina1279	16.166667	44.672778	Afro-Asiatic	1164
5204	2823_delivrertodelivertosetfree	délivrer (to deliver, to set free)	soqotri	Soqotri	ngy	ngj	n g j	soqo1240	12.4892	53.9168	Afro-Asiatic	1413
6176	3395_detruireruinerarrachertodestroyruintearoff	détruire, ruiner, arracher (to destroy, ruin, tear off)	minaean	Minaean	fˀy	fʔj	f ʔ j	mina1279	16.166667	44.672778	Afro-Asiatic	1949
3368	1665_dunnthin	dünn (thin)	turoyo	Turoyo	raḳiḳo	raqˤiqˤo	r a qˤ i qˤ o	turo1239	37.2275	42.1451	Afro-Asiatic	1151
1345	698_eagle	eagle	pws	West Semitic	*našr-	naʃr-	n a ʃ r	west2786			Afro-Asiatic	643
1346	698_eagle	eagle	akkadian	Akkadian	našru	naʃru	n a ʃ r u	akka1240	33.1	44.1	Afro-Asiatic	643
1350	698_eagle	eagle	biblicalaramaic	Imperial Aramaic (700-300 BCE)	nəšar	nəʃar	n ə ʃ a r	impe1235	33.905	42.185	Afro-Asiatic	643
1351	698_eagle	eagle	hatran	Hatran	nšr	nʃr	n ʃ r	hatr1234			Afro-Asiatic	643
1352	698_eagle	eagle	syriac	Classical Syriac	nešrā	neʃraː	n e ʃ r aː	clas1252	37.1129	42.1432	Afro-Asiatic	643
1355	698_eagle	eagle	hadramitic	Hadrami	ns₁r	ns₁r	n s ¹ r	hadr1235	15.528	47.603	Afro-Asiatic	643
1356	698_eagle	eagle	geez	Geez	nəsr	nəsr	n ə s r	geez1241	10.1342	40.6821	Afro-Asiatic	643
1357	698_eagle	eagle	tigre	Tigre	nəsər, näsər	nəsər	n ə s ə r	tigr1270	17.3494	38.2233	Afro-Asiatic	643
1360	698_eagle	eagle	jibbali	Jibbali	núšer	núʃer	n ú ʃ e r	sheh1240	17.29154	53.99526	Afro-Asiatic	643
1353	702_eaglefalcon	eagle, falcon	mandaic	Classical Mandaic	nišra	niʃra	n i ʃ r a	clas1253	36.1203	49.5659	Afro-Asiatic	643
1354	703_eaglevulture	eagle, vulture	arabic	Arabic	nasr-	nasr-	n a s r	arab1395			Afro-Asiatic	643
1348	700_eaglevulture	eagle; vulture	hebrew	Modern Hebrew	näšär	næʃær	n æ ʃ æ r	hebr1245	31.1056	35.0179	Afro-Asiatic	643
115	83_earlymorning	early morning	chaha	Chaha	ḳərärä	qˤəræræ	qˤ ə r æ r æ	chah1248			Afro-Asiatic	83
116	83_earlymorning	early morning	ezha	Ezha	ḳərärä	qˤəræræ	qˤ ə r æ r æ	ezha1238			Afro-Asiatic	83
117	83_earlymorning	early morning	endegen	Endegegny	ˀərǟˀrä	ʔəræːʔræ	ʔ ə r æː ʔ r æ	eneg1238			Afro-Asiatic	83
118	83_earlymorning	early morning	ennemor	Inoric	ˀərǟrˀä	ʔəræːrʔæ	ʔ ə r æː r ʔ æ	inor1238	7.94883	37.7968	Afro-Asiatic	83
119	83_earlymorning	early morning	gyeto	Gyeta	ḳərärä	qˤəræræ	qˤ ə r æ r æ	gyet1241			Afro-Asiatic	83
120	83_earlymorning	early morning	masqan	Mesqan	ḳərärä	qˤəræræ	qˤ ə r æ r æ	mesq1240	8.10617	38.3386	Afro-Asiatic	83
311	197_earring	earring	hebrew	Modern Hebrew	ˁāgīl	ʕaːgiːl	ʕ aː g iː l	hebr1245	31.1056	35.0179	Afro-Asiatic	129
928	520_earsofcorn	ears of corn	hebrew	Modern Hebrew	ˀābīb	ʔaːbiːb	ʔ aː b iː b	hebr1245	31.1056	35.0179	Afro-Asiatic	486
986	545_earth	earth	tigrinya	Tigrinya	mədri	mədri	m ə d r i	tigr1271	15.3359	38.9266	Afro-Asiatic	517
987	545_earth	earth	amharic	Amharic	mədər	mədər	m ə d ə r	amha1245	11.708182	39.543456	Afro-Asiatic	517
988	545_earth	earth	argobba	Argobba	mədər	mədər	m ə d ə r	argo1244	10.6596	39.756	Afro-Asiatic	517
995	545_earth	earth	soddo	Soddo	mədər	mədər	m ə d ə r	sodd1242			Afro-Asiatic	517
2378	1112_earthclay	earth, clay	pws	West Semitic	*mr(y)t	mrt	m r t	west2786			Afro-Asiatic	926
3175	1546_earthdust	earth, dust	syriac	Classical Syriac	ˀadamtā	ʔadamtaː	ʔ a d a m t aː	clas1252	37.1129	42.1432	Afro-Asiatic	1114
2374	1111_earthdustofthegrounddirtclaydung	earth, dust of the ground, dirt, clay, dung	geez	Geez	maret	maret	m a r e t	geez1241	10.1342	40.6821	Afro-Asiatic	925
3173	1545_earthground	earth, ground	pcs	Central Semitic	*ˀadamat-	ʔadamat-	ʔ a d a m a t	cent2236			Afro-Asiatic	1114
3174	1545_earthground	earth, ground	hebrew	Modern Hebrew	ˀădāmā	ʔădaːmaː	ʔ ă d aː m aː	hebr1245	31.1056	35.0179	Afro-Asiatic	1114
978	537_earthsoil	earth, soil	pws	West Semitic	*mVdVr-/*mVdr-	m-d-r-	m d r	west2786			Afro-Asiatic	517
2373	537_earthsoil	earth, soil	pes	East Semitic	*maray-t-	maraj-t-	m a r a j t	east2678			Afro-Asiatic	925
2375	537_earthsoil	earth, soil	tigre	Tigre	märet	mæret	m æ r e t	tigr1270	17.3494	38.2233	Afro-Asiatic	925
2376	537_earthsoil	earth, soil	tigrinya	Tigrinya	märet	mæret	m æ r e t	tigr1271	15.3359	38.9266	Afro-Asiatic	925
2377	537_earthsoil	earth, soil	amharic	Amharic	märet	mæret	m æ r e t	amha1245	11.708182	39.543456	Afro-Asiatic	925
2023	995_earthsoilgrounddirt	earth, soil, ground, dirt	tigrinya	Tigrinya	ḥamäd	ħamæd	ħ a m æ d	tigr1271	15.3359	38.9266	Afro-Asiatic	870
984	543_earthsoilgroundland	earth, soil, ground, land	geez	Geez	mədr	mədr	m ə d r	geez1241	10.1342	40.6821	Afro-Asiatic	517
2137	1016_earwax	earwax	harari	Harari	mār	maːr	m aː r	hara1271	9.30485	42.1332	Afro-Asiatic	889
2138	1016_earwax	earwax	endegen	Endegegny	maˀar	maʔar	m a ʔ a r	eneg1238			Afro-Asiatic	889
3395	1689_easerest	ease, rest	hebrew	Modern Hebrew	šalwā	ʃalwaː	ʃ a l w aː	hebr1245	31.1056	35.0179	Afro-Asiatic	1155
196	136_egg	egg	pcs	Central Semitic	*bayṣ̂-at-	bajɬˤ-at-	b a j ɬˤ a t	cent2236			Afro-Asiatic	109
197	136_egg	egg	hebrew	Modern Hebrew	bēṣā	beːsˤaː	b eː sˤ aː	hebr1245	31.1056	35.0179	Afro-Asiatic	109
198	136_egg	egg	jewishpalestinianaramaic	Jewish Palestinian Aramaic	byˁh	bjʕh	b j ʕ h	pale1261			Afro-Asiatic	109
199	136_egg	egg	jewishbabylonianaramaic	Jewish Babylonian Aramaic (ca. 200-1200 CE)	bayˁṯā, bēṯā	bajʕθaː	b a j ʕ θ aː	jewi1240	32.273	44.245	Afro-Asiatic	109
201	136_egg	egg	mandaic	Classical Mandaic	bita	bita	b i t a	clas1253	36.1203	49.5659	Afro-Asiatic	109
202	136_egg	egg	maalula	Maaloula	bēˁṯa	beːʕθa	b eː ʕ θ a	malu1250			Afro-Asiatic	109
204	136_egg	egg	arabic	Arabic	bayḍat-	bajdˤat-	b a j dˤ a t	arab1395			Afro-Asiatic	109
205	136_egg	egg	tigre	Tigre	bäyəč̣	bæjəč̣	b æ j ə č̣	tigr1270	17.3494	38.2233	Afro-Asiatic	109
206	136_egg	egg	mehri	Mehri	bīḏ̣ayt	biːðˤajt	b iː ðˤ a j t	mehr1241	16.793	52.473	Afro-Asiatic	109
207	136_egg	egg	jibbali	Jibbali	béḏ̣	béðˤ	b é ðˤ	sheh1240	17.29154	53.99526	Afro-Asiatic	109
208	136_egg	egg	harsusi	Harsusi	bēḏ̣eh	beːðˤeh	b eː ðˤ e h	hars1241	19.6511	56.1562	Afro-Asiatic	109
2059	136_egg	egg	pes	East Semitic	*ˀanḳoḳəḥo	ʔanqˤoqˤəħo	ʔ a n qˤ o qˤ ə ħ o	east2678			Afro-Asiatic	875
2060	136_egg	egg	geez	Geez	ˀanḳoḳəḥo	ʔanqˤoqˤəħo	ʔ a n qˤ o qˤ ə ħ o	geez1241	10.1342	40.6821	Afro-Asiatic	875
2061	136_egg	egg	tigre	Tigre	ˀənḳoḳəḥo	ʔənqˤoqˤəħo	ʔ ə n qˤ o qˤ ə ħ o	tigr1270	17.3494	38.2233	Afro-Asiatic	875
2062	136_egg	egg	tigrinya	Tigrinya	ˀənḳʷaḳʷəḥo	ʔənqˤʷaqˤʷəħo	ʔ ə n qʷˤ a qʷˤ ə ħ o	tigr1271	15.3359	38.9266	Afro-Asiatic	875
2063	136_egg	egg	harari	Harari	aḳuḥ	aqˤuħ	a qˤ u ħ	hara1271	9.30485	42.1332	Afro-Asiatic	875
2064	136_egg	egg	soddo	Soddo	anḳo	anqˤo	a n qˤ o	sodd1242			Afro-Asiatic	875
5870	136_egg	egg	pws	West Semitic	*ḳīḳ(-at)-	qˤiːqˤ-	qˤ iː qˤ	west2786			Afro-Asiatic	1849
5875	3234_eggofthelouse	egg of the louse	harari	Harari	č̣iḳāy	č̣iqˤaːj	č̣ i qˤ aː j	hara1271	9.30485	42.1332	Afro-Asiatic	1849
200	137_eggpltesticlesskullbaldportiononheadplarch	egg; (pl.) testicles; skull, bald portion on head; (pl.) arch	syriac	Classical Syriac	bīˁtā	biːʕtaː	b iː ʕ t aː	clas1252	37.1129	42.1432	Afro-Asiatic	109
1501	755_eggsoflocust	eggs of locust	arabic	Arabic	qaṣam-	qasˤam-	q a sˤ a m	arab1395			Afro-Asiatic	680
5829	3197_eineschwammartetwamorchelatypeofspongesuchasmorel	eine Schwammart, etwa Morchel (a type of sponge, such as morel)	hebrew	Modern Hebrew	piṭrā	pitˤraː	p i tˤ r aː	hebr1245	31.1056	35.0179	Afro-Asiatic	1818
5305	2883_elbow	elbow	jewishpalestinianaramaic	Jewish Palestinian Aramaic	ˀṣyl	ʔsˤjl	ʔ sˤ j l	pale1261			Afro-Asiatic	1478
5306	2883_elbow	elbow	syriac	Classical Syriac	yaṣṣilā	jasˤsˤilaː	j a sˤ sˤ i l aː	clas1252	37.1129	42.1432	Afro-Asiatic	1478
5307	2883_elbow	elbow	mandaic	Classical Mandaic	iaṣila	iasˤila	i a sˤ i l a	clas1253	36.1203	49.5659	Afro-Asiatic	1478
6038	2883_elbow	elbow	pcs	Central Semitic	*ma-rpiḳ-	ma-rpiqˤ-	m a r p i qˤ	cent2236			Afro-Asiatic	1917
6039	2883_elbow	elbow	hebrew	Modern Hebrew	marpēḳ	marpeːqˤ	m a r p eː qˤ	hebr1245	31.1056	35.0179	Afro-Asiatic	1917
6040	2883_elbow	elbow	jewishbabylonianaramaic	Jewish Babylonian Aramaic (ca. 200-1200 CE)	marpəḳā	marpəqˤaː	m a r p ə qˤ aː	jewi1240	32.273	44.245	Afro-Asiatic	1917
6041	2883_elbow	elbow	arabic	Arabic	marfiq-, mirfaq-	marfiq-	m a r f i q	arab1395			Afro-Asiatic	1917
3097	1486_elevatedpartofthecheek	elevated part of the cheek	arabic	Arabic	waǯnat-	wagnat-	w a g n a t	arab1395			Afro-Asiatic	1097
3098	1486_elevatedpartofthecheek	elevated part of the cheek	arabic	Arabic	ˀaǯnat-, ˀiǯnat-, ˀuǯnat-	ʔagnat-	ʔ a g n a t	arab1395			Afro-Asiatic	1097
3094	1483_embryofoetus	embryo, foetus	arabic	Arabic	ǯanīn-	ganiːn-	g a n iː n	arab1395			Afro-Asiatic	1096
5345	2903_empan	empan	soqotri	Soqotri	ŝézir	ɬézir	ɬ é z i r	soqo1240	12.4892	53.9168	Afro-Asiatic	1499
5438	2956_enfacedeinfrontofopposed	en face de (in front of, opposed)	minaean	Minaean	ḳbly	qˤblj	qˤ b l j	mina1279	16.166667	44.672778	Afro-Asiatic	1589
5435	2954_enpremierlieudevantenpresencedeinthefirstplaceinfrontofinthepresenceof	en premier lieu, devant, en présence de (in the first place, in front of, in the presence of)	arabic	Arabic	qubulan	qubulan	q u b u l a n	arab1395			Afro-Asiatic	1589
3145	1520_endansavecparaumoyendecontreinwithbybymeansofagainst	en, dans, avec, par, au moyen de, contre (in; with, by, by means of; against)	minaean	Minaean	b	b	b	mina1279	16.166667	44.672778	Afro-Asiatic	1106
5493	2991_enclosedfield	enclosed field	sabaic	Sabaic	mḥgl	mħgl	m ħ g l	saba1279	15.42	45.35	Afro-Asiatic	1673
3549	1794_enclosureforcamels	enclosure for camels	arabic	Arabic	ǯadīrat-	gadiːrat-	g a d iː r a t	arab1395			Afro-Asiatic	1173
3435	1718_enemy	enemy	ugaritic	Ugaritic	šnˀu	ʃnʔu	ʃ n ʔ u	ugar1238	35.6	35.78	Afro-Asiatic	1160
3440	1718_enemy	enemy	qatabanian	Qatabanian	s₂nˀ	s₂nʔ	s ² n ʔ	qata1238	14.8	45.733333	Afro-Asiatic	1160
4626	2449_enfantpetitgarconchildlittleboy	enfant, petit garçon (child, little boy)	minaean	Minaean	fty	ftj	f t j	mina1279	16.166667	44.672778	Afro-Asiatic	1301
5847	3212_engraver	engraver	ugaritic	Ugaritic	psl	psl	p s l	ugar1238	35.6	35.78	Afro-Asiatic	1826
6186	3404_enlargement	enlargement	sabaic	Sabaic	mfs₁ḥt	mfs₁ħt	m f s ¹ ħ t	saba1279	15.42	45.35	Afro-Asiatic	1952
4186	2165_entreparmidansdeuxchosesalafoisbetweenamongintwothingsatthesametime	entre, parmi, dans deux choses à la fois  (between, among, in two things at the same time)	minaean	Minaean	byn	bjn	b j n	mina1279	16.166667	44.672778	Afro-Asiatic	1253
4210	2179_entrersecouchersoleil	entrer, se coucher (soleil)	gafat	Gafat	gäbbä	gæbbæ	g æ b b æ	gafa1240	11.5764	39.5605	Afro-Asiatic	1256
226	147_epidermismankind	epidermis; mankind	arabic	Arabic	bašar-	baʃar-	b a ʃ a r	arab1395			Afro-Asiatic	114
3411	1701_equal	equal	jibbali	Jibbali	siɛˀ	siɛʔ	s i ɛ ʔ	sheh1240	17.29154	53.99526	Afro-Asiatic	1156
2876	1388_eristhungrigheishungry	er ist hungrig (he is hungry)	argobba	Argobba	rɛḥaw-ɛy	rɛħaw-ɛj	r ɛ ħ a w ɛ j	argo1244	10.6596	39.756	Afro-Asiatic	1032
696	428_ersahhesaw	er sah (he saw)	argobba	Argobba	reˀ	reʔ	r e ʔ	argo1244	10.6596	39.756	Afro-Asiatic	330
2498	1148_erblinden	erblinden	maalula	Maaloula	ˁwr	ʕwr	ʕ w r	malu1250			Afro-Asiatic	938
2814	1346_erosionofthehumpofacamel	erosion of the hump of a camel	arabic	Arabic	ǯabab-	gabab-	g a b a b	arab1395			Afro-Asiatic	1014
5197	2817_eventincidentoutcome	event, incident, outcome	sabaic	Sabaic	mngw	mngw	m n g w	saba1279	15.42	45.35	Afro-Asiatic	1413
1218	648_ewe	ewe	pws	West Semitic	*raḫil-	raxil-	r a x i l	west2786			Afro-Asiatic	599
1219	648_ewe	ewe	akkadian	Akkadian	laḫru	laxru	l a x r u	akka1240	33.1	44.1	Afro-Asiatic	599
1220	648_ewe	ewe	hebrew	Modern Hebrew	rāḥēl	raːħeːl	r aː ħ eː l	hebr1245	31.1056	35.0179	Afro-Asiatic	599
1221	648_ewe	ewe	deiralla	Canaanite	rḥl	rħl	r ħ l	cana1267			Afro-Asiatic	599
1222	648_ewe	ewe	jewishpalestinianaramaic	Jewish Palestinian Aramaic	räḥlā	ræħlaː	r æ ħ l aː	pale1261			Afro-Asiatic	599
1223	648_ewe	ewe	samaritan	Samaritan	rḥl	rħl	r ħ l	sama1313	32.0817	35.4487	Afro-Asiatic	599
1224	648_ewe	ewe	jewishbabylonianaramaic	Jewish Babylonian Aramaic (ca. 200-1200 CE)	rḥēlā	rħeːlaː	r ħ eː l aː	jewi1240	32.273	44.245	Afro-Asiatic	599
1225	648_ewe	ewe	arabic	Arabic	riḫl(at)-	rixl-	r i x l	arab1395			Afro-Asiatic	599
3325	1640_excellence	excellence	pcs	Central Semitic	*magd-	magd-	m a g d	cent2236			Afro-Asiatic	1141
3327	1642_excellenceofgiftsofnature	excellence (of gifts of nature)	hebrew	Modern Hebrew	mägäd	mægæd	m æ g æ d	hebr1245	31.1056	35.0179	Afro-Asiatic	1141
5300	2878_exceptonly	except, only	hebrew	Modern Hebrew	zūlā	zuːlaː	z uː l aː	hebr1245	31.1056	35.0179	Afro-Asiatic	1465
5299	2877_exceptbeside	except; beside	pws	West Semitic	*zVl-t-	z-l-t-	z l t	west2786			Afro-Asiatic	1465
303	189_excessredundancesuperioritysmallmountains	excess, redundance, superiority; small mountains	arabic	Arabic	raym-	rajm-	r a j m	arab1395			Afro-Asiatic	128
2687	1288_excrement	excrement	syriac	Classical Syriac	ḥeryā	ħerjaː	ħ e r j aː	clas1252	37.1129	42.1432	Afro-Asiatic	988
2692	1288_excrement	excrement	tigre	Tigre	ḥarəˁ	ħarəʕ	ħ a r ə ʕ	tigr1270	17.3494	38.2233	Afro-Asiatic	988
2694	1288_excrement	excrement	amharic	Amharic	ar	ar	a r	amha1245	11.708182	39.543456	Afro-Asiatic	988
2696	1288_excrement	excrement	argobba	Argobba	har	har	h a r	argo1244	10.6596	39.756	Afro-Asiatic	988
2704	1288_excrement	excrement	soqotri	Soqotri	ḥaryómoh	ħarjómoh	ħ a r j ó m o h	soqo1240	12.4892	53.9168	Afro-Asiatic	988
2727	1288_excrement	excrement	akkadian	Akkadian	zû	zû	z û	akka1240	33.1	44.1	Afro-Asiatic	991
5513	1288_excrement	excrement	harsusi	Harsusi	γeb	ɣeb	ɣ e b	hars1241	19.6511	56.1562	Afro-Asiatic	1702
6578	1288_excrement	excrement	pws	West Semitic	*γāyiṭ	ɣaːjitˤ	ɣ aː j i tˤ	west2786			Afro-Asiatic	2106
2691	1292_excrementhumainhumanexcrement	excrement humain (human excrement)	arabic	Arabic	ḫary-	xarj-	x a r j	arab1395			Afro-Asiatic	988
2697	1295_excrementofamanoradog	excrement of a man or a dog	chaha	Chaha	arä	aræ	a r æ	chah1248			Afro-Asiatic	988
2698	1295_excrementofamanoradog	excrement of a man or a dog	ezha	Ezha	arä	aræ	a r æ	ezha1238			Afro-Asiatic	988
2699	1295_excrementofamanoradog	excrement of a man or a dog	endegen	Endegegny	arˀä	arʔæ	a r ʔ æ	eneg1238			Afro-Asiatic	988
2700	1295_excrementofamanoradog	excrement of a man or a dog	gyeto	Gyeta	arˀä	arʔæ	a r ʔ æ	gyet1241			Afro-Asiatic	988
2701	1295_excrementofamanoradog	excrement of a man or a dog	muher	Muher	arä	aræ	a r æ	muhe1234			Afro-Asiatic	988
2702	1295_excrementofamanoradog	excrement of a man or a dog	gogot	Kistane	arä	aræ	a r æ	kist1241	8.33561	38.4763	Afro-Asiatic	988
2703	1295_excrementofamanoradog	excrement of a man or a dog	soddo	Soddo	arä	aræ	a r æ	sodd1242			Afro-Asiatic	988
6579	3669_excrementofcalvesgoatsandothersucklinganimals	excrement of calves, goats and other suckling animals	tigrinya	Tigrinya	ḥeṭo	ħetˤo	ħ e tˤ o	tigr1271	15.3359	38.9266	Afro-Asiatic	2106
2730	1314_excrementdisgustingspew	excrement, disgusting spew	hebrew	Modern Hebrew	ṣōˀā	sˤoːʔaː	sˤ oː ʔ aː	hebr1245	31.1056	35.0179	Afro-Asiatic	991
2682	1283_excrementdregs	excrement, dregs	pws	West Semitic	*ḫVrˀ-	x-rʔ-	x r ʔ	west2786			Afro-Asiatic	988
2689	1290_excrementdung	excrement, dung	mandaic	Classical Mandaic	hra (hira)	hra	h r a	clas1253	36.1203	49.5659	Afro-Asiatic	988
2724	1309_excrementexcreta	excrement; excreta	pws	West Semitic	*ṯ̣iˀ-at-	θˤiʔ-at-	θˤ i ʔ a t	west2786			Afro-Asiatic	991
2693	1293_excrementoumanohumanexcrement	excremento umano (human excrement)	tigrinya	Tigrinya	ḥarˀi	ħarʔi	ħ a r ʔ i	tigr1271	15.3359	38.9266	Afro-Asiatic	988
2686	1287_excrements	excrements	jewishpalestinianaramaic	Jewish Palestinian Aramaic	ḥārē, ḥārayyā	ħaːreː	ħ aː r eː	pale1261			Afro-Asiatic	988
5511	3005_excreta	excreta	jibbali	Jibbali	γɔb	ɣɔb	ɣ ɔ b	sheh1240	17.29154	53.99526	Afro-Asiatic	1702
5509	3004_excretafaeces	excreta, faeces	mehri	Mehri	γōb	ɣoːb	ɣ oː b	mehr1241	16.793	52.473	Afro-Asiatic	1702
2736	1320_excrements	excréments	gafat	Gafat	č̣ič̣ätä	č̣ič̣ætæ	č̣ i č̣ æ t æ	gafa1240	11.5764	39.5605	Afro-Asiatic	991
6659	3733_expectavittowait	expectavit (to wait)	syriac	Classical Syriac	sky	skj	s k j	clas1252	37.1129	42.1432	Afro-Asiatic	2164
1839	925_eyeball	eyeball	hebrew	Modern Hebrew	bābat hā-ˁayin	baːbat	b aː b a t	hebr1245	31.1056	35.0179	Afro-Asiatic	816
3992	2049_eyebrow	eyebrow	jewishpalestinianaramaic	Jewish Palestinian Aramaic	gbyn	gbjn	g b j n	pale1261			Afro-Asiatic	1230
3989	2047_eyebrowfront	eyebrow, front	pcs	Central Semitic	*gVb(b)ān-	g-baːn-	g b aː n	cent2236			Afro-Asiatic	1230
3994	2051_eyebrows	eyebrows	syriac	Classical Syriac	gbintā	gbintaː	g b i n t aː	clas1252	37.1129	42.1432	Afro-Asiatic	1230
3993	2050_eyebrowssummitpeak	eyebrows; summit, peak	syriac	Classical Syriac	gbinā	gbinaː	g b i n aː	clas1252	37.1129	42.1432	Afro-Asiatic	1230
2721	1307_faeces	faeces	mandaic	Classical Mandaic	glalaia	glalaia	g l a l a i a	clas1253	36.1203	49.5659	Afro-Asiatic	990
6017	3308_fallowground	fallow ground	tigre	Tigre	bädu	bædu	b æ d u	tigr1270	17.3494	38.2233	Afro-Asiatic	1906
2889	1393_familygroupclanpeople	family group, clan, people	minaean	Minaean	ˁm	ʕm	ʕ m	mina1279	16.166667	44.672778	Afro-Asiatic	1033
5703	3126_farawaydesert	far away desert	jibbali	Jibbali	ɛbrɔ́r	ɛbrɔ́r	ɛ b r ɔ́ r	sheh1240	17.29154	53.99526	Afro-Asiatic	1784
1580	810_fardeau	fardeau	tigre	Tigre	šäkəm	ʃækəm	ʃ æ k ə m	tigr1270	17.3494	38.2233	Afro-Asiatic	710
2635	1257_farequalchesegnoinfronteeccadunabestiaperriconoscerlamakesomemarkontheforeheadetconabeasttorecognizeit	fare qualche segno in fronte ecc. ad una bestia per riconoscerla (make some mark on the forehead etc. on a beast to recognize it)	tigrinya	Tigrinya	ḳʷärḥe	qˤʷærħe	qʷˤ æ r ħ e	tigr1271	15.3359	38.9266	Afro-Asiatic	969
439	278_fat	fat	pws	West Semitic	*ŝabḥ/*ŝVbḥ-	ɬabħ	ɬ a b ħ	west2786			Afro-Asiatic	177
440	278_fat	fat	geez	Geez	ŝəbḥ	ɬəbħ	ɬ ə b ħ	geez1241	10.1342	40.6821	Afro-Asiatic	177
441	278_fat	fat	tigre	Tigre	šəbəḥ	ʃəbəħ	ʃ ə b ə ħ	tigr1270	17.3494	38.2233	Afro-Asiatic	177
442	278_fat	fat	tigrinya	Tigrinya	səbḥi	səbħi	s ə b ħ i	tigr1271	15.3359	38.9266	Afro-Asiatic	177
443	278_fat	fat	amharic	Amharic	səb	səb	s ə b	amha1245	11.708182	39.543456	Afro-Asiatic	177
444	278_fat	fat	harari	Harari	säbah	sæbah	s æ b a h	hara1271	9.30485	42.1332	Afro-Asiatic	177
445	278_fat	fat	chaha	Chaha	səwä	səwæ	s ə w æ	chah1248			Afro-Asiatic	177
455	278_fat	fat	harsusi	Harsusi	ŝabḥ	ɬabħ	ɬ a b ħ	hars1241	19.6511	56.1562	Afro-Asiatic	177
456	278_fat	fat	soqotri	Soqotri	ŝabḥ	ɬabħ	ɬ a b ħ	soqo1240	12.4892	53.9168	Afro-Asiatic	177
1545	278_fat	fat	pcs	Central Semitic	*ḫilb-	xilb-	x i l b	cent2236			Afro-Asiatic	699
1547	278_fat	fat	phoenician	Phoenician	ḥlb	ħlb	ħ l b	phoe1239	34.12	35.65	Afro-Asiatic	699
1549	278_fat	fat	jewishpalestinianaramaic	Jewish Palestinian Aramaic	ḥlb	ħlb	ħ l b	pale1261			Afro-Asiatic	699
1553	278_fat	fat	pcs	Central Semitic	*pidr-	pidr-	p i d r	cent2236			Afro-Asiatic	702
3057	278_fat	fat	pws	West Semitic	*duhn-, *daha/in-	duhn-	d u h n	west2786			Afro-Asiatic	1091
3059	278_fat	fat	palmyrean	Palmyrene	dhn	dhn	d h n	palm1242			Afro-Asiatic	1091
3061	278_fat	fat	jewishbabylonianaramaic	Jewish Babylonian Aramaic (ca. 200-1200 CE)	dahănā	dahănaː	d a h ă n aː	jewi1240	32.273	44.245	Afro-Asiatic	1091
5769	278_fat	fat	hebrew	Modern Hebrew	pīmā	piːmaː	p iː m aː	hebr1245	31.1056	35.0179	Afro-Asiatic	1804
1548	787_fatcoveringtheentrailskidneysandliverbreastetc	fat (covering the entrails, kidneys and liver, breast, etc.)	hebrew	Modern Hebrew	ḥēläb	ħeːlæb	ħ eː l æ b	hebr1245	31.1056	35.0179	Afro-Asiatic	699
3013	1440_fatgirlabogyabouttheseizeofacow	fat girl; a bogy about the seize of a cow	jibbali	Jibbali	fhəddέt	fhəddɛt	f h ə d d ɛ t	sheh1240	17.29154	53.99526	Afro-Asiatic	1081
454	281_fatonmeatwhichisadelicacy	fat on meat, which is a delicacy	jibbali	Jibbali	ŝabḥ	ɬabħ	ɬ a b ħ	sheh1240	17.29154	53.99526	Afro-Asiatic	177
5318	2893_fatpartofthestomach	fat part of the stomach	endegen	Endegegny	sämbär	sæmbær	s æ m b æ r	eneg1238			Afro-Asiatic	1496
830	485_fattail	fat tail	hebrew	Modern Hebrew	ˀalyā	ʔaljaː	ʔ a l j aː	hebr1245	31.1056	35.0179	Afro-Asiatic	385
829	484_fattailofacertainraceofsheep	fat tail (of a certain race of sheep)	pws	West Semitic	*ˀaly-at-	ʔalj-at-	ʔ a l j a t	west2786			Afro-Asiatic	385
453	280_fatcorpulence	fat; corpulence	mehri	Mehri	ŝabḥ	ɬabħ	ɬ a b ħ	mehr1241	16.793	52.473	Afro-Asiatic	177
1555	792_fatdungmanure	fat; dung, manure	jewishbabylonianaramaic	Jewish Babylonian Aramaic (ca. 200-1200 CE)	pidrā	pidraː	p i d r aː	jewi1240	32.273	44.245	Afro-Asiatic	702
1551	789_fatmembranediaphragm	fat; membrane, diaphragm	syriac	Classical Syriac	ḥelbā	ħelbaː	ħ e l b aː	clas1252	37.1129	42.1432	Afro-Asiatic	699
3062	1460_fatness	fatness	syriac	Classical Syriac	dūhānā	duːhaːnaː	d uː h aː n aː	clas1252	37.1129	42.1432	Afro-Asiatic	1091
1546	786_fatscoveringtheskinorintestines	fats covering the skin or intestines	ugaritic	Ugaritic	ḫlb	xlb	x l b	ugar1238	35.6	35.78	Afro-Asiatic	699
831	486_fattail	fattail	jewishpalestinianaramaic	Jewish Palestinian Aramaic	ˀalyətā, ˀallītā	ʔaljətaː	ʔ a l j ə t aː	pale1261			Afro-Asiatic	385
1619	830_fattailrumpbreastofananimal	fattail, rump, breast of an animal	jewishbabylonianaramaic	Jewish Babylonian Aramaic (ca. 200-1200 CE)	nəyāˁā, nīˁā	nəjaːʕaː	n ə j aː ʕ aː	jewi1240	32.273	44.245	Afro-Asiatic	719
3058	1458_fatteningsubstanceurinsoakeddung	fattening substance, urinsoaked dung	hebrew	Modern Hebrew	dāhōn	daːhoːn	d aː h oː n	hebr1245	31.1056	35.0179	Afro-Asiatic	1091
5385	2923_faveurfavor	faveur (favor)	minaean	Minaean	ḥṯ̣y	ħθˤj	ħ θˤ j	mina1279	16.166667	44.672778	Afro-Asiatic	1560
5382	2921_favor	favor	sabaic	Sabaic	ḥṯ̣y	ħθˤj	ħ θˤ j	saba1279	15.42	45.35	Afro-Asiatic	1560
1116	604_fawnlightbrown	fawn, light brown	jibbali	Jibbali	ṣahbɔ́b	sˤahbɔ́b	sˤ a h b ɔ́ b	sheh1240	17.29154	53.99526	Afro-Asiatic	577
1606	824_femalebreast	female breast	pws	West Semitic	*ṯad(y)-	θad-	θ a d	west2786			Afro-Asiatic	718
1608	824_femalebreast	female breast	hebrew	Modern Hebrew	šād	ʃaːd	ʃ aː d	hebr1245	31.1056	35.0179	Afro-Asiatic	718
1615	824_femalebreast	female breast	jibbali	Jibbali	ṯɔ́dεˀ	θɔ́dεʔ	θ ɔ́ d ɛ ʔ	sheh1240	17.29154	53.99526	Afro-Asiatic	718
344	227_femaleelephant	female elephant	tigre	Tigre	ˀǝrwät	ʔǝrwæt	ʔ ə r w æ t	tigr1270	17.3494	38.2233	Afro-Asiatic	135
5740	3146_femalegenitalorgansclitoris	female genital organs, clitoris	chaha	Chaha	fəyä	fəjæ	f ə j æ	chah1248			Afro-Asiatic	1797
5741	3146_femalegenitalorgansclitoris	female genital organs, clitoris	ezha	Ezha	fəyyä	fəjjæ	f ə j j æ	ezha1238			Afro-Asiatic	1797
5742	3146_femalegenitalorgansclitoris	female genital organs, clitoris	endegen	Endegegny	fiˀä	fiʔæ	f i ʔ æ	eneg1238			Afro-Asiatic	1797
5743	3146_femalegenitalorgansclitoris	female genital organs, clitoris	ennemor	Inoric	fiˀä	fiʔæ	f i ʔ æ	inor1238	7.94883	37.7968	Afro-Asiatic	1797
5744	3146_femalegenitalorgansclitoris	female genital organs, clitoris	gyeto	Gyeta	fiyä	fijæ	f i j æ	gyet1241			Afro-Asiatic	1797
5745	3146_femalegenitalorgansclitoris	female genital organs, clitoris	muher	Muher	fəyä	fəjæ	f ə j æ	muhe1234			Afro-Asiatic	1797
5746	3146_femalegenitalorgansclitoris	female genital organs, clitoris	masqan	Mesqan	fəyä	fəjæ	f ə j æ	mesq1240	8.10617	38.3386	Afro-Asiatic	1797
792	465_femaleofthevulturpercnopteruseagle	female of the vultur percnopterus, eagle	arabic	Arabic	ˀanūq-	ʔanuːq-	ʔ a n uː q	arab1395			Afro-Asiatic	364
1028	566_femaleonager	female onager	syriac	Classical Syriac	ˁrādta	ʕraːdta	ʕ r aː d t a	clas1252	37.1129	42.1432	Afro-Asiatic	527
3546	1792_fence	fence	jewishbabylonianaramaic	Jewish Babylonian Aramaic (ca. 200-1200 CE)	gādērā	gaːdeːraː	g aː d eː r aː	jewi1240	32.273	44.245	Afro-Asiatic	1173
3542	1788_fencewall	fence, wall	pcs	Central Semitic	*gVdVr-	g-d-r-	g d r	cent2236			Afro-Asiatic	1173
3550	1788_fencewall	fence, wall	minaean	Minaean	gdr	gdr	g d r	mina1279	16.166667	44.672778	Afro-Asiatic	1173
3632	1852_fermentatusesttobefermented	fermentatus est (to be fermented)	christianpalestinianaramaic	Christian Palestinian Aramaic	ḥmr	ħmr	ħ m r	chri1239			Afro-Asiatic	1182
3276	1610_festival	festival	pcs	Central Semitic	*ḥagg-	ħagg-	ħ a g g	cent2236			Afro-Asiatic	1134
3278	1610_festival	festival	syriac	Classical Syriac	ḥaggā	ħaggaː	ħ a g g aː	clas1252	37.1129	42.1432	Afro-Asiatic	1134
3280	1610_festival	festival	sabaic	Sabaic	ḥg	ħg	ħ g	saba1279	15.42	45.35	Afro-Asiatic	1134
3281	1610_festival	festival	qatabanian	Qatabanian	ḥg	ħg	ħ g	qata1238	14.8	45.733333	Afro-Asiatic	1134
4098	2113_fetusinfant	fetus; infant	syriac	Classical Syriac	ˁilā	ʕilaː	ʕ i l aː	clas1252	37.1129	42.1432	Afro-Asiatic	1246
5687	3112_field	field	pws	West Semitic	*barr-	barr-	b a r r	west2786			Afro-Asiatic	1784
82	58_fieldarableland	field, arable land	qatabanian	Qatabanian	bḏr	bðr	b ð r	qata1238	14.8	45.733333	Afro-Asiatic	54
5691	3116_fieldcountryside	field, countryside	biblicalaramaic	Imperial Aramaic (700-300 BCE)	bārā	baːraː	b aː r aː	impe1235	33.905	42.185	Afro-Asiatic	1784
5696	3119_fieldexternalpart	field, external part	syriac	Classical Syriac	barrā	barraː	b a r r aː	clas1252	37.1129	42.1432	Afro-Asiatic	1784
1014	559_fieldlandcountry	field, land, country	syriac	Classical Syriac	dabrā	dabraː	d a b r aː	clas1252	37.1129	42.1432	Afro-Asiatic	525
5695	3118_fieldwildexternalpart	field, wild, external part	christianpalestinianaramaic	Christian Palestinian Aramaic	br	br	b r	chri1239			Afro-Asiatic	1784
2707	1298_fientedelelephantelephantdung	fiente de l'éléphant (elephant dung)	arabic	Arabic	ḍafˁ-	dˤafʕ-	dˤ a f ʕ	arab1395			Afro-Asiatic	989
2709	1300_filthexcrement	filth, excrement	geez	Geez	ṣ̂əfˁ	ɬˤəfʕ	ɬˤ ə f ʕ	geez1241	10.1342	40.6821	Afro-Asiatic	989
1697	881_finger	finger	pws	West Semitic	*ˀiṣbaˁ-	ʔisˤbaʕ-	ʔ i sˤ b a ʕ	west2786			Afro-Asiatic	739
1698	881_finger	finger	akkadian	Akkadian	NI-iṣ-bit-tú	---isˤ-bit-tú	i sˤ b i t t ú	akka1240	33.1	44.1	Afro-Asiatic	739
1700	881_finger	finger	ugaritic	Ugaritic	ˀuṣbˁ	ʔusˤbʕ	ʔ u sˤ b ʕ	ugar1238	35.6	35.78	Afro-Asiatic	739
1701	881_finger	finger	hebrew	Modern Hebrew	ˀäṣbaˁ	ʔæsˤbaʕ	ʔ æ sˤ b a ʕ	hebr1245	31.1056	35.0179	Afro-Asiatic	739
1702	881_finger	finger	officialaramaic	Middle-Modern Aramaic	ˀṣbˁ	ʔsˤbʕ	ʔ sˤ b ʕ	midd1367			Afro-Asiatic	739
1709	881_finger	finger	arabic	Arabic	ˀiṣbaˁ-, ˀaṣbaˁ-, ˀiṣbiˁ-, ˀaṣbiˁ-, ˀaṣbuˁ-, ˀiṣbuˁ-, ˀuṣbuˁ-, ˀuṣbiˁ-, ˀuṣbūˁ-	ʔisˤbaʕ-	ʔ i sˤ b a ʕ	arab1395			Afro-Asiatic	739
1710	881_finger	finger	sabaic	Sabaic	ˀṣbˁ	ʔsˤbʕ	ʔ sˤ b ʕ	saba1279	15.42	45.35	Afro-Asiatic	739
1711	881_finger	finger	geez	Geez	ˀaṣbaˁ(ə)t	ʔasˤbaʕt	ʔ a sˤ b a ʕ t	geez1241	10.1342	40.6821	Afro-Asiatic	739
1712	881_finger	finger	tigre	Tigre	č̣əbˁət	č̣əbʕət	č̣ ə b ʕ ə t	tigr1270	17.3494	38.2233	Afro-Asiatic	739
1713	881_finger	finger	tigrinya	Tigrinya	ˀaṣabəˁ, ˀaṣbaˁti, ṣäbaˁti	ʔasˤabəʕ	ʔ a sˤ a b ə ʕ	tigr1271	15.3359	38.9266	Afro-Asiatic	739
1714	881_finger	finger	amharic	Amharic	ṭat, ṣat, əṭat	tˤat	tˤ a t	amha1245	11.708182	39.543456	Afro-Asiatic	739
1715	881_finger	finger	argobba	Argobba	ṭad, ṭawt, ṭaˁut	tˤad	tˤ a d	argo1244	10.6596	39.756	Afro-Asiatic	739
1716	881_finger	finger	harari	Harari	aṭābiñña	atˤaːbiñña	a tˤ aː b i ɲ ɲ a	hara1271	9.30485	42.1332	Afro-Asiatic	739
1717	881_finger	finger	selti	Silt'e	ənṭābit	əntˤaːbit	ə n tˤ aː b i t	silt1240	7.77004	38.1449	Afro-Asiatic	739
1718	881_finger	finger	wolane	Wolane	ənṭabit	əntˤabit	ə n tˤ a b i t	wola1253	8.23	38.14	Afro-Asiatic	739
1719	881_finger	finger	zway	Zay	ənṭābit	əntˤaːbit	ə n tˤ aː b i t	zayy1238	8.01148	38.8258	Afro-Asiatic	739
1733	881_finger	finger	jibbali	Jibbali	ˀiṣbáˁ	ʔisˤbáʕ	ʔ i sˤ b á ʕ	sheh1240	17.29154	53.99526	Afro-Asiatic	739
1734	881_finger	finger	harsusi	Harsusi	ḥaṣ̌báˀ	ħasˤ̌báʔ	ħ a sˤ̌ b á ʔ	hars1241	19.6511	56.1562	Afro-Asiatic	739
1735	881_finger	finger	soqotri	Soqotri	éṣbeˁ	ésˤbeʕ	é sˤ b e ʕ	soqo1240	12.4892	53.9168	Afro-Asiatic	739
1706	886_fingerespindexfinger	finger, esp. index finger	jewishbabylonianaramaic	Jewish Babylonian Aramaic (ca. 200-1200 CE)	ˀaṣbˁā	ʔasˤbʕaː	ʔ a sˤ b ʕ aː	jewi1240	32.273	44.245	Afro-Asiatic	739
1705	885_fingertoe	finger, toe	jewishpalestinianaramaic	Jewish Palestinian Aramaic	ˀṣbˁ, ˀṣbˁh,	ʔsˤbʕ	ʔ sˤ b ʕ	pale1261			Afro-Asiatic	739
1707	885_fingertoe	finger, toe	syriac	Classical Syriac	ṣebˁā	sˤebʕaː	sˤ e b ʕ aː	clas1252	37.1129	42.1432	Afro-Asiatic	739
1708	885_fingertoe	finger, toe	mandaic	Classical Mandaic	ṣibita, ˁṣba	sˤibita	sˤ i b i t a	clas1253	36.1203	49.5659	Afro-Asiatic	739
1732	888_fingertoe	finger; toe	mehri	Mehri	ṣ̌əbáˀ	ʃ̣əbáʔ	ʃ̣ ə b á ʔ	mehr1241	16.793	52.473	Afro-Asiatic	739
3326	1641_firstqualityfruits	firstquality fruits	akkadian	Akkadian	migdu	migdu	m i g d u	akka1240	33.1	44.1	Afro-Asiatic	1141
2065	1001_fish	fish	pes	East Semitic	*ˁaŝā	ʕaɬaː	ʕ a ɬ aː	east2678			Afro-Asiatic	876
2066	1001_fish	fish	geez	Geez	ˁāŝā	ʕaːɬaː	ʕ aː ɬ aː	geez1241	10.1342	40.6821	Afro-Asiatic	876
2067	1001_fish	fish	tigre	Tigre	ˁāsā	ʕaːsaː	ʕ aː s aː	tigr1270	17.3494	38.2233	Afro-Asiatic	876
2068	1001_fish	fish	tigrinya	Tigrinya	ˁasa	ʕasa	ʕ a s a	tigr1271	15.3359	38.9266	Afro-Asiatic	876
2069	1001_fish	fish	amharic	Amharic	asa	asa	a s a	amha1245	11.708182	39.543456	Afro-Asiatic	876
2070	1001_fish	fish	argobba	Argobba	asa, ˁasaˀa	asa	a s a	argo1244	10.6596	39.756	Afro-Asiatic	876
2071	1001_fish	fish	gafat	Gafat	asä	asæ	a s æ	gafa1240	11.5764	39.5605	Afro-Asiatic	876
2072	1001_fish	fish	chaha	Chaha	asa	asa	a s a	chah1248			Afro-Asiatic	876
2073	1001_fish	fish	ezha	Ezha	asa	asa	a s a	ezha1238			Afro-Asiatic	876
2074	1001_fish	fish	endegen	Endegegny	asä	asæ	a s æ	eneg1238			Afro-Asiatic	876
2075	1001_fish	fish	ennemor	Inoric	asa	asa	a s a	inor1238	7.94883	37.7968	Afro-Asiatic	876
2076	1001_fish	fish	gyeto	Gyeta	asa	asa	a s a	gyet1241			Afro-Asiatic	876
2077	1001_fish	fish	muher	Muher	asa	asa	a s a	muhe1234			Afro-Asiatic	876
2078	1001_fish	fish	masqan	Mesqan	asa	asa	a s a	mesq1240	8.10617	38.3386	Afro-Asiatic	876
2079	1001_fish	fish	gogot	Kistane	asa	asa	a s a	kist1241	8.33561	38.4763	Afro-Asiatic	876
2080	1001_fish	fish	soddo	Soddo	asa	asa	a s a	sodd1242			Afro-Asiatic	876
3789	1001_fish	fish	mehri	Mehri	ṣayd	sˤajd	sˤ a j d	mehr1241	16.793	52.473	Afro-Asiatic	1201
3791	1001_fish	fish	jibbali	Jibbali	ṣod	sˤod	sˤ o d	sheh1240	17.29154	53.99526	Afro-Asiatic	1201
3793	1001_fish	fish	soqotri	Soqotri	ṣóde	sˤóde	sˤ ó d e	soqo1240	12.4892	53.9168	Afro-Asiatic	1201
4872	2574_fisthandhandful	fist; hand; handful	syriac	Classical Syriac	zwārā	zwaːraː	z w aː r aː	clas1252	37.1129	42.1432	Afro-Asiatic	1340
4982	2652_flagitiumactioturpisvelmalabadshamefuldeed	flagitium, actio turpis vel mala (bad, shameful deed)	geez	Geez	sayəˀ	sajəʔ	s a j ə ʔ	geez1241	10.1342	40.6821	Afro-Asiatic	1355
365	242_flanksideborder	flank, side, border	mandaic	Classical Mandaic	gamba, ganba	gamba	g a m b a	clas1253	36.1203	49.5659	Afro-Asiatic	140
6303	3476_flathandwithwrist	flat hand with wrist	pcs	Central Semitic	*si(n)ṭ-	sitˤ-	s i tˤ	cent2236			Afro-Asiatic	1977
1041	577_flavorodor	flavor, odor	geez	Geez	rəḥe	rəħe	r ə ħ e	geez1241	10.1342	40.6821	Afro-Asiatic	538
1503	756_flea	flea	geez	Geez	ḳʷənṣ	qˤʷənsˤ	qʷˤ ə n sˤ	geez1241	10.1342	40.6821	Afro-Asiatic	680
6134	3380_fleeingslipperyfugitive	fleeing, slippery, fugitive	ugaritic	Ugaritic	brḥ	brħ	b r ħ	ugar1238	35.6	35.78	Afro-Asiatic	1939
214	143_flesh	flesh	officialaramaic	Middle-Modern Aramaic	bsr	bsr	b s r	midd1367			Afro-Asiatic	114
215	143_flesh	flesh	biblicalaramaic	Imperial Aramaic (700-300 BCE)	bəŝar	bəɬar	b ə ɬ a r	impe1235	33.905	42.185	Afro-Asiatic	114
216	143_flesh	flesh	demoticaramaic	Demotic Egyptian	bsr	bsr	b s r	demo1234			Afro-Asiatic	114
222	143_flesh	flesh	maalula	Maaloula	besra	besra	b e s r a	malu1250			Afro-Asiatic	114
229	143_flesh	flesh	geez	Geez	bāsor	baːsor	b aː s o r	geez1241	10.1342	40.6821	Afro-Asiatic	114
1922	974_fleshandboneofupperlegfromkneetohip	flesh and bone of upper leg from knee to hip	mehri	Mehri	əfḫāḏ	əfxaːð	ə f x aː ð	mehr1241	16.793	52.473	Afro-Asiatic	848
1923	974_fleshandboneofupperlegfromkneetohip	flesh and bone of upper leg from knee to hip	jibbali	Jibbali	faḫḏ	faxð	f a x ð	sheh1240	17.29154	53.99526	Afro-Asiatic	848
6122	3370_fleshofback	flesh of back	mehri	Mehri	mōtən	moːtən	m oː t ə n	mehr1241	16.793	52.473	Afro-Asiatic	1936
6123	3371_fleshoftheback	flesh of the back	jibbali	Jibbali	mútun	mútun	m ú t u n	sheh1240	17.29154	53.99526	Afro-Asiatic	1936
218	145_fleshbodyhumanbeingmeat	flesh, body; human being; meat	christianpalestinianaramaic	Christian Palestinian Aramaic	bsr	bsr	b s r	chri1239			Afro-Asiatic	114
217	144_fleshmeat	flesh, meat	jewishpalestinianaramaic	Jewish Palestinian Aramaic	bəŝar	bəɬar	b ə ɬ a r	pale1261			Afro-Asiatic	114
219	144_fleshmeat	flesh, meat	jewishbabylonianaramaic	Jewish Babylonian Aramaic (ca. 200-1200 CE)	bisrā	bisraː	b i s r aː	jewi1240	32.273	44.245	Afro-Asiatic	114
220	144_fleshmeat	flesh, meat	syriac	Classical Syriac	besrā	besraː	b e s r aː	clas1252	37.1129	42.1432	Afro-Asiatic	114
221	144_fleshmeat	flesh, meat	mandaic	Classical Mandaic	bisra	bisra	b i s r a	clas1253	36.1203	49.5659	Afro-Asiatic	114
231	144_fleshmeat	flesh, meat	gafat	Gafat	bäsärä	bæsæræ	b æ s æ r æ	gafa1240	11.5764	39.5605	Afro-Asiatic	114
227	148_fleshmeathumanbeings	flesh, meat; human beings (?)	sabaic	Sabaic	bs₂r	bs₂r	b s ² r	saba1279	15.42	45.35	Afro-Asiatic	114
6124	3372_fleshsmallofback	flesh, small of back	harsusi	Harsusi	mōten	moːten	m oː t e n	hars1241	19.6511	56.1562	Afro-Asiatic	1936
400	267_flierbird	flier; bird	phoenician	Phoenician	ˁpt	ʕpt	ʕ p t	phoe1239	34.12	35.65	Afro-Asiatic	158
866	498_flower	flower	syriac	Classical Syriac	parḥā	parħaː	p a r ħ aː	clas1252	37.1129	42.1432	Afro-Asiatic	396
931	498_flower	flower	amharic	Amharic	abäba	abæba	a b æ b a	amha1245	11.708182	39.543456	Afro-Asiatic	486
4096	2112_foal	foal	officialaramaic	Middle-Modern Aramaic	ˁl	ʕl	ʕ l	midd1367			Afro-Asiatic	1246
2533	1174_foetus	foetus	arabic	Arabic	ḥabal-	ħabal-	ħ a b a l	arab1395			Afro-Asiatic	950
1663	853_foldofgarmentbosom	fold of garment, bosom	hebrew	Modern Hebrew	ḥōṣän	ħoːsˤæn	ħ oː sˤ æ n	hebr1245	31.1056	35.0179	Afro-Asiatic	727
5044	2702_followgobehind	follow, go behind	arabic	Arabic	tlw	tlw	t l w	arab1395			Afro-Asiatic	1367
3527	1781_followersadherents	followers, adherents	sabaic	Sabaic	ˁḏr, ḏ-ˁḏr, ḏ-ˀˁḏr	ʕðr	ʕ ð r	saba1279	15.42	45.35	Afro-Asiatic	1171
5170	2793_foodprovisions	food, provisions	ugaritic	Ugaritic	mγd	mɣd	m ɣ d	ugar1238	35.6	35.78	Afro-Asiatic	1403
254	164_foot	foot	pws	West Semitic	*rigl-	rigl-	r i g l	west2786			Afro-Asiatic	120
256	164_foot	foot	samalian	Old Aramaic-Sam'alian	lgr	lgr	l g r	olda1245	32.84	37.0	Afro-Asiatic	120
257	164_foot	foot	officialaramaic	Middle-Modern Aramaic	ngr	ngr	n g r	midd1367			Afro-Asiatic	120
258	164_foot	foot	officialaramaic	Middle-Modern Aramaic	rgl, lgl	rgl	r g l	midd1367			Afro-Asiatic	120
259	164_foot	foot	biblicalaramaic	Imperial Aramaic (700-300 BCE)	rəgal, rəgēl	rəgal	r ə g a l	impe1235	33.905	42.185	Afro-Asiatic	120
260	164_foot	foot	demoticaramaic	Demotic Egyptian	lgr	lgr	l g r	demo1234			Afro-Asiatic	120
261	164_foot	foot	palmyrean	Palmyrene	rgl	rgl	r g l	palm1242			Afro-Asiatic	120
264	164_foot	foot	syriac	Classical Syriac	reglā	reglaː	r e g l aː	clas1252	37.1129	42.1432	Afro-Asiatic	120
266	164_foot	foot	maalula	Maaloula	reγra	reɣra	r e ɣ r a	malu1250			Afro-Asiatic	120
267	164_foot	foot	mlahso	Mlahsô	reγlo	reɣlo	r e ɣ l o	mlah1239	37.0311	41.2209	Afro-Asiatic	120
271	164_foot	foot	minaean	Minaean	rgl	rgl	r g l	mina1279	16.166667	44.672778	Afro-Asiatic	120
838	164_foot	foot	pws	West Semitic	*ˀi(n)gi/ur-	ʔigi	ʔ i g i	west2786			Afro-Asiatic	387
839	164_foot	foot	arabic	Arabic	ˀižər, ˀəžər, ˀiǯr	ʔižər	ʔ i ž ə r	arab1395			Afro-Asiatic	387
841	164_foot	foot	tigre	Tigre	ˀəgər	ʔəgər	ʔ ə g ə r	tigr1270	17.3494	38.2233	Afro-Asiatic	387
842	164_foot	foot	tigrinya	Tigrinya	ˀəgri	ʔəgri	ʔ ə g r i	tigr1271	15.3359	38.9266	Afro-Asiatic	387
844	164_foot	foot	argobba	Argobba	ingir, ägər, äḇgər	ingir	i n g i r	argo1244	10.6596	39.756	Afro-Asiatic	387
845	164_foot	foot	harari	Harari	igir, ingir	igir	i g i r	hara1271	9.30485	42.1332	Afro-Asiatic	387
849	164_foot	foot	gafat	Gafat	əgʷrä, əgʷri	əgʷræ	ə gʷ r æ	gafa1240	11.5764	39.5605	Afro-Asiatic	387
850	164_foot	foot	chaha	Chaha	ägər	ægər	æ g ə r	chah1248			Afro-Asiatic	387
851	164_foot	foot	ezha	Ezha	ägər	ægər	æ g ə r	ezha1238			Afro-Asiatic	387
852	164_foot	foot	endegen	Endegegny	ägər	ægər	æ g ə r	eneg1238			Afro-Asiatic	387
853	164_foot	foot	ennemor	Inoric	ägər	ægər	æ g ə r	inor1238	7.94883	37.7968	Afro-Asiatic	387
854	164_foot	foot	gyeto	Gyeta	ägər	ægər	æ g ə r	gyet1241			Afro-Asiatic	387
855	164_foot	foot	muher	Muher	ägər	ægər	æ g ə r	muhe1234			Afro-Asiatic	387
856	164_foot	foot	masqan	Mesqan	ägər	ægər	æ g ə r	mesq1240	8.10617	38.3386	Afro-Asiatic	387
857	164_foot	foot	gogot	Kistane	ägər	ægər	æ g ə r	kist1241	8.33561	38.4763	Afro-Asiatic	387
858	164_foot	foot	soddo	Soddo	ägər	ægər	æ g ə r	sodd1242			Afro-Asiatic	387
4007	164_foot	foot	mehri	Mehri	gēdəl	geːdəl	g eː d ə l	mehr1241	16.793	52.473	Afro-Asiatic	1232
4008	164_foot	foot	jibbali	Jibbali	gέdəl	gɛdəl	g ɛ d ə l	sheh1240	17.29154	53.99526	Afro-Asiatic	1232
4009	164_foot	foot	harsusi	Harsusi	gédel	gédel	g é d e l	hars1241	19.6511	56.1562	Afro-Asiatic	1232
5664	3094_foothoofofahorse	foot, hoof (of a horse)	amharic	Amharic	kotte	kotte	k o t t e	amha1245	11.708182	39.543456	Afro-Asiatic	1776
255	166_footleg	foot, leg	hebrew	Modern Hebrew	rägäl	rægæl	r æ g æ l	hebr1245	31.1056	35.0179	Afro-Asiatic	120
262	166_footleg	foot, leg	jewishpalestinianaramaic	Jewish Palestinian Aramaic	ryglh	rjglh	r j g l h	pale1261			Afro-Asiatic	120
265	166_footleg	foot, leg	mandaic	Classical Mandaic	liġra	liɣra	l i ɣ r a	clas1253	36.1203	49.5659	Afro-Asiatic	120
843	166_footleg	foot, leg	amharic	Amharic	əgər	əgər	ə g ə r	amha1245	11.708182	39.543456	Afro-Asiatic	387
846	166_footleg	foot, leg	selti	Silt'e	əngər	əngər	ə n g ə r	silt1240	7.77004	38.1449	Afro-Asiatic	387
847	166_footleg	foot, leg	wolane	Wolane	əngər	əngər	ə n g ə r	wola1253	8.23	38.14	Afro-Asiatic	387
848	166_footleg	foot, leg	zway	Zay	əngər	əngər	ə n g ə r	zayy1238	8.01148	38.8258	Afro-Asiatic	387
5654	3084_footsole	foot, sole	jibbali	Jibbali	ḫaf	xaf	x a f	sheh1240	17.29154	53.99526	Afro-Asiatic	1774
270	170_footleg	foot; leg	sabaic	Sabaic	rgl	rgl	r g l	saba1279	15.42	45.35	Afro-Asiatic	120
840	492_footmeasure	foot; measure	geez	Geez	ˀəgr	ʔəgr	ʔ ə g r	geez1241	10.1342	40.6821	Afro-Asiatic	387
4898	2595_forto	for, to	phoenician	Phoenician	l	l	l	phoe1239	34.12	35.65	Afro-Asiatic	1347
4911	2595_forto	for, to	selti	Silt'e	lä	læ	l æ	silt1240	7.77004	38.1449	Afro-Asiatic	1347
4912	2595_forto	for, to	wolane	Wolane	lä	læ	l æ	wola1253	8.23	38.14	Afro-Asiatic	1347
4913	2595_forto	for, to	zway	Zay	lä	læ	l æ	zayy1238	8.01148	38.8258	Afro-Asiatic	1347
4914	2595_forto	for, to	muher	Muher	-l-	-l-	l	muhe1234			Afro-Asiatic	1347
4915	2595_forto	for, to	masqan	Mesqan	-l-	-l-	l	mesq1240	8.10617	38.3386	Afro-Asiatic	1347
4916	2595_forto	for, to	soddo	Soddo	lä	læ	l æ	sodd1242			Afro-Asiatic	1347
4917	2595_forto	for, to	soddo	Soddo	nä	næ	n æ	sodd1242			Afro-Asiatic	1347
2577	1203_forbearingclementfatcamel	forbearing, clement; fat (camel)	arabic	Arabic	ḥalīm-	ħaliːm-	ħ a l iː m	arab1395			Afro-Asiatic	956
1883	949_forearm	forearm	arabic	Arabic	ḏirāˁ-	ðiraːʕ-	ð i r aː ʕ	arab1395			Afro-Asiatic	840
1912	966_forearmlowerpartoftheleg	forearm; lower part of the leg	tigre	Tigre	səḳuḳa	səqˤuqˤa	s ə qˤ u qˤ a	tigr1270	17.3494	38.2233	Afro-Asiatic	844
3983	2043_forehead	forehead	arabic	Arabic	ǯabhat-	gabhat-	g a b h a t	arab1395			Afro-Asiatic	1229
3985	2043_forehead	forehead	tigre	Tigre	gəbbəhit	gəbbəhit	g ə b b ə h i t	tigr1270	17.3494	38.2233	Afro-Asiatic	1229
3991	2043_forehead	forehead	officialaramaic	Middle-Modern Aramaic	gbyn	gbjn	g b j n	midd1367			Afro-Asiatic	1230
3981	2041_foreheadfront	forehead, front	pws	West Semitic	*gVbh(-at)-	g-bh-	g b h	west2786			Afro-Asiatic	1229
4239	2199_foreignalienstrangerforeigner	foreign, alien; stranger, foreigner	syriac	Classical Syriac	giyyorā	gijjoraː	g i j j o r aː	clas1252	37.1129	42.1432	Afro-Asiatic	1260
1906	961_foreleg	foreleg	jewishpalestinianaramaic	Jewish Palestinian Aramaic	šḳ	ʃqˤ	ʃ qˤ	pale1261			Afro-Asiatic	844
6598	3687_forkeddiggingpickhandleoftheforkeddiggingpickwoodenhandleoftheplow	forked digging pick, handle of the forked digging pick, wooden handle of the plow	selti	Silt'e	urf	urf	u r f	silt1240	7.77004	38.1449	Afro-Asiatic	2113
6599	3687_forkeddiggingpickhandleoftheforkeddiggingpickwoodenhandleoftheplow	forked digging pick, handle of the forked digging pick, wooden handle of the plow	wolane	Wolane	urf	urf	u r f	wola1253	8.23	38.14	Afro-Asiatic	2113
6600	3687_forkeddiggingpickhandleoftheforkeddiggingpickwoodenhandleoftheplow	forked digging pick, handle of the forked digging pick, wooden handle of the plow	zway	Zay	ərəf	ərəf	ə r ə f	zayy1238	8.01148	38.8258	Afro-Asiatic	2113
3899	1993_fornication	fornication	minaean	Minaean	tḏnt	tðnt	t ð n t	mina1279	16.166667	44.672778	Afro-Asiatic	1213
3901	1994_fornicationsperm	fornication, sperm	geez	Geez	zənyat	zənjat	z ə n j a t	geez1241	10.1342	40.6821	Afro-Asiatic	1213
45	29_fortune	fortune	hebrew	Modern Hebrew	gad	gad	g a d	hebr1245	31.1056	35.0179	Afro-Asiatic	40
47	29_fortune	fortune	samaritan	Samaritan	gd	gd	g d	sama1313	32.0817	35.4487	Afro-Asiatic	40
50	29_fortune	fortune	arabic	Arabic	ǯadd-	gadd-	g a d d	arab1395			Afro-Asiatic	40
5380	29_fortune	fortune	arabic	Arabic	ḥaḏ̣ḏ̣-	ħaðˤðˤ-	ħ a ðˤ ðˤ	arab1395			Afro-Asiatic	1560
48	31_fortunelotfate	fortune, lot, fate	syriac	Classical Syriac	gaddā	gaddaː	g a d d aː	clas1252	37.1129	42.1432	Afro-Asiatic	40
49	32_fortunesuccessluck	fortune, success, luck	mandaic	Classical Mandaic	gada	gada	g a d a	clas1253	36.1203	49.5659	Afro-Asiatic	40
3487	1751_foundation	foundation	hebrew	Modern Hebrew	yəsōd	jəsoːd	j ə s oː d	hebr1245	31.1056	35.0179	Afro-Asiatic	1167
3488	1751_foundation	foundation	hebrew	Modern Hebrew	mōsād	moːsaːd	m oː s aː d	hebr1245	31.1056	35.0179	Afro-Asiatic	1167
3485	1749_foundations	foundations	ugaritic	Ugaritic	msdt	msdt	m s d t	ugar1238	35.6	35.78	Afro-Asiatic	1167
3036	1448_fouryearoldbull	fouryear old bull	arabic	Arabic	yafan-	jafan-	j a f a n	arab1395			Afro-Asiatic	1089
409	269_fowlbird	fowl, bird	tigre	Tigre	ˁof	ʕof	ʕ o f	tigr1270	17.3494	38.2233	Afro-Asiatic	158
412	269_fowlbird	fowl, bird	argobba	Argobba	ˁof, uf	ʕof	ʕ o f	argo1244	10.6596	39.756	Afro-Asiatic	158
414	269_fowlbird	fowl, bird	selti	Silt'e	ūf	uːf	uː f	silt1240	7.77004	38.1449	Afro-Asiatic	158
415	269_fowlbird	fowl, bird	wolane	Wolane	ũfʷ	ũfʷ	ũ fʷ	wola1253	8.23	38.14	Afro-Asiatic	158
416	269_fowlbird	fowl, bird	zway	Zay	ũf	ũf	ũ f	zayy1238	8.01148	38.8258	Afro-Asiatic	158
417	269_fowlbird	fowl, bird	gafat	Gafat	yəfʷä	jəfʷæ	j ə fʷ æ	gafa1240	11.5764	39.5605	Afro-Asiatic	158
418	269_fowlbird	fowl, bird	chaha	Chaha	ãfʷ	ãfʷ	ã fʷ	chah1248			Afro-Asiatic	158
419	269_fowlbird	fowl, bird	ezha	Ezha	ãfʷ	ãfʷ	ã fʷ	ezha1238			Afro-Asiatic	158
420	269_fowlbird	fowl, bird	endegen	Endegegny	ã̄fʷ	ã̄fʷ	ã̄ fʷ	eneg1238			Afro-Asiatic	158
421	269_fowlbird	fowl, bird	ennemor	Inoric	ã̄fʷ	ã̄fʷ	ã̄ fʷ	inor1238	7.94883	37.7968	Afro-Asiatic	158
422	269_fowlbird	fowl, bird	gyeto	Gyeta	ã̄fʷ	ã̄fʷ	ã̄ fʷ	gyet1241			Afro-Asiatic	158
423	269_fowlbird	fowl, bird	muher	Muher	õf	õf	õ f	muhe1234			Afro-Asiatic	158
424	269_fowlbird	fowl, bird	masqan	Mesqan	ãfʷ	ãfʷ	ã fʷ	mesq1240	8.10617	38.3386	Afro-Asiatic	158
5724	3139_frankincense	frankincense	phoenician	Phoenician	lbnt	lbnt	l b n t	phoe1239	34.12	35.65	Afro-Asiatic	1796
5726	3139_frankincense	frankincense	officialaramaic	Middle-Modern Aramaic	lbwnh	lbwnh	l b w n h	midd1367			Afro-Asiatic	1796
5727	3139_frankincense	frankincense	jewishpalestinianaramaic	Jewish Palestinian Aramaic	lbwnh	lbwnh	l b w n h	pale1261			Afro-Asiatic	1796
5728	3139_frankincense	frankincense	christianpalestinianaramaic	Christian Palestinian Aramaic	lbwnh, lybwnh	lbwnh	l b w n h	chri1239			Afro-Asiatic	1796
5729	3139_frankincense	frankincense	samaritan	Samaritan	lbwnh	lbwnh	l b w n h	sama1313	32.0817	35.4487	Afro-Asiatic	1796
5730	3139_frankincense	frankincense	syriac	Classical Syriac	lbuttā, lbottā	lbuttaː	l b u t t aː	clas1252	37.1129	42.1432	Afro-Asiatic	1796
5731	3139_frankincense	frankincense	mandaic	Classical Mandaic	lubana	lubana	l u b a n a	clas1253	36.1203	49.5659	Afro-Asiatic	1796
4654	2468_frecklesspots	freckles, spots	syriac	Classical Syriac	tarḳmātā	tarqˤmaːtaː	t a r qˤ m aː t aː	clas1252	37.1129	42.1432	Afro-Asiatic	1304
3614	1838_free	free	tigre	Tigre	ḥər	ħər	ħ ə r	tigr1270	17.3494	38.2233	Afro-Asiatic	1180
3616	1838_free	free	amharic	Amharic	hurr	hurr	h u r r	amha1245	11.708182	39.543456	Afro-Asiatic	1180
3608	1836_freenobleone	free, noble one	hebrew	Modern Hebrew	ḥōr	ħoːr	ħ oː r	hebr1245	31.1056	35.0179	Afro-Asiatic	1180
3609	1836_freenobleone	free, noble one	syriac	Classical Syriac	ḥe(ˀ)rā	ħeraː	ħ e r aː	clas1252	37.1129	42.1432	Afro-Asiatic	1180
3607	1835_freenobleones	free, noble ones	pcs	Central Semitic	*ḥurr-	ħurr-	ħ u r r	cent2236			Afro-Asiatic	1180
6138	3382_freeuncheckedflowofwater	free, unchecked (flow of water)	sabaic	Sabaic	brḥ	brħ	b r ħ	saba1279	15.42	45.35	Afro-Asiatic	1939
3610	1837_freeborn	freeborn	arabic	Arabic	ḥurr-	ħurr-	ħ u r r	arab1395			Afro-Asiatic	1180
3611	1837_freeborn	freeborn	sabaic	Sabaic	ḥr	ħr	ħ r	saba1279	15.42	45.35	Afro-Asiatic	1180
3612	1837_freeborn	freeborn	minaean	Minaean	ḥr	ħr	ħ r	mina1279	16.166667	44.672778	Afro-Asiatic	1180
3613	1837_freeborn	freeborn	qatabanian	Qatabanian	ḥr	ħr	ħ r	qata1238	14.8	45.733333	Afro-Asiatic	1180
3167	1539_fresh	fresh	hebrew	Modern Hebrew	ṭārī	tˤaːriː	tˤ aː r iː	hebr1245	31.1056	35.0179	Afro-Asiatic	1113
5507	3002_freshbeefmanure	fresh beef manure	tigrinya	Tigrinya	ˁiba	ʕiba	ʕ i b a	tigr1271	15.3359	38.9266	Afro-Asiatic	1702
5508	3003_freshbovinedung	fresh bovine dung	amharic	Amharic	əbbät	əbbæt	ə b b æ t	amha1245	11.708182	39.543456	Afro-Asiatic	1702
3166	1538_freshfood	fresh food	ugaritic	Ugaritic	ṭry	tˤrj	tˤ r j	ugar1238	35.6	35.78	Afro-Asiatic	1113
3168	1540_freshrecent	fresh, recent	syriac	Classical Syriac	ṭarrunā	tˤarrunaː	tˤ a r r u n aː	clas1252	37.1129	42.1432	Afro-Asiatic	1113
5276	2865_friend	friend	arabic	Arabic	waliyy-	walijj-	w a l i j j	arab1395			Afro-Asiatic	1437
1383	713_frog	frog	pws	West Semitic	*ṣ̂VpardVˁ-	ɬˤ-pard-ʕ-	ɬˤ p a r d ʕ	west2786			Afro-Asiatic	648
1385	713_frog	frog	jewishpalestinianaramaic	Jewish Palestinian Aramaic	ˀwrdˁn	ʔwrdʕn	ʔ w r d ʕ n	pale1261			Afro-Asiatic	648
1386	713_frog	frog	samaritan	Samaritan	ˁrdˁn	ʕrdʕn	ʕ r d ʕ n	sama1313	32.0817	35.4487	Afro-Asiatic	648
1387	713_frog	frog	syriac	Classical Syriac	ˀurdˁā	ʔurdʕaː	ʔ u r d ʕ aː	clas1252	37.1129	42.1432	Afro-Asiatic	648
1388	713_frog	frog	maalula	Maaloula	urtaˁna	urtaʕna	u r t a ʕ n a	malu1250			Afro-Asiatic	648
1389	713_frog	frog	arabic	Arabic	ḍifdiˁ-	dˤifdiʕ-	dˤ i f d i ʕ	arab1395			Afro-Asiatic	648
1390	713_frog	frog	mehri	Mehri	ṣ̌əfdēt	sˤ̌əfdeːt	sˤ̌ ə f d eː t	mehr1241	16.793	52.473	Afro-Asiatic	648
1391	713_frog	frog	harsusi	Harsusi	ṣefdeˀēt	sˤefdeʔeːt	sˤ e f d e ʔ eː t	hars1241	19.6511	56.1562	Afro-Asiatic	648
1384	714_frogs	frogs	hebrew	Modern Hebrew	ṣəpardēaˁ	sˤəpardeːaʕ	sˤ ə p a r d eː a ʕ	hebr1245	31.1056	35.0179	Afro-Asiatic	648
4467	2365_from	from	pws	West Semitic	*min	min	m i n	west2786			Afro-Asiatic	1287
4468	2365_from	from	ebla	Eblaite	mi-nu /minnu/	mi-nu	m i n u	ebla1238	35.798	36.798	Afro-Asiatic	1287
4469	2365_from	from	phoenician	Phoenician	mn	mn	m n	phoe1239	34.12	35.65	Afro-Asiatic	1287
4473	2365_from	from	arabic	Arabic	min	min	m i n	arab1395			Afro-Asiatic	1287
4475	2365_from	from	tigre	Tigre	mən	mən	m ə n	tigr1270	17.3494	38.2233	Afro-Asiatic	1287
4477	2365_from	from	jibbali	Jibbali	mən	mən	m ə n	sheh1240	17.29154	53.99526	Afro-Asiatic	1287
4479	2370_fromof	from, of	soqotri	Soqotri	men	men	m e n	soqo1240	12.4892	53.9168	Afro-Asiatic	1287
4470	2366_fromoutof	from, out of	hebrew	Modern Hebrew	min	min	m i n	hebr1245	31.1056	35.0179	Afro-Asiatic	1287
4474	2366_fromoutof	from, out of	geez	Geez	ˀəmənna	ʔəmənna	ʔ ə m ə n n a	geez1241	10.1342	40.6821	Afro-Asiatic	1287
4476	2366_fromoutof	from, out of	mehri	Mehri	mən	mən	m ə n	mehr1241	16.793	52.473	Afro-Asiatic	1287
4472	2368_fromoutofsomeofwith	from, out of, (some) of; with	mandaic	Classical Mandaic	mn-, min-	mn-	m n	clas1253	36.1203	49.5659	Afro-Asiatic	1287
4471	2367_fromoutoffromwithin	from, out of, from within	syriac	Classical Syriac	men	men	m e n	clas1252	37.1129	42.1432	Afro-Asiatic	1287
4478	2369_fromnegativeofanorderlestthanthanthatwhenfromthetimethat	from; negative of an order; lest; than, than that; when, from the time that	harsusi	Harsusi	men	men	m e n	hars1241	19.6511	56.1562	Afro-Asiatic	1287
3986	2045_front	front	mehri	Mehri	gəbhēt	gəbheːt	g ə b h eː t	mehr1241	16.793	52.473	Afro-Asiatic	1229
114	82_frostofmorning	frost of morning	zway	Zay	ḳorra	qˤorra	qˤ o r r a	zayy1238	8.01148	38.8258	Afro-Asiatic	83
868	500_fruit	fruit	pws	West Semitic	*piry-	pirj-	p i r j	west2786			Afro-Asiatic	397
869	500_fruit	fruit	ugaritic	Ugaritic	pr	pr	p r	ugar1238	35.6	35.78	Afro-Asiatic	397
870	500_fruit	fruit	phoenician	Phoenician	pry	prj	p r j	phoe1239	34.12	35.65	Afro-Asiatic	397
871	500_fruit	fruit	hebrew	Modern Hebrew	pərī	pəriː	p ə r iː	hebr1245	31.1056	35.0179	Afro-Asiatic	397
872	500_fruit	fruit	jewishpalestinianaramaic	Jewish Palestinian Aramaic	pyryyh	pjrjjh	p j r j j h	pale1261			Afro-Asiatic	397
874	500_fruit	fruit	syriac	Classical Syriac	peˀrā, perā	peʔraː	p e ʔ r aː	clas1252	37.1129	42.1432	Afro-Asiatic	397
875	500_fruit	fruit	mandaic	Classical Mandaic	pira	pira	p i r a	clas1253	36.1203	49.5659	Afro-Asiatic	397
876	500_fruit	fruit	geez	Geez	fəre	fəre	f ə r e	geez1241	10.1342	40.6821	Afro-Asiatic	397
877	500_fruit	fruit	tigre	Tigre	fəre	fəre	f ə r e	tigr1270	17.3494	38.2233	Afro-Asiatic	397
878	500_fruit	fruit	tigrinya	Tigrinya	fәrä	fəræ	f ə r æ	tigr1271	15.3359	38.9266	Afro-Asiatic	397
879	500_fruit	fruit	amharic	Amharic	fəre	fəre	f ə r e	amha1245	11.708182	39.543456	Afro-Asiatic	397
880	500_fruit	fruit	harari	Harari	fәri	fəri	f ə r i	hara1271	9.30485	42.1332	Afro-Asiatic	397
881	500_fruit	fruit	zway	Zay	fre	fre	f r e	zayy1238	8.01148	38.8258	Afro-Asiatic	397
882	500_fruit	fruit	chaha	Chaha	fәre	fəre	f ə r e	chah1248			Afro-Asiatic	397
883	500_fruit	fruit	endegen	Endegegny	fre	fre	f r e	eneg1238			Afro-Asiatic	397
884	500_fruit	fruit	gyeto	Gyeta	fre	fre	f r e	gyet1241			Afro-Asiatic	397
885	500_fruit	fruit	muher	Muher	fәrәyä	fərəjæ	f ə r ə j æ	muhe1234			Afro-Asiatic	397
886	500_fruit	fruit	masqan	Mesqan	fәrәyä	fərəjæ	f ə r ə j æ	mesq1240	8.10617	38.3386	Afro-Asiatic	397
887	500_fruit	fruit	gogot	Kistane	fre	fre	f r e	kist1241	8.33561	38.4763	Afro-Asiatic	397
929	500_fruit	fruit	syriac	Classical Syriac	ˀebbā	ʔebbaː	ʔ e b b aː	clas1252	37.1129	42.1432	Afro-Asiatic	486
3328	500_fruit	fruit	syriac	Classical Syriac	magdā	magdaː	m a g d aː	clas1252	37.1129	42.1432	Afro-Asiatic	1141
926	518_fruitbudflower	fruit, bud, flower	ugaritic	Ugaritic	ˀib	ʔib	ʔ i b	ugar1238	35.6	35.78	Afro-Asiatic	486
873	501_fruitcrop	fruit, crop	jewishbabylonianaramaic	Jewish Babylonian Aramaic (ca. 200-1200 CE)	pērā	peːraː	p eː r aː	jewi1240	32.273	44.245	Afro-Asiatic	397
2569	1195_fullygrownmatureanimal	fully grown, mature animal	ugaritic	Ugaritic	ḥlm	ħlm	ħ l m	ugar1238	35.6	35.78	Afro-Asiatic	956
5828	3196_fungus	fungus	pcs	Central Semitic	*pVṭr-	p-tˤr-	p tˤ r	cent2236			Afro-Asiatic	1818
5831	3196_fungus	fungus	syriac	Classical Syriac	peṭṭortā	petˤtˤortaː	p e tˤ tˤ o r t aː	clas1252	37.1129	42.1432	Afro-Asiatic	1818
5038	2698_furrow	furrow	pws	West Semitic	*tVlm-	t-lm-	t l m	west2786			Afro-Asiatic	1366
5041	2698_furrow	furrow	arabic	Arabic	talam-	talam-	t a l a m	arab1395			Afro-Asiatic	1366
5042	2698_furrow	furrow	geez	Geez	təlm	təlm	t ə l m	geez1241	10.1342	40.6821	Afro-Asiatic	1366
5039	2699_furrow	furrow ?	ugaritic	Ugaritic	tlm	tlm	t l m	ugar1238	35.6	35.78	Afro-Asiatic	1366
5040	2700_furrowinafield	furrow in a field	hebrew	Modern Hebrew	täläm	tælæm	t æ l æ m	hebr1245	31.1056	35.0179	Afro-Asiatic	1366
4858	2566_furuncle	furuncle	harari	Harari	bursi	bursi	b u r s i	hara1271	9.30485	42.1332	Afro-Asiatic	1337
4860	2566_furuncle	furuncle	selti	Silt'e	burs	burs	b u r s	silt1240	7.77004	38.1449	Afro-Asiatic	1337
4861	2566_furuncle	furuncle	wolane	Wolane	burs	burs	b u r s	wola1253	8.23	38.14	Afro-Asiatic	1337
3292	1622_furerlaubterklarendeclareallowed	für erlaubt erklären (declare allowed)	sabaic	Sabaic	ḥll	ħll	ħ l l	saba1279	15.42	45.35	Afro-Asiatic	1135
3780	1950_game	game	hebrew	Modern Hebrew	ṣayid	sˤajid	sˤ a j i d	hebr1245	31.1056	35.0179	Afro-Asiatic	1201
433	272_gapopening	gap, opening	pcs	Central Semitic	*ṯaγr-	θaɣr-	θ a ɣ r	cent2236			Afro-Asiatic	165
438	277_gapopeningbreachafrontierwayofaccesstoacountrythepartofacountryfromwhichtheinvasionoftheenemyisfeared	gap, opening, breach; a frontierway of access to a country; the part of a country from which the invasion of the enemy is feared	arabic	Arabic	ṯaγr-	θaɣr-	θ a ɣ r	arab1395			Afro-Asiatic	165
3556	1799_garden	garden	pws	West Semitic	*gann-, *gann-at-	gann-	g a n n	west2786			Afro-Asiatic	1174
3557	1799_garden	garden	akkadian	Akkadian	gannu	gannu	g a n n u	akka1240	33.1	44.1	Afro-Asiatic	1174
3559	1799_garden	garden	hebrew	Modern Hebrew	gan	gan	g a n	hebr1245	31.1056	35.0179	Afro-Asiatic	1174
3560	1799_garden	garden	hebrew	Modern Hebrew	gannā	gannaː	g a n n aː	hebr1245	31.1056	35.0179	Afro-Asiatic	1174
3561	1799_garden	garden	syriac	Classical Syriac	gantā	gantaː	g a n t aː	clas1252	37.1129	42.1432	Afro-Asiatic	1174
3562	1799_garden	garden	arabic	Arabic	ǯannat-	gannat-	g a n n a t	arab1395			Afro-Asiatic	1174
3566	1799_garden	garden	qatabanian	Qatabanian	gnn	gnn	g n n	qata1238	14.8	45.733333	Afro-Asiatic	1174
3568	1799_garden	garden	geez	Geez	gannat	gannat	g a n n a t	geez1241	10.1342	40.6821	Afro-Asiatic	1174
5156	2781_gardencrop	garden crop	sabaic	Sabaic	gny	gnj	g n j	saba1279	15.42	45.35	Afro-Asiatic	1400
3558	1800_gardenorchard	garden, orchard	ugaritic	Ugaritic	gn	gn	g n	ugar1238	35.6	35.78	Afro-Asiatic	1174
3563	1800_gardenorchard	garden, orchard	sabaic	Sabaic	t-gn	t-gn	t g n	saba1279	15.42	45.35	Afro-Asiatic	1174
3564	1800_gardenorchard	garden, orchard	sabaic	Sabaic	gnt	gnt	g n t	saba1279	15.42	45.35	Afro-Asiatic	1174
3598	1828_garder	garder	minaean	Minaean	ḥfṯ̣	ħfθˤ	ħ f θˤ	mina1279	16.166667	44.672778	Afro-Asiatic	1178
6255	3449_garmentcloth	garment, cloth	tigre	Tigre	bəllāy	bəllaːj	b ə l l aː j	tigr1270	17.3494	38.2233	Afro-Asiatic	1967
435	274_gatedoor	gate, door	ugaritic	Ugaritic	ṯγr	θɣr	θ ɣ r	ugar1238	35.6	35.78	Afro-Asiatic	165
6287	3465_gateentrancedoorway	gate, entrance, door(way)	amharic	Amharic	bärr	bærr	b æ r r	amha1245	11.708182	39.543456	Afro-Asiatic	1972
436	275_gategatehouse	gate, gatehouse	hebrew	Modern Hebrew	šaˁar	ʃaʕar	ʃ a ʕ a r	hebr1245	31.1056	35.0179	Afro-Asiatic	165
729	437_gebentogive	geben (to give)	mlahso	Mlahsô	yhv	jhv	j h v	mlah1239	37.0311	41.2209	Afro-Asiatic	340
3814	1968_genaurichtigfertigexactlyrightcomplete	genau, richtig, fertig (exactly, right, complete)	turoyo	Turoyo	tămām	tămaːm	t ă m aː m	turo1239	37.2275	42.1451	Afro-Asiatic	1205
6474	3591_generativeorganofdeerandhorse	generative organ (of deer and horse)	syriac	Classical Syriac	zulbānā, zəlūbānā	zulbaːnaː	z u l b aː n aː	clas1252	37.1129	42.1432	Afro-Asiatic	2039
3997	2054_genitalorgan	genital organ	pws	West Semitic	*ga/ibar	ga	g a	west2786			Afro-Asiatic	1231
5734	2054_genitalorgan	genital organ	pws	West Semitic	*pVˀw/y(-at)-	p-ʔw	p ʔ w	west2786			Afro-Asiatic	1797
4001	2057_genitalpartsofmaleorfemale	genital parts of male or female	soddo	Soddo	gəbər	gəbər	g ə b ə r	sodd1242			Afro-Asiatic	1231
5115	2751_gift	gift	arabic	Arabic	ˀaws-	ʔaws-	ʔ a w s	arab1395			Afro-Asiatic	1384
5187	2808_giftpresent	gift, present	hebrew	Modern Hebrew	minḥā	minħaː	m i n ħ aː	hebr1245	31.1056	35.0179	Afro-Asiatic	1411
1303	681_girldaughter	girl; daughter	soqotri	Soqotri	férhim	férhim	f é r h i m	soqo1240	12.4892	53.9168	Afro-Asiatic	613
6453	3582_gizzardcropofabirdstomach	gizzard, crop (of a bird); stomach	arabic	Arabic	mišfalat-	miʃfalat-	m i ʃ f a l a t	arab1395			Afro-Asiatic	2037
5735	3142_glanspenis	glans penis	arabic	Arabic	faˀwā-	faʔwaː-	f a ʔ w aː	arab1395			Afro-Asiatic	1797
5100	2742_gloryboastingpride	glory, boasting; pride	syriac	Classical Syriac	šubhārā	ʃubhaːraː	ʃ u b h aː r aː	clas1252	37.1129	42.1432	Afro-Asiatic	1380
3329	1643_gloryhonordignitynobility	glory, honor, dignity, nobility	arabic	Arabic	maǯd-	magd-	m a g d	arab1395			Afro-Asiatic	1141
6315	3488_glue	glue	tigre	Tigre	mäṭbäḳ	mætˤbæqˤ	m æ tˤ b æ qˤ	tigr1270	17.3494	38.2233	Afro-Asiatic	1982
2554	1186_gnadigseintraumentobemercifultodream	gnädig sein, träumen (to be merciful; to dream)	maalula	Maaloula	ḥlm (IV)	ħlm	ħ l m	malu1250			Afro-Asiatic	954
1239	658_goat	goat	tigre	Tigre	ṭalit	tˤalit	tˤ a l i t	tigr1270	17.3494	38.2233	Afro-Asiatic	602
1240	658_goat	goat	tigrinya	Tigrinya	ṭel	tˤel	tˤ e l	tigr1271	15.3359	38.9266	Afro-Asiatic	602
1241	658_goat	goat	argobba	Argobba	ṭay, ṭel, ṭaˀi, ṭaya	tˤaj	tˤ a j	argo1244	10.6596	39.756	Afro-Asiatic	602
1259	658_goat	goat	phoenician	Phoenician	gdˀ	gdʔ	g d ʔ	phoe1239	34.12	35.65	Afro-Asiatic	609
1261	658_goat	goat	oldaramaic	Old Aramaic (up to 700 BCE)	gdh	gdh	g d h	olda1246			Afro-Asiatic	609
1238	657_goatkid	goat, kid	geez	Geez	ṭali	tˤali	tˤ a l i	geez1241	10.1342	40.6821	Afro-Asiatic	602
2139	1017_god	god	pes	East Semitic	*ˀamlāk-	ʔamlaːk-	ʔ a m l aː k	east2678			Afro-Asiatic	890
2140	1017_god	god	geez	Geez	ˀamlāk	ʔamlaːk	ʔ a m l aː k	geez1241	10.1342	40.6821	Afro-Asiatic	890
2141	1017_god	god	tigre	Tigre	ˀamlak	ʔamlak	ʔ a m l a k	tigr1270	17.3494	38.2233	Afro-Asiatic	890
2142	1017_god	god	tigrinya	Tigrinya	ˀamlak	ʔamlak	ʔ a m l a k	tigr1271	15.3359	38.9266	Afro-Asiatic	890
2143	1017_god	god	amharic	Amharic	amlak	amlak	a m l a k	amha1245	11.708182	39.543456	Afro-Asiatic	890
3177	1017_god	god	pcs	Central Semitic	*ˀilāh-	ʔilaːh-	ʔ i l aː h	cent2236			Afro-Asiatic	1115
3178	1017_god	god	ugaritic	Ugaritic	ˀilh	ʔilh	ʔ i l h	ugar1238	35.6	35.78	Afro-Asiatic	1115
3179	1017_god	god	hebrew	Modern Hebrew	ˀä̆lōah	ʔæ̆loːah	ʔ æ̆ l oː a h	hebr1245	31.1056	35.0179	Afro-Asiatic	1115
3180	1017_god	god	syriac	Classical Syriac	ˀalāhā	ʔalaːhaː	ʔ a l aː h aː	clas1252	37.1129	42.1432	Afro-Asiatic	1115
3182	1017_god	god	arabic	Arabic	ˀilāh-	ʔilaːh-	ʔ i l aː h	arab1395			Afro-Asiatic	1115
3184	1017_god	god	sabaic	Sabaic	ˀlh	ʔlh	ʔ l h	saba1279	15.42	45.35	Afro-Asiatic	1115
3185	1017_god	god	minaean	Minaean	ˀlh	ʔlh	ʔ l h	mina1279	16.166667	44.672778	Afro-Asiatic	1115
3186	1017_god	god	qatabanian	Qatabanian	ˀlh	ʔlh	ʔ l h	qata1238	14.8	45.733333	Afro-Asiatic	1115
4879	2580_godea	god Ea	akkadian	Akkadian	ˀà-a  [ḥayya]	ʔà-a	ʔ à a	akka1240	33.1	44.1	Afro-Asiatic	1344
1591	818_goitergoiter	goiter (goiter)	tigrinya	Tigrinya	gʷərgʷərit	gʷərgʷərit	gʷ ə r gʷ ə r i t	tigr1271	15.3359	38.9266	Afro-Asiatic	712
3912	2002_goitre	goitre	masqan	Mesqan	ənḳərt	ənqˤərt	ə n qˤ ə r t	mesq1240	8.10617	38.3386	Afro-Asiatic	1214
3913	2002_goitre	goitre	gogot	Kistane	ənḳərt	ənqˤərt	ə n qˤ ə r t	kist1241	8.33561	38.4763	Afro-Asiatic	1214
3914	2002_goitre	goitre	gogot	Kistane	manḳurt	manqˤurt	m a n qˤ u r t	kist1241	8.33561	38.4763	Afro-Asiatic	1214
3915	2002_goitre	goitre	soddo	Soddo	ənḳərt	ənqˤərt	ə n qˤ ə r t	sodd1242			Afro-Asiatic	1214
3916	2002_goitre	goitre	soddo	Soddo	manḳur	manqˤur	m a n qˤ u r	sodd1242			Afro-Asiatic	1214
3533	1786_gold	gold	pcs	Central Semitic	*ḏahab-	ðahab-	ð a h a b	cent2236			Afro-Asiatic	1172
3534	1786_gold	gold	hebrew	Modern Hebrew	zāhāb	zaːhaːb	z aː h aː b	hebr1245	31.1056	35.0179	Afro-Asiatic	1172
3535	1786_gold	gold	syriac	Classical Syriac	dahbā	dahbaː	d a h b aː	clas1252	37.1129	42.1432	Afro-Asiatic	1172
3536	1786_gold	gold	arabic	Arabic	ḏahab-	ðahab-	ð a h a b	arab1395			Afro-Asiatic	1172
3540	1786_gold	gold	mehri	Mehri	ḏəhēb	ðəheːb	ð ə h eː b	mehr1241	16.793	52.473	Afro-Asiatic	1172
3541	1786_gold	gold	jibbali	Jibbali	ḏehéb	ðehéb	ð e h é b	sheh1240	17.29154	53.99526	Afro-Asiatic	1172
387	257_good	good	ugaritic	Ugaritic	nˁm	nʕm	n ʕ m	ugar1238	35.6	35.78	Afro-Asiatic	151
904	511_graincereal	grain, cereal	hebrew	Modern Hebrew	bar	bar	b a r	hebr1245	31.1056	35.0179	Afro-Asiatic	436
382	254_grainbreadfood	grain; bread; food	ugaritic	Ugaritic	lḥm	lħm	l ħ m	ugar1238	35.6	35.78	Afro-Asiatic	149
1786	911_grandfathergrandmother	grandfather, grandmother	selti	Silt'e	əbēr	əbeːr	ə b eː r	silt1240	7.77004	38.1449	Afro-Asiatic	774
1787	911_grandfathergrandmother	grandfather, grandmother	wolane	Wolane	əber	əber	ə b e r	wola1253	8.23	38.14	Afro-Asiatic	774
5211	2829_grant	grant	arabic	Arabic	niḥlat-	niħlat-	n i ħ l a t	arab1395			Afro-Asiatic	1415
5185	2806_grantgift	grant, gift	pcs	Central Semitic	*minḥ-at-	minħ-at-	m i n ħ a t	cent2236			Afro-Asiatic	1411
3719	1912_grantleaseconcessionbail	grant, lease, concession, bail	sabaic	Sabaic	nḥlt	nħlt	n ħ l t	saba1279	15.42	45.35	Afro-Asiatic	1194
3262	1602_grape	grape	pcs	Central Semitic	*ˁinab-	ʕinab-	ʕ i n a b	cent2236			Afro-Asiatic	1131
667	416_grapegrapevinevitisvinifera	grape, grapevine (Vitis vinifera)	amharic	Amharic	wäyn	wæjn	w æ j n	amha1245	11.708182	39.543456	Afro-Asiatic	308
3265	1604_grapeberry	grape; berry	syriac	Classical Syriac	ˁenbtā	ʕenbtaː	ʕ e n b t aː	clas1252	37.1129	42.1432	Afro-Asiatic	1131
662	411_grapes	grapes	arabic	Arabic	wayn-	wajn-	w a j n	arab1395			Afro-Asiatic	308
3264	411_grapes	grapes	hebrew	Modern Hebrew	ˁēnāb	ʕeːnaːb	ʕ eː n aː b	hebr1245	31.1056	35.0179	Afro-Asiatic	1131
3266	411_grapes	grapes	arabic	Arabic	ˁinab-	ʕinab-	ʕ i n a b	arab1395			Afro-Asiatic	1131
3263	1603_grapes	grapes(?)	ugaritic	Ugaritic	γnb	ɣnb	ɣ n b	ugar1238	35.6	35.78	Afro-Asiatic	1131
661	410_grapesvinewine	grapes, vine, wine	pws	West Semitic	*wayn-	wajn-	w a j n	west2786			Afro-Asiatic	308
3252	1595_grapevinestockofvine	grapevine, stock of vine	arabic	Arabic	ǯafn-	gafn-	g a f n	arab1395			Afro-Asiatic	1127
1136	615_grass	grass	pcs	Central Semitic	*ˁVŝb-	ʕ-ɬb-	ʕ ɬ b	cent2236			Afro-Asiatic	583
1138	615_grass	grass	syriac	Classical Syriac	ˁesbā	ʕesbaː	ʕ e s b aː	clas1252	37.1129	42.1432	Afro-Asiatic	583
1137	616_grassherb	grass, herb	hebrew	Modern Hebrew	ˁēŝäb	ʕeːɬæb	ʕ eː ɬ æ b	hebr1245	31.1056	35.0179	Afro-Asiatic	583
1494	752_grasshopper	grasshopper	officialaramaic	Middle-Modern Aramaic	ḳmṣ	qˤmsˤ	qˤ m sˤ	midd1367			Afro-Asiatic	680
1499	752_grasshopper	grasshopper	turoyo	Turoyo	ḳamṣo	qˤamsˤo	qˤ a m sˤ o	turo1239	37.2275	42.1451	Afro-Asiatic	680
1487	747_grasshoppers	grasshoppers	ugaritic	Ugaritic	ḥsn	ħsn	ħ s n	ugar1238	35.6	35.78	Afro-Asiatic	679
1493	747_grasshoppers	grasshoppers	ugaritic	Ugaritic	ḳṣm	qˤsˤm	qˤ sˤ m	ugar1238	35.6	35.78	Afro-Asiatic	680
998	549_gravel	gravel	akkadian	Akkadian	ḫiṣṣu	xisˤsˤu	x i sˤ sˤ u	akka1240	33.1	44.1	Afro-Asiatic	519
999	549_gravel	gravel	ugaritic	Ugaritic	ḥṣ	ħsˤ	ħ sˤ	ugar1238	35.6	35.78	Afro-Asiatic	519
1001	549_gravel	gravel	syriac	Classical Syriac	ḥṣāṣā	ħsˤaːsˤaː	ħ sˤ aː sˤ aː	clas1252	37.1129	42.1432	Afro-Asiatic	519
1009	549_gravel	gravel	soqotri	Soqotri	ḥáṣaḥáṣihin	ħásˤaħásˤihin	ħ á sˤ a ħ á sˤ i h i n	soqo1240	12.4892	53.9168	Afro-Asiatic	519
2990	1428_gravysoup	gravy, soup	mehri	Mehri	mərēḳ	məreːqˤ	m ə r eː qˤ	mehr1241	16.793	52.473	Afro-Asiatic	1072
2991	1428_gravysoup	gravy, soup	jibbali	Jibbali	mírέḳ	mírɛqˤ	m í r ɛ qˤ	sheh1240	17.29154	53.99526	Afro-Asiatic	1072
764	451_great	great	biblicalaramaic	Imperial Aramaic (700-300 BCE)	raḇ	raḇ	r a b̠	impe1235	33.905	42.185	Afro-Asiatic	355
4224	2184_greatcompanyofmen	great company of men	arabic	Arabic	ǯibill-	gibill-	g i b i l l	arab1395			Afro-Asiatic	1257
766	452_greatonegreatthing	great one, great thing	jewishbabylonianaramaic	Jewish Babylonian Aramaic (ca. 200-1200 CE)	rab	rab	r a b	jewi1240	32.273	44.245	Afro-Asiatic	355
758	445_greatlarge	great, large	ugaritic	Ugaritic	rb	rb	r b	ugar1238	35.6	35.78	Afro-Asiatic	355
765	445_greatlarge	great, large	jewishpalestinianaramaic	Jewish Palestinian Aramaic	rab	rab	r a b	pale1261			Afro-Asiatic	355
767	445_greatlarge	great, large	syriac	Classical Syriac	rabbā	rabbaː	r a b b aː	clas1252	37.1129	42.1432	Afro-Asiatic	355
126	88_green	green	tigrinya	Tigrinya	ḳäṭälya	qˤætˤælja	qˤ æ tˤ æ l j a	tigr1271	15.3359	38.9266	Afro-Asiatic	89
4083	2101_gripesgripingpain	gripes, griping pain	syriac	Classical Syriac	ˁuḳālā	ʕuqˤaːlaː	ʕ u qˤ aː l aː	clas1252	37.1129	42.1432	Afro-Asiatic	1244
2319	1078_groundtroddenwiththehoofsofhorsesfinedusttroddenwiththefeet	ground trodden with the hoofs of horses; fine dust trodden with the feet	arabic	Arabic	kadīd-	kadiːd-	k a d iː d	arab1395			Afro-Asiatic	915
770	455_grobig	groß (big)	turoyo	Turoyo	rabo	rabo	r a b o	turo1239	37.2275	42.1451	Afro-Asiatic	355
3010	1437_guepard	guepard	arabic	Arabic	fahd-	fahd-	f a h d	arab1395			Afro-Asiatic	1081
5466	2967_guineafowl	guineafowl	tigre	Tigre	ḥagäl	ħagæl	ħ a g æ l	tigr1270	17.3494	38.2233	Afro-Asiatic	1621
3948	2014_gullet	gullet	mandaic	Classical Mandaic	balˁuma	balʕuma	b a l ʕ u m a	clas1253	36.1203	49.5659	Afro-Asiatic	1222
3949	2015_gulletsophagus	gullet, œsophagus	arabic	Arabic	bulˁum-	bulʕum-	b u l ʕ u m	arab1395			Afro-Asiatic	1222
5256	2861_gulpdowndevourswallow	gulp down, devour, swallow	geez	Geez	wəḫṭa, waḫaṭa	wəxtˤa	w ə x tˤ a	geez1241	10.1342	40.6821	Afro-Asiatic	1436
4287	2232_gumandallthepalate	gum and all the palate	jibbali	Jibbali	ḥónúk	ħónúk	ħ ó n ú k	sheh1240	17.29154	53.99526	Afro-Asiatic	1266
4286	2231_gumandpalate	gum and palate	mehri	Mehri	ḥənnūk	ħənnuːk	ħ ə n n uː k	mehr1241	16.793	52.473	Afro-Asiatic	1266
1033	570_gustbreathwindaroma	gust, breath; wind; aroma	ugaritic	Ugaritic	rḥ	rħ	r ħ	ugar1238	35.6	35.78	Afro-Asiatic	538
1060	580_hail	hail	pws	West Semitic	*barad-	barad-	b a r a d	west2786			Afro-Asiatic	547
1061	580_hail	hail	hebrew	Modern Hebrew	bārād	baːraːd	b aː r aː d	hebr1245	31.1056	35.0179	Afro-Asiatic	547
1062	580_hail	hail	oldaramaic	Old Aramaic (up to 700 BCE)	brd	brd	b r d	olda1246			Afro-Asiatic	547
1063	580_hail	hail	jewishpalestinianaramaic	Jewish Palestinian Aramaic	bardā	bardaː	b a r d aː	pale1261			Afro-Asiatic	547
1064	580_hail	hail	christianpalestinianaramaic	Christian Palestinian Aramaic	brd	brd	b r d	chri1239			Afro-Asiatic	547
1068	580_hail	hail	arabic	Arabic	barad-	barad-	b a r a d	arab1395			Afro-Asiatic	547
1071	580_hail	hail	tigre	Tigre	bäräd	bæræd	b æ r æ d	tigr1270	17.3494	38.2233	Afro-Asiatic	547
1072	580_hail	hail	tigrinya	Tigrinya	bäräd	bæræd	b æ r æ d	tigr1271	15.3359	38.9266	Afro-Asiatic	547
1073	580_hail	hail	amharic	Amharic	bäräd	bæræd	b æ r æ d	amha1245	11.708182	39.543456	Afro-Asiatic	547
1074	580_hail	hail	harari	Harari	bäräd	bæræd	b æ r æ d	hara1271	9.30485	42.1332	Afro-Asiatic	547
1075	580_hail	hail	selti	Silt'e	bärädä	bærædæ	b æ r æ d æ	silt1240	7.77004	38.1449	Afro-Asiatic	547
1076	580_hail	hail	wolane	Wolane	bäräd	bæræd	b æ r æ d	wola1253	8.23	38.14	Afro-Asiatic	547
1077	580_hail	hail	zway	Zay	borodu	borodu	b o r o d u	zayy1238	8.01148	38.8258	Afro-Asiatic	547
1078	580_hail	hail	chaha	Chaha	bäräǯä	bærægæ	b æ r æ g æ	chah1248			Afro-Asiatic	547
1079	580_hail	hail	ezha	Ezha	bäräǯä	bærægæ	b æ r æ g æ	ezha1238			Afro-Asiatic	547
1080	580_hail	hail	endegen	Endegegny	bäräǯǯä	bæræggæ	b æ r æ g g æ	eneg1238			Afro-Asiatic	547
1081	580_hail	hail	ennemor	Inoric	bäräǯä	bærægæ	b æ r æ g æ	inor1238	7.94883	37.7968	Afro-Asiatic	547
1082	580_hail	hail	gyeto	Gyeta	bäräǯä	bærægæ	b æ r æ g æ	gyet1241			Afro-Asiatic	547
1083	580_hail	hail	muher	Muher	bäräd	bæræd	b æ r æ d	muhe1234			Afro-Asiatic	547
1084	580_hail	hail	muher	Muher	bäräǯä	bærægæ	b æ r æ g æ	muhe1234			Afro-Asiatic	547
1085	580_hail	hail	masqan	Mesqan	bäräd	bæræd	b æ r æ d	mesq1240	8.10617	38.3386	Afro-Asiatic	547
1086	580_hail	hail	gogot	Kistane	bäräd	bæræd	b æ r æ d	kist1241	8.33561	38.4763	Afro-Asiatic	547
1087	580_hail	hail	soddo	Soddo	bäräd	bæræd	b æ r æ d	sodd1242			Afro-Asiatic	547
1088	580_hail	hail	mehri	Mehri	bərēd	bəreːd	b ə r eː d	mehr1241	16.793	52.473	Afro-Asiatic	547
1066	582_hailstones	hail stones	syriac	Classical Syriac	bardā	bardaː	b a r d aː	clas1252	37.1129	42.1432	Afro-Asiatic	547
1070	585_hailsnowhoarfrost	hail, snow, hoarfrost	geez	Geez	barad	barad	b a r a d	geez1241	10.1342	40.6821	Afro-Asiatic	547
1175	631_hair	hair	pes	East Semitic	*ṣVgr-	sˤ-gr-	sˤ g r	east2678			Afro-Asiatic	588
1176	631_hair	hair	geez	Geez	ṣagʷr	sˤagʷr	sˤ a gʷ r	geez1241	10.1342	40.6821	Afro-Asiatic	588
1177	631_hair	hair	tigre	Tigre	č̣əgar	č̣əgar	č̣ ə g a r	tigr1270	17.3494	38.2233	Afro-Asiatic	588
1568	802_hairlessskinofanimals	hairless skin of animals	tigre	Tigre	gəldät	gəldæt	g ə l d æ t	tigr1270	17.3494	38.2233	Afro-Asiatic	704
5758	3153_hairlineinwomen	hairline (in women)	jibbali	Jibbali	məfrɔ́ḳ	məfrɔ́qˤ	m ə f r ɔ́ qˤ	sheh1240	17.29154	53.99526	Afro-Asiatic	1800
4644	2464_hambrehunger	hambre (hunger)	ugaritic	Ugaritic	rγb	rɣb	r ɣ b	ugar1238	35.6	35.78	Afro-Asiatic	1303
5068	2716_handbreadth	handbreadth	jewishpalestinianaramaic	Jewish Palestinian Aramaic	ṭpḥ	tˤpħ	tˤ p ħ	pale1261			Afro-Asiatic	1371
5065	2715_handbreadthspan	handbreadth, span	hebrew	Modern Hebrew	ṭäpaḥ	tˤæpaħ	tˤ æ p a ħ	hebr1245	31.1056	35.0179	Afro-Asiatic	1371
5066	2715_handbreadthspan	handbreadth, span	hebrew	Modern Hebrew	ṭōpaḥ	tˤoːpaħ	tˤ oː p a ħ	hebr1245	31.1056	35.0179	Afro-Asiatic	1371
5067	2715_handbreadthspan	handbreadth, span	hebrew	Modern Hebrew	ṭapḥā	tˤapħaː	tˤ a p ħ aː	hebr1245	31.1056	35.0179	Afro-Asiatic	1371
4870	2573_handful	handful	jewishbabylonianaramaic	Jewish Babylonian Aramaic (ca. 200-1200 CE)	zwārā	zwaːraː	z w aː r aː	jewi1240	32.273	44.245	Afro-Asiatic	1340
5379	2920_happylucky	happy, lucky	ugaritic	Ugaritic	ḥṯ̣t	ħθˤt	ħ θˤ t	ugar1238	35.6	35.78	Afro-Asiatic	1560
98	72_hardbarkofatree	hard bark of a tree	harari	Harari	ḳärfīt	qˤærfiːt	qˤ æ r f iː t	hara1271	9.30485	42.1332	Afro-Asiatic	80
2609	1234_harelipnotchintheearnoseeyelidetc	harelip; notch in the ear, nose, eyelid, etc.	jibbali	Jibbali	ḫarmét	xarmét	x a r m é t	sheh1240	17.29154	53.99526	Afro-Asiatic	959
5556	3032_hastyperson	hasty person	mehri	Mehri	fәrfīr	fərfiːr	f ə r f iː r	mehr1241	16.793	52.473	Afro-Asiatic	1748
5567	3032_hastyperson	hasty person	mehri	Mehri	fәrfīr	fərfiːr	f ə r f iː r	mehr1241	16.793	52.473	Afro-Asiatic	1749
5575	3048_haunch	haunch	biblicalaramaic	Imperial Aramaic (700-300 BCE)	ḥarṣ- (suff.)	ħarsˤ-	ħ a r sˤ	impe1235	33.905	42.185	Afro-Asiatic	1760
1644	842_havingabigbelly	having a big belly	mehri	Mehri	bəṭáyn	bətˤájn	b ə tˤ á j n	mehr1241	16.793	52.473	Afro-Asiatic	723
1646	844_havingafullstomach	having a full stomach	harsusi	Harsusi	beṭı̄́n	betˤı̄́n	b e tˤ ı̄́ n	hars1241	19.6511	56.1562	Afro-Asiatic	723
862	495_havingprominentbuttocks	having prominent buttocks	arabic	Arabic	ˀaˁǯab-	ʔaʕgab-	ʔ a ʕ g a b	arab1395			Afro-Asiatic	393
2607	1232_havingthenosemutilatedhavingtheearperforatedwhenitisnotslit	having the nose mutilated; having the ear perforated, when it is not slit	arabic	Arabic	ˀaḫram-	ʔaxram-	ʔ a x r a m	arab1395			Afro-Asiatic	959
1358	704_hawkeagle	hawk, eagle	amharic	Amharic	nəsər (näsər)	nəsər	n ə s ə r	amha1245	11.708182	39.543456	Afro-Asiatic	643
794	467_hawkkite	hawk, kite	geez	Geez	ˀanḳe, ˀanḳet	ʔanqˤe	ʔ a n qˤ e	geez1241	10.1342	40.6821	Afro-Asiatic	364
3075	1472_head	head	argobba	Argobba	dəmah, dəmaḥ	dəmah	d ə m a h	argo1244	10.6596	39.756	Afro-Asiatic	1092
3076	1472_head	head	selti	Silt'e	dum	dum	d u m	silt1240	7.77004	38.1449	Afro-Asiatic	1092
3078	1472_head	head	gafat	Gafat	dəmʷä, dəmo, dəmuwä, dämoa	dəmʷæ	d ə mʷ æ	gafa1240	11.5764	39.5605	Afro-Asiatic	1092
3072	1469_headcrownoftheheadskullsummit	head, crown of the head, skull, summit	geez	Geez	dəmāḥ, dəmāḫ, dəmāh	dəmaːħ	d ə m aː ħ	geez1241	10.1342	40.6821	Afro-Asiatic	1092
3077	1473_headhairofhead	head; hair of head	wolane	Wolane	dumi	dumi	d u m i	wola1253	8.23	38.14	Afro-Asiatic	1092
2572	1198_healthystrong	healthy, strong	syriac	Classical Syriac	ḥallīmā	ħalliːmaː	ħ a l l iː m aː	clas1252	37.1129	42.1432	Afro-Asiatic	956
5218	2834_heart	heart	pcs	Central Semitic	*pVˀd-	p-ʔd-	p ʔ d	cent2236			Afro-Asiatic	1418
5219	2834_heart	heart	ugaritic	Ugaritic	pˀid	pʔid	p ʔ i d	ugar1238	35.6	35.78	Afro-Asiatic	1418
5220	2834_heart	heart	arabic	Arabic	fuˀād-	fuʔaːd-	f u ʔ aː d	arab1395			Afro-Asiatic	1418
6006	3302_heartmind	heart, mind	mandaic	Classical Mandaic	bal	bal	b a l	clas1253	36.1203	49.5659	Afro-Asiatic	1898
6007	3302_heartmind	heart, mind	arabic	Arabic	bāl-	baːl-	b aː l	arab1395			Afro-Asiatic	1898
3093	1482_heartsoulspirit	heart, soul, spirit	arabic	Arabic	ǯanān-	ganaːn-	g a n aː n	arab1395			Afro-Asiatic	1096
6627	3705_hebesfuitoculusoccaecatusestoccaecavit	hebes fuit (oculus); occaecatus est; occaecavit	syriac	Classical Syriac	ghr	ghr	g h r	clas1252	37.1129	42.1432	Afro-Asiatic	2148
3543	1789_hedge	hedge	ugaritic	Ugaritic	gdrt	gdrt	g d r t	ugar1238	35.6	35.78	Afro-Asiatic	1173
1323	690_hedgehog	hedgehog	pws	West Semitic	*ḳunpuḏ-	qˤunpuð-	qˤ u n p u ð	west2786			Afro-Asiatic	636
1324	690_hedgehog	hedgehog	ebla	Eblaite	ḳì-pá-šum/šúm	qˤì-pá-ʃum	qˤ ì p á ʃ u m	ebla1238	35.798	36.798	Afro-Asiatic	636
1325	690_hedgehog	hedgehog	hebrew	Modern Hebrew	ḳippōd	qˤippoːd	qˤ i p p oː d	hebr1245	31.1056	35.0179	Afro-Asiatic	636
1327	690_hedgehog	hedgehog	syriac	Classical Syriac	ḳupdā	qˤupdaː	qˤ u p d aː	clas1252	37.1129	42.1432	Afro-Asiatic	636
1328	690_hedgehog	hedgehog	mandaic	Classical Mandaic	ḳunpud	qˤunpud	qˤ u n p u d	clas1253	36.1203	49.5659	Afro-Asiatic	636
1329	690_hedgehog	hedgehog	turoyo	Turoyo	ḳuvdo	qˤuvdo	qˤ u v d o	turo1239	37.2275	42.1451	Afro-Asiatic	636
1330	690_hedgehog	hedgehog	arabic	Arabic	qunfuḏ-	qunfuð-	q u n f u ð	arab1395			Afro-Asiatic	636
1331	690_hedgehog	hedgehog	geez	Geez	ḳʷənfəz	qˤʷənfəz	qʷˤ ə n f ə z	geez1241	10.1342	40.6821	Afro-Asiatic	636
1333	692_hedgehogporcupine	hedgehog, porcupine	tigrinya	Tigrinya	ḳənfəz	qˤənfəz	qˤ ə n f ə z	tigr1271	15.3359	38.9266	Afro-Asiatic	636
1374	710_hedove	hedove	samaritan	Samaritan	ywn	jwn	j w n	sama1313	32.0817	35.4487	Afro-Asiatic	646
1897	956_heelofmenfoot	heel (of men), foot	tigre	Tigre	tärḳoba	tærqˤoba	t æ r qˤ o b a	tigr1270	17.3494	38.2233	Afro-Asiatic	843
3039	1451_heiferyoungbullock	heifer, young bullock	tigrinya	Tigrinya	wäyfän	wæjfæn	w æ j f æ n	tigr1271	15.3359	38.9266	Afro-Asiatic	1089
304	190_height	height	sabaic	Sabaic	rym	rjm	r j m	saba1279	15.42	45.35	Afro-Asiatic	128
371	247_heightofbodystature	height of body, stature	ennemor	Inoric	gupa	gupa	g u p a	inor1238	7.94883	37.7968	Afro-Asiatic	140
305	191_heightsthehighthehighest	heights, the high, the highest	geez	Geez	ˀaryām	ʔarjaːm	ʔ a r j aː m	geez1241	10.1342	40.6821	Afro-Asiatic	128
3714	1908_heir	heir	ugaritic	Ugaritic	nḥl	nħl	n ħ l	ugar1238	35.6	35.78	Afro-Asiatic	1194
3521	1778_help	help	ugaritic	Ugaritic	ˁḏrt	ʕðrt	ʕ ð r t	ugar1238	35.6	35.78	Afro-Asiatic	1171
3522	1778_help	help	amarnacanaanite	Canaanite	ˁiḏirtu	ʕiðirtu	ʕ i ð i r t u	cana1267			Afro-Asiatic	1171
5125	2761_helpfavour	help, favour	akkadian	Akkadian	taḫanātu	taxanaːtu	t a x a n aː t u	akka1240	33.1	44.1	Afro-Asiatic	1393
3519	1777_helper	helper	akkadian	Akkadian	ḫāzirum	xaːzirum	x aː z i r u m	akka1240	33.1	44.1	Afro-Asiatic	1171
1139	617_herbagefreshherbs	herbage, fresh herbs	arabic	Arabic	ˁušb-	ʕuʃb-	ʕ u ʃ b	arab1395			Afro-Asiatic	583
1178	632_herdofcowsofthesamecolor	herd of cows of the same color	tigre	Tigre	ṣagar	sˤagar	sˤ a g a r	tigr1270	17.3494	38.2233	Afro-Asiatic	588
1179	632_herdofcowsofthesamecolor	herd of cows of the same color	tigrinya	Tigrinya	č̣ägʷəri	č̣ægʷəri	č̣ æ gʷ ə r i	tigr1271	15.3359	38.9266	Afro-Asiatic	588
1180	632_herdofcowsofthesamecolor	herd of cows of the same color	tigrinya	Tigrinya	ṣägʷri	sˤægʷri	sˤ æ gʷ r i	tigr1271	15.3359	38.9266	Afro-Asiatic	588
1203	638_herdflock	herd, flock	mandaic	Classical Mandaic	baḳra	baqˤra	b a qˤ r a	clas1253	36.1203	49.5659	Afro-Asiatic	593
1202	637_herdflockofcowssheepcamelsapesdemonsheretics	herd, flock  of cows, sheep, camels, apes, demons, heretics	syriac	Classical Syriac	baḳrā	baqˤraː	b a qˤ r aː	clas1252	37.1129	42.1432	Afro-Asiatic	593
1795	916_heritertoinherit	heriter (to inherit)	minaean	Minaean	wrṯ	wrθ	w r θ	mina1279	16.166667	44.672778	Afro-Asiatic	779
5849	3214_hewnstone	hewn stone	phoenician	Phoenician	pslh	pslh	p s l h	phoe1239	34.12	35.65	Afro-Asiatic	1826
5851	3214_hewnstone	hewn stone	officialaramaic	Middle-Modern Aramaic	psylh	psjlh	p s j l h	midd1367			Afro-Asiatic	1826
2684	1285_hezexcremento	hez, excremento	ugaritic	Ugaritic	ḫrˀu	xrʔu	x r ʔ u	ugar1238	35.6	35.78	Afro-Asiatic	988
3237	1585_hiccup	hiccup	syriac	Classical Syriac	pwāḳtā	pwaːqˤtaː	p w aː qˤ t aː	clas1252	37.1129	42.1432	Afro-Asiatic	1124
1559	795_hide	hide	akkadian	Akkadian	gildu	gildu	g i l d u	akka1240	33.1	44.1	Afro-Asiatic	704
6443	3580_hideofcattleafterthehairhasbeenpulledoff	hide of cattle after the hair has been pulled off	selti	Silt'e	sīr	siːr	s iː r	silt1240	7.77004	38.1449	Afro-Asiatic	2035
6444	3580_hideofcattleafterthehairhasbeenpulledoff	hide of cattle after the hair has been pulled off	wolane	Wolane	sir	sir	s i r	wola1253	8.23	38.14	Afro-Asiatic	2035
6445	3580_hideofcattleafterthehairhasbeenpulledoff	hide of cattle after the hair has been pulled off	chaha	Chaha	sir	sir	s i r	chah1248			Afro-Asiatic	2035
6446	3580_hideofcattleafterthehairhasbeenpulledoff	hide of cattle after the hair has been pulled off	ezha	Ezha	sir	sir	s i r	ezha1238			Afro-Asiatic	2035
6447	3580_hideofcattleafterthehairhasbeenpulledoff	hide of cattle after the hair has been pulled off	ennemor	Inoric	sīr	siːr	s iː r	inor1238	7.94883	37.7968	Afro-Asiatic	2035
6448	3580_hideofcattleafterthehairhasbeenpulledoff	hide of cattle after the hair has been pulled off	gyeto	Gyeta	sīr	siːr	s iː r	gyet1241			Afro-Asiatic	2035
6449	3580_hideofcattleafterthehairhasbeenpulledoff	hide of cattle after the hair has been pulled off	muher	Muher	sir	sir	s i r	muhe1234			Afro-Asiatic	2035
6450	3580_hideofcattleafterthehairhasbeenpulledoff	hide of cattle after the hair has been pulled off	masqan	Mesqan	sir	sir	s i r	mesq1240	8.10617	38.3386	Afro-Asiatic	2035
6451	3580_hideofcattleafterthehairhasbeenpulledoff	hide of cattle after the hair has been pulled off	gogot	Kistane	sir	sir	s i r	kist1241	8.33561	38.4763	Afro-Asiatic	2035
4321	2261_hideconceal	hide, conceal	geez	Geez	ḫabˀa	xabʔa	x a b ʔ a	geez1241	10.1342	40.6821	Afro-Asiatic	1271
5235	2844_hidefreshskin	hide, fresh skin	hebrew	Modern Hebrew	šälaḥ	ʃælaħ	ʃ æ l a ħ	hebr1245	31.1056	35.0179	Afro-Asiatic	1428
301	187_high	high	syriac	Classical Syriac	rāmā	raːmaː	r aː m aː	clas1252	37.1129	42.1432	Afro-Asiatic	128
299	185_highexalted	high, exalted	ugaritic	Ugaritic	rm	rm	r m	ugar1238	35.6	35.78	Afro-Asiatic	128
307	193_hightalllong	high, tall, long	amharic	Amharic	räžžim	ræžžim	r æ ž ž i m	amha1245	11.708182	39.543456	Afro-Asiatic	128
685	424_hineingehencomein	hineingehen (come in)	argobba	Argobba	ˀatt	ʔatt	ʔ a t t	argo1244	10.6596	39.756	Afro-Asiatic	326
6121	3369_hip	hip	mandaic	Classical Mandaic	matna, mitna	matna	m a t n a	clas1253	36.1203	49.5659	Afro-Asiatic	1936
1911	965_hiphipbonethighthighbonefleshofthighshoulderblade	hip, hipbone, thigh, thighbone, flesh of thigh, shoulder blade	geez	Geez	ṣakʷ	sˤakʷ	sˤ a kʷ	geez1241	10.1342	40.6821	Afro-Asiatic	844
1684	869_hiploin	hip, loin	tigre	Tigre	ḥəḳäḳ	ħəqˤæqˤ	ħ ə qˤ æ qˤ	tigr1270	17.3494	38.2233	Afro-Asiatic	728
5573	869_hiploin	hip, loin	pcs	Central Semitic	*ḥVrṣ-	ħ-rsˤ-	ħ r sˤ	cent2236			Afro-Asiatic	1760
1683	868_hiplointhighbone	hip, loin, thighbone	geez	Geez	ḥaḳʷe	ħaqˤʷe	ħ a qʷˤ e	geez1241	10.1342	40.6821	Afro-Asiatic	728
6115	3365_hiploinssmalloftheback	hip, loins, small of the back	pcs	Central Semitic	*matn- (2)	matn-	m a t n	cent2236			Afro-Asiatic	1936
1913	967_hipthigh	hip, thigh	pws	West Semitic	*paḫiḏ-	paxið-	p a x i ð	west2786			Afro-Asiatic	848
6117	3367_hipsandloins	hips and loins	hebrew	Modern Hebrew	motnayim	motnajim	m o t n a j i m	hebr1245	31.1056	35.0179	Afro-Asiatic	1936
1690	874_hipshipbone	hips, hipbone	jibbali	Jibbali	ḥaḳḥéḳ	ħaqˤħéqˤ	ħ a qˤ ħ é qˤ	sheh1240	17.29154	53.99526	Afro-Asiatic	728
3424	1709_hired	hired	geez	Geez	ŝəkur	ɬəkur	ɬ ə k u r	geez1241	10.1342	40.6821	Afro-Asiatic	1158
3273	1608_hither	hither	pcs	Central Semitic	*halumma	halumma	h a l u m m a	cent2236			Afro-Asiatic	1133
3274	1608_hither	hither	hebrew	Modern Hebrew	hălōm	hăloːm	h ă l oː m	hebr1245	31.1056	35.0179	Afro-Asiatic	1133
36	21_holecrevice	hole, crevice	hebrew	Modern Hebrew	ḥōaḥ	ħoːaħ	ħ oː a ħ	hebr1245	31.1056	35.0179	Afro-Asiatic	36
3099	1487_hollowinthenapeoftheneck	hollow in the nape of the neck	endegen	Endegegny	gˀin	gʔin	g ʔ i n	eneg1238			Afro-Asiatic	1097
3100	1487_hollowinthenapeoftheneck	hollow in the nape of the neck	ennemor	Inoric	gˀin	gʔin	g ʔ i n	inor1238	7.94883	37.7968	Afro-Asiatic	1097
3101	1487_hollowinthenapeoftheneck	hollow in the nape of the neck	gyeto	Gyeta	gˀin	gʔin	g ʔ i n	gyet1241			Afro-Asiatic	1097
3102	1487_hollowinthenapeoftheneck	hollow in the nape of the neck	muher	Muher	gˀən	gʔən	g ʔ ə n	muhe1234			Afro-Asiatic	1097
3103	1487_hollowinthenapeoftheneck	hollow in the nape of the neck	masqan	Mesqan	gˀin	gʔin	g ʔ i n	mesq1240	8.10617	38.3386	Afro-Asiatic	1097
3104	1487_hollowinthenapeoftheneck	hollow in the nape of the neck	gogot	Kistane	gˀin	gʔin	g ʔ i n	kist1241	8.33561	38.4763	Afro-Asiatic	1097
3105	1487_hollowinthenapeoftheneck	hollow in the nape of the neck	soddo	Soddo	gin	gin	g i n	sodd1242			Afro-Asiatic	1097
4343	2283_hollowoutdig	hollow out, dig	hebrew	Modern Hebrew	kārā	kaːraː	k aː r aː	hebr1245	31.1056	35.0179	Afro-Asiatic	1274
3126	1503_hollowvoidspaceinteriorofahousebelly	hollow, void space; interior of a house; belly	arabic	Arabic	ǯawf-	gawf-	g a w f	arab1395			Afro-Asiatic	1101
2132	1014_honey	honey	pes	East Semitic	*maˁār-	maʕaːr-	m a ʕ aː r	east2678			Afro-Asiatic	889
2134	1014_honey	honey	tigre	Tigre	mäˁar	mæʕar	m æ ʕ a r	tigr1270	17.3494	38.2233	Afro-Asiatic	889
2135	1014_honey	honey	tigrinya	Tigrinya	mäˁar	mæʕar	m æ ʕ a r	tigr1271	15.3359	38.9266	Afro-Asiatic	889
2136	1014_honey	honey	amharic	Amharic	mar	mar	m a r	amha1245	11.708182	39.543456	Afro-Asiatic	889
2133	1015_honeyhoneycomb	honey, honeycomb	geez	Geez	maˁār	maʕaːr	m a ʕ aː r	geez1241	10.1342	40.6821	Afro-Asiatic	889
88	62_honeycomb	honeycomb	jibbali	Jibbali	ŝaˁẑɔ́t	ɬaʕɬ̬ˤɔ́t	ɬ a ʕ ɬ̬ˤ ɔ́ t	sheh1240	17.29154	53.99526	Afro-Asiatic	74
2131	62_honeycomb	honeycomb	pws	West Semitic	*yaˁr-	jaʕr-	j a ʕ r	west2786			Afro-Asiatic	888
2641	1260_hoof	hoof	pws	West Semitic	*pVrs-	p-rs-	p r s	west2786			Afro-Asiatic	974
2642	1260_hoof	hoof	hebrew	Modern Hebrew	parsā	parsaː	p a r s aː	hebr1245	31.1056	35.0179	Afro-Asiatic	974
5650	1260_hoof	hoof	pws	West Semitic	*ḫu/ap(p)-	xu	x u	west2786			Afro-Asiatic	1774
5652	1260_hoof	hoof	tigre	Tigre	ḥəfən	ħəfən	ħ ə f ə n	tigr1270	17.3494	38.2233	Afro-Asiatic	1774
5665	1260_hoof	hoof	soddo	Soddo	kotte	kotte	k o t t e	sodd1242			Afro-Asiatic	1776
5651	3082_hooffootofostrichorcamelsoleofthefootofhumansbootie	hoof, foot (of ostrich or camel); sole of the foot (of humans); bootie	arabic	Arabic	ḫuff-	xuff-	x u f f	arab1395			Afro-Asiatic	1774
5653	3083_hoofsoleofthefoot	hoof, sole of the foot	mehri	Mehri	ḫaf	xaf	x a f	mehr1241	16.793	52.473	Afro-Asiatic	1774
2643	1261_hoofsplithoof	hoof, split hoof	jewishpalestinianaramaic	Jewish Palestinian Aramaic	prsh	prsh	p r s h	pale1261			Afro-Asiatic	974
2644	1262_hooffootsole	hoof; foot, sole	syriac	Classical Syriac	parstā	parstaː	p a r s t aː	clas1252	37.1129	42.1432	Afro-Asiatic	974
1435	728_hornet	hornet	jewishbabylonianaramaic	Jewish Babylonian Aramaic (ca. 200-1200 CE)	zibbūrā	zibbuːraː	z i b b uː r aː	jewi1240	32.273	44.245	Afro-Asiatic	665
1444	736_hornetfly	hornet, fly	harsusi	Harsusi	ḏebēr	ðebeːr	ð e b eː r	hars1241	19.6511	56.1562	Afro-Asiatic	665
1438	731_hornetwasp	hornet, wasp	turoyo	Turoyo	dibburo	dibburo	d i b b u r o	turo1239	37.2275	42.1451	Afro-Asiatic	665
5518	731_hornetwasp	hornet, wasp	hebrew	Modern Hebrew	ṣirˁā	sˤirʕaː	sˤ i r ʕ aː	hebr1245	31.1056	35.0179	Afro-Asiatic	1712
1280	669_horse	horse	pws	West Semitic	*paraš-	paraʃ-	p a r a ʃ	west2786			Afro-Asiatic	613
1290	669_horse	horse	arabic	Arabic	faras-	faras-	f a r a s	arab1395			Afro-Asiatic	613
1294	669_horse	horse	geez	Geez	faras	faras	f a r a s	geez1241	10.1342	40.6821	Afro-Asiatic	613
1295	669_horse	horse	tigre	Tigre	färäs	færæs	f æ r æ s	tigr1270	17.3494	38.2233	Afro-Asiatic	613
1298	669_horse	horse	harari	Harari	färäz	færæz	f æ r æ z	hara1271	9.30485	42.1332	Afro-Asiatic	613
1299	669_horse	horse	soddo	Soddo	färäs	færæs	f æ r æ s	sodd1242			Afro-Asiatic	613
5790	3173_horsebeansbroadbeans	horse beans, broad beans	amharic	Amharic	ful	ful	f u l	amha1245	11.708182	39.543456	Afro-Asiatic	1809
1297	679_horsestallion	horse, stallion	amharic	Amharic	färäs	færæs	f æ r æ s	amha1245	11.708182	39.543456	Afro-Asiatic	613
1296	678_horsesteed	horse, steed	tigrinya	Tigrinya	färäs	færæs	f æ r æ s	tigr1271	15.3359	38.9266	Afro-Asiatic	613
1291	676_horsemarecavalrymancavalry	horse/mare; cavalryman, cavalry	sabaic	Sabaic	frs₁	frs₁	f r s ¹	saba1279	15.42	45.35	Afro-Asiatic	613
1287	673_horseman	horseman	jewishbabylonianaramaic	Jewish Babylonian Aramaic (ca. 200-1200 CE)	parrāšā	parraːʃaː	p a r r aː ʃ aː	jewi1240	32.273	44.245	Afro-Asiatic	613
1282	671_horsemancavalryman	horseman, cavalryman	oldaramaic	Old Aramaic (up to 700 BCE)	prš	prʃ	p r ʃ	olda1246			Afro-Asiatic	613
1283	671_horsemancavalryman	horseman, cavalryman	officialaramaic	Middle-Modern Aramaic	prš	prʃ	p r ʃ	midd1367			Afro-Asiatic	613
1284	671_horsemancavalryman	horseman, cavalryman	palmyrean	Palmyrene	prš	prʃ	p r ʃ	palm1242			Afro-Asiatic	613
1285	671_horsemancavalryman	horseman, cavalryman	nabataean	Nabatean	prš	prʃ	p r ʃ	naba1259			Afro-Asiatic	613
1288	674_horsemanrider	horseman, rider	syriac	Classical Syriac	parrāšā	parraːʃaː	p a r r aː ʃ aː	clas1252	37.1129	42.1432	Afro-Asiatic	613
1043	579_hotwestsummerwind	hot west summer wind	jibbali	Jibbali	iráḥ	iráħ	i r á ħ	sheh1240	17.29154	53.99526	Afro-Asiatic	538
1042	578_hotwind	hot wind	mehri	Mehri	rīḥ	riːħ	r iː ħ	mehr1241	16.793	52.473	Afro-Asiatic	538
1893	953_houghhamtheinnerpartofthekneetheinnerangleofthejointwhichunitesthethighandthelegofananimal	hough, ham, the inner part of the knee, the inner angle of the joint which unites the thigh and the leg of an animal	hebrew	Modern Hebrew	ˁarḳūb	ʕarqˤuːb	ʕ a r qˤ uː b	hebr1245	31.1056	35.0179	Afro-Asiatic	843
1107	598_humanbeing	human being	arabic	Arabic	ˀādamiyy-	ʔaːdamijj-	ʔ aː d a m i j j	arab1395			Afro-Asiatic	575
2716	1304_humandung	human dung	hebrew	Modern Hebrew	*gēl	geːl	g eː l	hebr1245	31.1056	35.0179	Afro-Asiatic	990
2690	1291_humanexcrementdungofthedogfieldratantfly	human excrement; dung of the dog, fieldrat, ant, fly	arabic	Arabic	ḫurˀ-, ḫarˀ	xurʔ-	x u r ʔ	arab1395			Afro-Asiatic	988
1112	600_humanitymankindeverybody	humanity, mankind, everybody	tigrinya	Tigrinya	ˀaddam	ʔaddam	ʔ a d d a m	tigr1271	15.3359	38.9266	Afro-Asiatic	575
3231	1580_humbleascetic	humble, ascetic	syriac	Classical Syriac	ˁanwāyā	ʕanwaːjaː	ʕ a n w aː j aː	clas1252	37.1129	42.1432	Afro-Asiatic	1123
2820	1350_hump	hump	ugaritic	Ugaritic	gbṯt	gbθt	g b θ t	ugar1238	35.6	35.78	Afro-Asiatic	1015
2826	1353_humpofacamel	hump (of a camel)'	hebrew	Modern Hebrew	dabbäšät	dabbæʃæt	d a b b æ ʃ æ t	hebr1245	31.1056	35.0179	Afro-Asiatic	1016
2818	1348_humpofananimal	hump (of an animal)	pws	West Semitic	*gbṯ	gbθ	g b θ	west2786			Afro-Asiatic	1015
2812	1344_humphill	hump, hill	jewishpalestinianaramaic	Jewish Palestinian Aramaic	gbynth	gbjnth	g b j n t h	pale1261			Afro-Asiatic	1014
2810	1342_humphunchback	hump, hunchback	pws	West Semitic	*gVb(V)b-, gVb(b)-an-	g-bb-	g b b	west2786			Afro-Asiatic	1014
2811	1343_hunchbacked	hunchbacked	hebrew	Modern Hebrew	gibbēn	gibbeːn	g i b b eː n	hebr1245	31.1056	35.0179	Afro-Asiatic	1014
2816	1343_hunchbacked	hunchbacked	muher	Muher	gʷəbən	gʷəbən	gʷ ə b ə n	muhe1234			Afro-Asiatic	1014
2817	1343_hunchbacked	hunchbacked	gogot	Kistane	gʷäbana	gʷæbana	gʷ æ b a n a	kist1241	8.33561	38.4763	Afro-Asiatic	1014
2822	1343_hunchbacked	hunchbacked	wolane	Wolane	gumbus	gumbus	g u m b u s	wola1253	8.23	38.14	Afro-Asiatic	1015
2823	1343_hunchbacked	hunchbacked	gogot	Kistane	gumbəs	gumbəs	g u m b ə s	kist1241	8.33561	38.4763	Afro-Asiatic	1015
2824	1343_hunchbacked	hunchbacked	soddo	Soddo	gumbus	gumbus	g u m b u s	sodd1242			Afro-Asiatic	1015
2829	1356_hunchbacks	hunchbacks	tigre	Tigre	däbbisotat	dæbbisotat	d æ b b i s o t a t	tigr1270	17.3494	38.2233	Afro-Asiatic	1016
4643	2463_hunger	hunger	pws	West Semitic	*raγab-	raɣab-	r a ɣ a b	west2786			Afro-Asiatic	1303
4645	2463_hunger	hunger	hebrew	Modern Hebrew	rāˁāb	raːʕaːb	r aː ʕ aː b	hebr1245	31.1056	35.0179	Afro-Asiatic	1303
4648	2463_hunger	hunger	amharic	Amharic	rab, rähab	rab	r a b	amha1245	11.708182	39.543456	Afro-Asiatic	1303
4649	2463_hunger	hunger	harari	Harari	raḥab	raħab	r a ħ a b	hara1271	9.30485	42.1332	Afro-Asiatic	1303
4650	2463_hunger	hunger	wolane	Wolane	rab	rab	r a b	wola1253	8.23	38.14	Afro-Asiatic	1303
4651	2463_hunger	hunger	zway	Zay	rəb	rəb	r ə b	zayy1238	8.01148	38.8258	Afro-Asiatic	1303
4647	2466_hungerfamine	hunger, famine	geez	Geez	raḫab, raḫāb	raxab	r a x a b	geez1241	10.1342	40.6821	Afro-Asiatic	1303
2871	1384_hungrigseintobehungry	hungrig sein (to be hungry)	ugaritic	Ugaritic	rγb	rɣb	r ɣ b	ugar1238	35.6	35.78	Afro-Asiatic	1032
646	399_hungryandthirsty	hungry and thirsty	arabic	Arabic	ṣāmiq-	sˤaːmiq-	sˤ aː m i q	arab1395			Afro-Asiatic	287
3777	1948_hunter	hunter	akkadian	Akkadian	ṣayyādu	sˤajjaːdu	sˤ a j j aː d u	akka1240	33.1	44.1	Afro-Asiatic	1201
3783	1952_huntingpreygame	hunting, prey, game	syriac	Classical Syriac	ṣaydā	sˤajdaː	sˤ a j d aː	clas1252	37.1129	42.1432	Afro-Asiatic	1201
4957	2634_hutbooth	hut, booth	soqotri	Soqotri	streʰ	streʰ	s t r eʰ	soqo1240	12.4892	53.9168	Afro-Asiatic	1352
1304	682_ibex	ibex	pws	West Semitic	*waˁil-	waʕil-	w a ʕ i l	west2786			Afro-Asiatic	626
1305	682_ibex	ibex	ebla	Eblaite	wa-ì-lum	wa-ì-lum	w a ì l u m	ebla1238	35.798	36.798	Afro-Asiatic	626
1308	682_ibex	ibex	syriac	Classical Syriac	yaˁlā	jaʕlaː	j a ʕ l aː	clas1252	37.1129	42.1432	Afro-Asiatic	626
1311	682_ibex	ibex	qatabanian	Qatabanian	wˁl	wʕl	w ʕ l	qata1238	14.8	45.733333	Afro-Asiatic	626
1312	682_ibex	ibex	hadramitic	Hadrami	wˁl	wʕl	w ʕ l	hadr1235	15.528	47.603	Afro-Asiatic	626
1313	682_ibex	ibex	geez	Geez	wəˁəlā	wəʕəlaː	w ə ʕ ə l aː	geez1241	10.1342	40.6821	Afro-Asiatic	626
1316	682_ibex	ibex	mehri	Mehri	wɛ̄l	wɛ̄l	w ɛ̄ l	mehr1241	16.793	52.473	Afro-Asiatic	626
1317	682_ibex	ibex	jibbali	Jibbali	εbˁóẑ	εbʕóɬ̬ˤ	ɛ b ʕ ó ɬ̬ˤ	sheh1240	17.29154	53.99526	Afro-Asiatic	626
1307	684_ibexmountaingoat	ibex, mountain goat	hebrew	Modern Hebrew	yāˁēl	jaːʕeːl	j aː ʕ eː l	hebr1245	31.1056	35.0179	Afro-Asiatic	626
1309	684_ibexmountaingoat	ibex, mountain goat	arabic	Arabic	waˁl-, waˁil-	waʕl-	w a ʕ l	arab1395			Afro-Asiatic	626
1065	581_ice	ice	jewishbabylonianaramaic	Jewish Babylonian Aramaic (ca. 200-1200 CE)	bardā	bardaː	b a r d aː	jewi1240	32.273	44.245	Afro-Asiatic	547
2557	1189_ilavaiteuunepollutionnocturnehavinganocturnalpollution	il avait eu une pollution nocturne (having a nocturnal pollution)	sabaic	Sabaic	mḥtlm	mħtlm	m ħ t l m	saba1279	15.42	45.35	Afro-Asiatic	954
1543	784_iliacboneasortofcartilagewhichextendsfromthetailjointtothetail	iliac bone; a sort of cartilage which extends from the tail joint to the tail	amharic	Amharic	anisa	anisa	a n i s a	amha1245	11.708182	39.543456	Afro-Asiatic	695
6656	3730_imageimagination	image; imagination	hebrew	Modern Hebrew	maŝkīt	maɬkiːt	m a ɬ k iː t	hebr1245	31.1056	35.0179	Afro-Asiatic	2164
5987	3287_impetuosity	impetuosity	jewishbabylonianaramaic	Jewish Babylonian Aramaic (ca. 200-1200 CE)	paḥzūtā	paħzuːtaː	p a ħ z uː t aː	jewi1240	32.273	44.245	Afro-Asiatic	1889
5997	3294_impetuous	impetuous	jewishbabylonianaramaic	Jewish Babylonian Aramaic (ca. 200-1200 CE)	pazzīz	pazziːz	p a z z iː z	jewi1240	32.273	44.245	Afro-Asiatic	1897
3140	1515_in	in	syriac	Classical Syriac	b-	b-	b	clas1252	37.1129	42.1432	Afro-Asiatic	1106
3159	1515_in	in	soqotri	Soqotri	be-	be-	b e	soqo1240	12.4892	53.9168	Afro-Asiatic	1106
3142	1517_inin	in (in)	turoyo	Turoyo	b-	b-	b	turo1239	37.2275	42.1451	Afro-Asiatic	1106
5052	2708_inastateofritualpurity	in a state of ritual purity	sabaic	Sabaic	ṭhr	tˤhr	tˤ h r	saba1279	15.42	45.35	Afro-Asiatic	1368
289	177_infrontof	in front of	arabic	Arabic	ḥiḏāˀa, ḥiḏwata	ħiðaːʔa	ħ i ð aː ʔ a	arab1395			Afro-Asiatic	122
5436	177_infrontof	in front of	sabaic	Sabaic	l-ḳbl	l-qˤbl	l qˤ b l	saba1279	15.42	45.35	Afro-Asiatic	1589
3551	1795_inthesurroundingsofatthesideof	in the surroundings of, at the side of	tigre	Tigre	gədar	gədar	g ə d a r	tigr1270	17.3494	38.2233	Afro-Asiatic	1173
3148	1523_inatbywiththemeansofbecauseof	in, at, by, with (the means of), because of	geez	Geez	ba	ba	b a	geez1241	10.1342	40.6821	Afro-Asiatic	1106
3958	2023_inatinsideamong	in, at, inside, among	mehri	Mehri	bərk	bərk	b ə r k	mehr1241	16.793	52.473	Afro-Asiatic	1223
3144	1519_inatwithby	in, at, with, by	sabaic	Sabaic	b	b	b	saba1279	15.42	45.35	Afro-Asiatic	1106
3139	1514_inatwiththroughinstrumentalawayfrom	in, at; with, through (instrumental); away from	hebrew	Modern Hebrew	bə	bə	b ə	hebr1245	31.1056	35.0179	Afro-Asiatic	1106
3141	1516_inbywithbymeansof	in, by, with, by means of	mandaic	Classical Mandaic	b-, ba-	b-	b	clas1253	36.1203	49.5659	Afro-Asiatic	1106
3959	2024_ininto	in, into	harsusi	Harsusi	berk	berk	b e r k	hars1241	19.6511	56.1562	Afro-Asiatic	1223
3150	1525_inintoatonontoupon	in, into, at, on, onto, upon	tigrinya	Tigrinya	ˀab	ʔab	ʔ a b	tigr1271	15.3359	38.9266	Afro-Asiatic	1106
3147	1522_inonbymeansofthrough	in, on, by means of, through	qatabanian	Qatabanian	b	b	b	qata1238	14.8	45.733333	Afro-Asiatic	1106
3149	1524_inthroughwithby	in, through, with, by	tigre	Tigre	ˀəb/bə-	ʔəb	ʔ ə b	tigr1270	17.3494	38.2233	Afro-Asiatic	1106
3158	1533_inwithby	in, with, by	harsusi	Harsusi	b-/be-	b-	b	hars1241	19.6511	56.1562	Afro-Asiatic	1106
3151	1526_inwithforbybymeansofbydintofbymeansofsayingwiththroughinthenameof	in, with, for, by, by means of, by dint of, by means of saying; with, through, in the name of	tigrinya	Tigrinya	bə	bə	b ə	tigr1271	15.3359	38.9266	Afro-Asiatic	1106
3136	1511_inbymeansofinstrumental	in; by means of (instrumental)	pws	West Semitic	*bi/ba	bi	b i	west2786			Afro-Asiatic	1106
3138	1513_infromamong	in; from; among	phoenician	Phoenician	b	b	b	phoe1239	34.12	35.65	Afro-Asiatic	1106
3137	1512_inthroughbyatwithinstrumentalfromoffromamong	in; through; by, at; with (instrumental); from; of, from among	ugaritic	Ugaritic	b	b	b	ugar1238	35.6	35.78	Afro-Asiatic	1106
3716	1910_inalienablehereditaryproperty	inalienable, hereditary property	hebrew	Modern Hebrew	naḥălā	naħălaː	n a ħ ă l aː	hebr1245	31.1056	35.0179	Afro-Asiatic	1194
5723	3138_incensetree	incense tree	pws	West Semitic	*lVbn-	l-bn-	l b n	west2786			Afro-Asiatic	1796
2511	1154_infamyshamefulbehaviourespfornicationandincest	infamy, shameful behaviour, esp. fornication and incest	hebrew	Modern Hebrew	zimmā	zimmaː	z i m m aː	hebr1245	31.1056	35.0179	Afro-Asiatic	941
3205	1564_infertilewithnodescendants	infertile, with no descendants	hebrew	Modern Hebrew	ˁāḳār	ʕaːqˤaːr	ʕ aː qˤ aː r	hebr1245	31.1056	35.0179	Afro-Asiatic	1121
5165	2788_influenza	influenza	mehri	Mehri	γəddēt	ɣəddeːt	ɣ ə d d eː t	mehr1241	16.793	52.473	Afro-Asiatic	1402
1797	918_inheritconfiscate	inherit, confiscate	geez	Geez	warasa	warasa	w a r a s a	geez1241	10.1342	40.6821	Afro-Asiatic	779
1796	917_inheritance	inheritance	qatabanian	Qatabanian	wrṯ	wrθ	w r θ	qata1238	14.8	45.733333	Afro-Asiatic	779
5208	917_inheritance	inheritance	pcs	Central Semitic	*niḥl-at-	niħl-at-	n i ħ l a t	cent2236			Afro-Asiatic	1415
4258	2213_innerroomlivingquarters	inner room, living quarters	pws	West Semitic	*ḥadr-/*ḫadr-	ħadr-	ħ a d r	west2786			Afro-Asiatic	1264
5578	3049_innerwallofbellyskin	inner wall of belly skin	arabic	Arabic	ḥirṣiyān	ħirsˤijaːn	ħ i r sˤ i j aː n	arab1395			Afro-Asiatic	1760
3813	1967_innocentperfect	innocent, perfect	syriac	Classical Syriac	tammimā	tammimaː	t a m m i m aː	clas1252	37.1129	42.1432	Afro-Asiatic	1205
6005	3301_intellectmind	intellect, mind	syriac	Classical Syriac	bālā	baːlaː	b aː l aː	clas1252	37.1129	42.1432	Afro-Asiatic	1898
6555	3657_intensewhitenessofthewhiteoftheeyeandintenseblacknessoftheblackthereof	intense whiteness of the white of the eye and intense blackness of the black thereof	arabic	Arabic	ḥawar-	ħawar-	ħ a w a r	arab1395			Afro-Asiatic	2100
5149	2775_intensivelyred	intensively red	arabic	Arabic	ˀaḥmaru ḏarīḥiyyun	ʔaħmaru	ʔ a ħ m a r u	arab1395			Afro-Asiatic	1397
3091	1480_interiorcorazoninsidesheart	interior, corazón (insides, heart)	ugaritic	Ugaritic	gngn, ggn	gngn	g n g n	ugar1238	35.6	35.78	Afro-Asiatic	1096
1635	839_internaltumorkindofchancrewhichappearsonthebacksofpackanimalsduetochafingoftheloads	internal tumor; kind of chancre which appears on the backs of pack animals due to chafing of the loads	amharic	Amharic	bəz	bəz	b ə z	amha1245	11.708182	39.543456	Afro-Asiatic	720
3092	1481_interieuredetoutechosecoeurchezlespotesinnerpartofanythingheartinpoetry	intérieure (de toute chose); coeur (chez les poёtes) (inner part (of anything), heart (in poetry)	arabic	Arabic	ǯinn-	ginn-	g i n n	arab1395			Afro-Asiatic	1096
7	7_irrigationsystem	irrigation system	qatabanian	Qatabanian	mrw	mrw	m r w	qata1238	14.8	45.733333	Afro-Asiatic	11
1540	782_ischialtendon	ischial tendon	syriac	Classical Syriac	gennešyā	genneʃjaː	g e n n e ʃ j aː	clas1252	37.1129	42.1432	Afro-Asiatic	695
6336	3499_itisgluedstuck	it is glued, stuck	syriac	Classical Syriac	dbeḳ	dbeqˤ	d b e qˤ	clas1252	37.1129	42.1432	Afro-Asiatic	1983
4136	2141_itwasorbecamecoldchillorcool	it was or became cold, chill or cool	arabic	Arabic	brd	brd	b r d	arab1395			Afro-Asiatic	1251
3565	1801_jardingarden	jardin (garden)	minaean	Minaean	gnt	gnt	g n t	mina1279	16.166667	44.672778	Afro-Asiatic	1174
1896	955_jarret	jarret	tigre	Tigre	tärḳub	tærqˤub	t æ r qˤ u b	tigr1270	17.3494	38.2233	Afro-Asiatic	843
5704	3127_jawjointofthejaw	jaw, joint of the jaw	pws	West Semitic	*pakk-	pakk-	p a k k	west2786			Afro-Asiatic	1792
5303	2881_joint	joint	phoenician	Phoenician	yṣlt	jsˤlt	j sˤ l t	phoe1239	34.12	35.65	Afro-Asiatic	1478
5754	2881_joint	joint	jewishbabylonianaramaic	Jewish Babylonian Aramaic (ca. 200-1200 CE)	pirḳā, pirḳətā, purḳətā	pirqˤaː	p i r qˤ aː	jewi1240	32.273	44.245	Afro-Asiatic	1800
5706	3129_jointconnectingthetwojawspartofamouthcomprisingbothjaws	joint connecting the two jaws; part of a mouth comprising both jaws	arabic	Arabic	fakk-	fakk-	f a k k	arab1395			Afro-Asiatic	1792
5304	2882_jointarmpit	joint, armpit	hebrew	Modern Hebrew	ˀaṣṣīl	ʔasˤsˤiːl	ʔ a sˤ sˤ iː l	hebr1245	31.1056	35.0179	Afro-Asiatic	1478
5662	3092_jointarticulation	joint, articulation	syriac	Classical Syriac	kōˁā	koːʕaː	k oː ʕ aː	clas1252	37.1129	42.1432	Afro-Asiatic	1776
5302	2880_jointarticulationofthehumerus	joint, articulation (of the humerus)	pcs	Central Semitic	*waṣil-	wasˤil-	w a sˤ i l	cent2236			Afro-Asiatic	1478
5661	3091_jointanklefoot	joint; ankle; foot	pws	West Semitic	*ku/aˁ(-at)-	ku	k u	west2786			Afro-Asiatic	1776
5179	2800_joydelightwishmatterbusiness	joy, delight; wish; matter, business	hebrew	Modern Hebrew	ḥēpäṣ	ħeːpæsˤ	ħ eː p æ sˤ	hebr1245	31.1056	35.0179	Afro-Asiatic	1408
5019	2681_justduerights	just due, rights	qatabanian	Qatabanian	s₂rˁ	s₂rʕ	s ² r ʕ	qata1238	14.8	45.733333	Afro-Asiatic	1362
4766	2536_justicejudgment	justice, judgment	geez	Geez	fәrd	fərd	f ə r d	geez1241	10.1342	40.6821	Afro-Asiatic	1317
4995	2664_justicelegitimacy	justice, legitimacy	ugaritic	Ugaritic	ṣdḳ	sˤdqˤ	sˤ d qˤ	ugar1238	35.6	35.78	Afro-Asiatic	1358
4150	2144_kaltmachentomakecold	kalt machen (to make cold)	mehri	Mehri	bôred	bôred	b ô r e d	mehr1241	16.793	52.473	Afro-Asiatic	1251
1256	659_kid	kid	pcs	Central Semitic	*gady-	gadj-	g a d j	cent2236			Afro-Asiatic	609
1257	659_kid	kid	akkadian	Akkadian	gadû	gadû	g a d û	akka1240	33.1	44.1	Afro-Asiatic	609
1258	659_kid	kid	ugaritic	Ugaritic	gd/gdy	gd	g d	ugar1238	35.6	35.78	Afro-Asiatic	609
1262	659_kid	kid	officialaramaic	Middle-Modern Aramaic	gdy	gdj	g d j	midd1367			Afro-Asiatic	609
1263	659_kid	kid	jewishpalestinianaramaic	Jewish Palestinian Aramaic	gdī	gdiː	g d iː	pale1261			Afro-Asiatic	609
1265	659_kid	kid	syriac	Classical Syriac	gadyā	gadjaː	g a d j aː	clas1252	37.1129	42.1432	Afro-Asiatic	609
1268	659_kid	kid	arabic	Arabic	ǯady-	gadj-	g a d j	arab1395			Afro-Asiatic	609
1260	660_kidofgoatorsheep	kid (of goat or sheep)	hebrew	Modern Hebrew	gədī	gədiː	g ə d iː	hebr1245	31.1056	35.0179	Afro-Asiatic	609
1237	656_kidlamb	kid, lamb	qatabanian	Qatabanian	ṭly	tˤlj	tˤ l j	qata1238	14.8	45.733333	Afro-Asiatic	602
1266	662_kidyounggoatcapricorn	kid, young goat, Capricorn	mandaic	Classical Mandaic	gadia	gadia	g a d i a	clas1253	36.1203	49.5659	Afro-Asiatic	609
5471	2972_kindofawormcentipede	kind of a worm, centipede	pws	West Semitic	*ḥV(n)g-	ħ-g-	ħ g	west2786			Afro-Asiatic	1627
3500	1761_kindofantelope	kind of antelope	pcs	Central Semitic	*yaḥmūr-	jaħmuːr-	j a ħ m uː r	cent2236			Afro-Asiatic	1169
5866	3226_kindofbird	kind of bird	pws	West Semitic	*ḳVr(Vl)l-	qˤ-rl-	qˤ r l	west2786			Afro-Asiatic	1838
5675	3102_kindofbirdwithshortlegslongbeakandgreenbackplumage	kind of bird with short legs, long beak and green back plumage	arabic	Arabic	qāriy-at-	qaːrij-at-	q aː r i j a t	arab1395			Afro-Asiatic	1780
5672	3100_kindofbirdpartridge	kind of bird, partridge	pws	West Semitic	*ḳāriˀ/y-	qˤaːriʔ	qˤ aː r i ʔ	west2786			Afro-Asiatic	1780
5472	2973_kindofblackwormlivinginwater	kind of black worm living in water	tigrinya	Tigrinya	ḥəngugu	ħəngugu	ħ ə n g u g u	tigr1271	15.3359	38.9266	Afro-Asiatic	1627
6299	3474_kindofbushwhoseseedsareusedtostunfish	kind of bush whose seeds are used to stun fish	geez	Geez	barbār	barbaːr	b a r b aː r	geez1241	10.1342	40.6821	Afro-Asiatic	1975
6300	3474_kindofbushwhoseseedsareusedtostunfish	kind of bush whose seeds are used to stun fish	geez	Geez	bərbərra	bərbərra	b ə r b ə r r a	geez1241	10.1342	40.6821	Afro-Asiatic	1975
6301	3474_kindofbushwhoseseedsareusedtostunfish	kind of bush whose seeds are used to stun fish	amharic	Amharic	bərbərra	bərbərra	b ə r b ə r r a	amha1245	11.708182	39.543456	Afro-Asiatic	1975
6096	3354_kindofgrass	kind of grass	muher	Muher	bʷäsä	bʷæsæ	bʷ æ s æ	muhe1234			Afro-Asiatic	1931
6097	3354_kindofgrass	kind of grass	muher	Muher	bʷäsä	bʷæsæ	bʷ æ s æ	muhe1234			Afro-Asiatic	1931
6099	3354_kindofgrass	kind of grass	gogot	Kistane	bʷäss	bʷæss	bʷ æ s s	kist1241	8.33561	38.4763	Afro-Asiatic	1931
1454	739_kindofharmfulinsectlouse	kind of harmful insect, louse	pws	West Semitic	*ḳumāl-	qˤumaːl-	qˤ u m aː l	west2786			Afro-Asiatic	670
5677	3104_kindofharmfulinsectmosquito	kind of harmful insect; mosquito	pcs	Central Semitic	*ḳarṣ-	qˤarsˤ-	qˤ a r sˤ	cent2236			Afro-Asiatic	1781
798	471_kindofhawk	kind of hawk	chaha	Chaha	anḳ’ət	anqˤət	a n qˤ ə t	chah1248			Afro-Asiatic	364
799	471_kindofhawk	kind of hawk	ezha	Ezha	anḳ’ət	anqˤət	a n qˤ ə t	ezha1238			Afro-Asiatic	364
800	471_kindofhawk	kind of hawk	ennemor	Inoric	anḳ’it	anqˤit	a n qˤ i t	inor1238	7.94883	37.7968	Afro-Asiatic	364
801	471_kindofhawk	kind of hawk	gyeto	Gyeta	anḳ’it	anqˤit	a n qˤ i t	gyet1241			Afro-Asiatic	364
802	471_kindofhawk	kind of hawk	muher	Muher	anḳ’ət	anqˤət	a n qˤ ə t	muhe1234			Afro-Asiatic	364
803	471_kindofhawk	kind of hawk	masqan	Mesqan	anḳ’ət	anqˤət	a n qˤ ə t	mesq1240	8.10617	38.3386	Afro-Asiatic	364
804	471_kindofhawk	kind of hawk	gogot	Kistane	anḳ’ət	anqˤət	a n qˤ ə t	kist1241	8.33561	38.4763	Afro-Asiatic	364
5683	3110_kindofinsect	kind of insect	pws	West Semitic	*ḳVṭVn-	qˤ-tˤ-n-	qˤ tˤ n	west2786			Afro-Asiatic	1783
5843	3110_kindofinsect	kind of insect	pws	West Semitic	*ḳut-	qˤut-	qˤ u t	west2786			Afro-Asiatic	1824
5686	3111_kindofinsectprayingmantis	kind of insect (praying mantis)	amharic	Amharic	ḳäṭṭənit	qˤætˤtˤənit	qˤ æ tˤ tˤ ə n i t	amha1245	11.708182	39.543456	Afro-Asiatic	1783
4859	2567_kindofleprosy	kind of leprosy	harari	Harari	bäräṣ	bæræsˤ	b æ r æ sˤ	hara1271	9.30485	42.1332	Afro-Asiatic	1337
6086	3351_kindofplant	kind of plant	arabic	Arabic	basbāsat-	basbaːsat-	b a s b aː s a t	arab1395			Afro-Asiatic	1931
6302	3475_kindoftree	kind of tree	wolane	Wolane	bərbərrä	bərbərræ	b ə r b ə r r æ	wola1253	8.23	38.14	Afro-Asiatic	1975
3014	1441_kindofworm	kind of worm	pws	West Semitic	*pVḥVr-	p-ħ-r-	p ħ r	west2786			Afro-Asiatic	1082
5467	2968_kindofwormsnake	kind of worm, snake	pws	West Semitic	*hVwVy-	h-w-j-	h w j	west2786			Afro-Asiatic	1622
3017	1442_kindofwormeggsofthetick	kind of worm; eggs of the tick	selti	Silt'e	fərfər	fərfər	f ə r f ə r	silt1240	7.77004	38.1449	Afro-Asiatic	1082
3018	1442_kindofwormeggsofthetick	kind of worm; eggs of the tick	chaha	Chaha	fərfər	fərfər	f ə r f ə r	chah1248			Afro-Asiatic	1082
3019	1442_kindofwormeggsofthetick	kind of worm; eggs of the tick	ezha	Ezha	fərfər	fərfər	f ə r f ə r	ezha1238			Afro-Asiatic	1082
3020	1442_kindofwormeggsofthetick	kind of worm; eggs of the tick	endegen	Endegegny	fəffər	fəffər	f ə f f ə r	eneg1238			Afro-Asiatic	1082
3021	1442_kindofwormeggsofthetick	kind of worm; eggs of the tick	ennemor	Inoric	fərfər	fərfər	f ə r f ə r	inor1238	7.94883	37.7968	Afro-Asiatic	1082
3022	1442_kindofwormeggsofthetick	kind of worm; eggs of the tick	gyeto	Gyeta	fərfər	fərfər	f ə r f ə r	gyet1241			Afro-Asiatic	1082
3023	1442_kindofwormeggsofthetick	kind of worm; eggs of the tick	muher	Muher	fərfər	fərfər	f ə r f ə r	muhe1234			Afro-Asiatic	1082
3024	1442_kindofwormeggsofthetick	kind of worm; eggs of the tick	muher	Muher	fərəffər	fərəffər	f ə r ə f f ə r	muhe1234			Afro-Asiatic	1082
3025	1442_kindofwormeggsofthetick	kind of worm; eggs of the tick	gogot	Kistane	fərfər	fərfər	f ə r f ə r	kist1241	8.33561	38.4763	Afro-Asiatic	1082
2993	1430_king	king	pws	West Semitic	*malik-/*malk-	malik-	m a l i k	west2786			Afro-Asiatic	1073
2994	1430_king	king	akkadian	Akkadian	malku	malku	m a l k u	akka1240	33.1	44.1	Afro-Asiatic	1073
2995	1430_king	king	ebla	Eblaite	ma-li-gú-um /malikum/	ma-li-gú-um	m a l i g ú u m	ebla1238	35.798	36.798	Afro-Asiatic	1073
2996	1430_king	king	ugaritic	Ugaritic	mlk	mlk	m l k	ugar1238	35.6	35.78	Afro-Asiatic	1073
2997	1430_king	king	hebrew	Modern Hebrew	mäläk	mælæk	m æ l æ k	hebr1245	31.1056	35.0179	Afro-Asiatic	1073
2999	1430_king	king	arabic	Arabic	malik-	malik-	m a l i k	arab1395			Afro-Asiatic	1073
3000	1430_king	king	sabaic	Sabaic	mlk	mlk	m l k	saba1279	15.42	45.35	Afro-Asiatic	1073
3004	1430_king	king	qatabanian	Qatabanian	mlk	mlk	m l k	qata1238	14.8	45.733333	Afro-Asiatic	1073
3005	1430_king	king	mehri	Mehri	məlēk	məleːk	m ə l eː k	mehr1241	16.793	52.473	Afro-Asiatic	1073
3006	1430_king	king	jibbali	Jibbali	mélík	mélík	m é l í k	sheh1240	17.29154	53.99526	Afro-Asiatic	1073
2998	1431_kingemperor	king, emperor	syriac	Classical Syriac	melkā	melkaː	m e l k aː	clas1252	37.1129	42.1432	Afro-Asiatic	1073
546	333_kingslaveservantmanyoungman	king; slave; servant; man; young man	arabic	Arabic	ǯabr-	gabr-	g a b r	arab1395			Afro-Asiatic	197
4100	2115_kleinereselyoungdonkey	kleiner Esel (young donkey)	turoyo	Turoyo	ˁīlo	ʕiːlo	ʕ iː l o	turo1239	37.2275	42.1451	Afro-Asiatic	1246
24	15_knee	knee	pws	West Semitic	*rVk(u)b(-­at)­-	r-kb-	r k b	west2786			Afro-Asiatic	32
26	15_knee	knee	jewishpalestinianaramaic	Jewish Palestinian Aramaic	ˀrkwbth	ʔrkwbth	ʔ r k w b t h	pale1261			Afro-Asiatic	32
27	15_knee	knee	jewishpalestinianaramaic	Jewish Palestinian Aramaic	ˀarkubbā	ʔarkubbaː	ʔ a r k u b b aː	pale1261			Afro-Asiatic	32
28	15_knee	knee	christianpalestinianaramaic	Christian Palestinian Aramaic	ˀrkwbˀ, det. ˀrkwbtˀ	ʔrkwbʔ	ʔ r k w b ʔ	chri1239			Afro-Asiatic	32
29	15_knee	knee	samaritan	Samaritan	ˀrkwbyn (du. pl.)	ʔrkwbjn	ʔ r k w b j n	sama1313	32.0817	35.4487	Afro-Asiatic	32
30	15_knee	knee	syriac	Classical Syriac	ríkbe	ríkbe	r í k b e	clas1252	37.1129	42.1432	Afro-Asiatic	32
32	15_knee	knee	arabic	Arabic	rukbat-	rukbat-	r u k b a t	arab1395			Afro-Asiatic	32
1894	954_kneeheelachillestendon	knee, heel, Achilles tendon	syriac	Classical Syriac	ˁarḳūbā	ʕarqˤuːbaː	ʕ a r qˤ uː b aː	clas1252	37.1129	42.1432	Afro-Asiatic	843
3618	1841_knifesword	knife, sword	ugaritic	Ugaritic	ḥrb	ħrb	ħ r b	ugar1238	35.6	35.78	Afro-Asiatic	1181
2583	1209_krank	krank	maalula	Maaloula	ḥayla	ħajla	ħ a j l a	malu1250			Afro-Asiatic	957
2529	1170_laborpain	labor pain	syriac	Classical Syriac	ḥeblā	ħeblaː	ħ e b l aː	clas1252	37.1129	42.1432	Afro-Asiatic	950
2526	1167_laborpainsfoetus	labor pains; foetus	hebrew	Modern Hebrew	ḥēbäl	ħeːbæl	ħ eː b æ l	hebr1245	31.1056	35.0179	Afro-Asiatic	950
5120	2756_laborworkservisedeedaction	labor, work, servise; deed, action	arabic	Arabic	ˁamal	ʕamal	ʕ a m a l	arab1395			Afro-Asiatic	1391
5119	2755_laborfruitoflabor	labor; fruit of labor	syriac	Classical Syriac	ˁamlā	ʕamlaː	ʕ a m l aː	clas1252	37.1129	42.1432	Afro-Asiatic	1391
513	313_laborerworkman	laborer, workman	syriac	Classical Syriac	pāˁlā	paːʕlaː	p aː ʕ l aː	clas1252	37.1129	42.1432	Afro-Asiatic	189
3839	1977_lachentolaugh	lachen (to laugh)	argobba	Argobba	ṭɛḥaḳ	tˤɛħaqˤ	tˤ ɛ ħ a qˤ	argo1244	10.6596	39.756	Afro-Asiatic	1210
1226	649_lamb	lamb	pws	West Semitic	*ṭalay-	tˤalaj-	tˤ a l a j	west2786			Afro-Asiatic	602
1227	649_lamb	lamb	hebrew	Modern Hebrew	ṭālǟ	tˤaːlæː	tˤ aː l æː	hebr1245	31.1056	35.0179	Afro-Asiatic	602
1236	649_lamb	lamb	minaean	Minaean	ṭly	tˤlj	tˤ l j	mina1279	16.166667	44.672778	Afro-Asiatic	602
2541	1181_lame	lame	gogot	Kistane	ankassa	ankassa	a n k a s s a	kist1241	8.33561	38.4763	Afro-Asiatic	953
4661	2474_lance	lance (?)	sabaic	Sabaic	rmḥ	rmħ	r m ħ	saba1279	15.42	45.35	Afro-Asiatic	1305
4658	2472_lancespear	lance, spear	hebrew	Modern Hebrew	rōmaḥ	roːmaħ	r oː m a ħ	hebr1245	31.1056	35.0179	Afro-Asiatic	1305
4659	2472_lancespear	lance, spear	syriac	Classical Syriac	rumḥā	rumħaː	r u m ħ aː	clas1252	37.1129	42.1432	Afro-Asiatic	1305
5864	3224_lancet	lancet	arabic	Arabic	mibzaγ-	mibzaɣ-	m i b z a ɣ	arab1395			Afro-Asiatic	1836
985	544_landearthgroudn	land, earth, groudn	tigre	Tigre	mədər	mədər	m ə d ə r	tigr1270	17.3494	38.2233	Afro-Asiatic	517
5128	2764_landregion	land, region	syriac	Classical Syriac	māˁōnā	maːʕoːnaː	m aː ʕ oː n aː	clas1252	37.1129	42.1432	Afro-Asiatic	1393
5698	3121_landdesertopencountry	land; desert; open country	arabic	Arabic	barr-	barr-	b a r r	arab1395			Afro-Asiatic	1784
1667	856_lap	lap	tigre	Tigre	ḥəṣən	ħəsˤən	ħ ə sˤ ə n	tigr1270	17.3494	38.2233	Afro-Asiatic	727
1659	849_lapbosom	lap, bosom	pws	West Semitic	*ḥVṣ̂n-	ħ-ɬˤn-	ħ ɬˤ n	west2786			Afro-Asiatic	727
1664	849_lapbosom	lap, bosom	jewishpalestinianaramaic	Jewish Palestinian Aramaic	ḥēnā	ħeːnaː	ħ eː n aː	pale1261			Afro-Asiatic	727
1680	865_lapbossom	lap, bossom	jewishbabylonianaramaic	Jewish Babylonian Aramaic (ca. 200-1200 CE)	ḥēḳā	ħeːqˤaː	ħ eː qˤ aː	jewi1240	32.273	44.245	Afro-Asiatic	728
1679	864_laploinhips	lap, loin, hips	hebrew	Modern Hebrew	ḥēḳ	ħeːqˤ	ħ eː qˤ	hebr1245	31.1056	35.0179	Afro-Asiatic	728
1901	958_lapthigh	lap, thigh	akkadian	Akkadian	sīḳu	siːqˤu	s iː qˤ u	akka1240	33.1	44.1	Afro-Asiatic	844
1196	634_largecattle	large cattle	pcs	Central Semitic	*baḳar-	baqˤar-	b a qˤ a r	cent2236			Afro-Asiatic	593
1198	634_largecattle	large cattle	ebla	Eblaite	ba-ḳá-lum	ba-qˤá-lum	b a qˤ á l u m	ebla1238	35.798	36.798	Afro-Asiatic	593
1199	634_largecattle	large cattle	ugaritic	Ugaritic	bḳr	bqˤr	b qˤ r	ugar1238	35.6	35.78	Afro-Asiatic	593
1200	634_largecattle	large cattle	phoenician	Phoenician	bḳr	bqˤr	b qˤ r	phoe1239	34.12	35.65	Afro-Asiatic	593
1205	634_largecattle	large cattle	arabic	Arabic	baqar-	baqar-	b a q a r	arab1395			Afro-Asiatic	593
1207	634_largecattle	large cattle	minaean	Minaean	bḳr	bqˤr	b qˤ r	mina1279	16.166667	44.672778	Afro-Asiatic	593
5473	2974_largeblindblacksegmentedcentipedeoftenestseenduringrainyseason	large, blind black segmented centipede oftenest seen during rainy season	jibbali	Jibbali	ḥaz̃ɔ́t	ħaz̃ɔ́t	ħ a z̃ ɔ́ t	sheh1240	17.29154	53.99526	Afro-Asiatic	1627
3982	2042_largenesswidthbeautyoftheforehead	largeness, width, beauty of the forehead	arabic	Arabic	ǯabah-	gabah-	g a b a h	arab1395			Afro-Asiatic	1229
2585	1211_laxnessinthelegstendonssinewsofabeastlaxnessofthehockofthecamel	laxness in the legs, tendons, sinews of a beast; laxness of the hock (of the camel)	arabic	Arabic	ḥalal-	ħalal-	ħ a l a l	arab1395			Afro-Asiatic	957
3924	2009_lehautdunezalendroitoulessourcilsseseparentthetopofthenosewheretheeyebrowspart	le haut du nez, à l’endroit où les sourcils se séparent (the top of the nose, where the eyebrows part)	arabic	Arabic	ˁuḍāḍ-	ʕudˤaːdˤ-	ʕ u dˤ aː dˤ	arab1395			Afro-Asiatic	1218
6551	3653_lead	lead	geez	Geez	ˁarar	ʕarar	ʕ a r a r	geez1241	10.1342	40.6821	Afro-Asiatic	2099
124	87_leaf	leaf	pes	East Semitic	*ḳVṣl-	qˤ-sˤl-	qˤ sˤ l	east2678			Afro-Asiatic	89
125	87_leaf	leaf	geez	Geez	ḳʷaṣl	qˤʷasˤl	qʷˤ a sˤ l	geez1241	10.1342	40.6821	Afro-Asiatic	89
127	87_leaf	leaf	tigrinya	Tigrinya	ḳʷäṣli	qˤʷæsˤli	qʷˤ æ sˤ l i	tigr1271	15.3359	38.9266	Afro-Asiatic	89
128	87_leaf	leaf	amharic	Amharic	ḳəṭäl	qˤətˤæl	qˤ ə tˤ æ l	amha1245	11.708182	39.543456	Afro-Asiatic	89
129	87_leaf	leaf	harari	Harari	ḳuṭṭi	qˤutˤtˤi	qˤ u tˤ tˤ i	hara1271	9.30485	42.1332	Afro-Asiatic	89
130	87_leaf	leaf	soddo	Soddo	ḳəṭäl	qˤətˤæl	qˤ ə tˤ æ l	sodd1242			Afro-Asiatic	89
6088	3353_leafwithorwithoutbranch	leaf with or without branch	selti	Silt'e	bošo	boʃo	b o ʃ o	silt1240	7.77004	38.1449	Afro-Asiatic	1931
6089	3353_leafwithorwithoutbranch	leaf with or without branch	wolane	Wolane	boššä	boʃʃæ	b o ʃ ʃ æ	wola1253	8.23	38.14	Afro-Asiatic	1931
6090	3353_leafwithorwithoutbranch	leaf with or without branch	chaha	Chaha	bošä	boʃæ	b o ʃ æ	chah1248			Afro-Asiatic	1931
6091	3353_leafwithorwithoutbranch	leaf with or without branch	chaha	Chaha	bʷäsä	bʷæsæ	bʷ æ s æ	chah1248			Afro-Asiatic	1931
6092	3353_leafwithorwithoutbranch	leaf with or without branch	ezha	Ezha	bʷäsä	bʷæsæ	bʷ æ s æ	ezha1238			Afro-Asiatic	1931
6093	3353_leafwithorwithoutbranch	leaf with or without branch	endegen	Endegegny	bʷäsä	bʷæsæ	bʷ æ s æ	eneg1238			Afro-Asiatic	1931
6094	3353_leafwithorwithoutbranch	leaf with or without branch	ennemor	Inoric	bʷäsä	bʷæsæ	bʷ æ s æ	inor1238	7.94883	37.7968	Afro-Asiatic	1931
6095	3353_leafwithorwithoutbranch	leaf with or without branch	gyeto	Gyeta	bʷäsä	bʷæsæ	bʷ æ s æ	gyet1241			Afro-Asiatic	1931
6098	3353_leafwithorwithoutbranch	leaf with or without branch	masqan	Mesqan	bʷäsä	bʷæsæ	bʷ æ s æ	mesq1240	8.10617	38.3386	Afro-Asiatic	1931
6100	3353_leafwithorwithoutbranch	leaf with or without branch	gogot	Kistane	bʷäsä	bʷæsæ	bʷ æ s æ	kist1241	8.33561	38.4763	Afro-Asiatic	1931
6101	3353_leafwithorwithoutbranch	leaf with or without branch	soddo	Soddo	bošša	boʃʃa	b o ʃ ʃ a	sodd1242			Afro-Asiatic	1931
4743	2525_leaflesstree	leafless (tree)	tigre	Tigre	bätray	bætraj	b æ t r a j	tigr1270	17.3494	38.2233	Afro-Asiatic	1314
1563	798_leather	leather	mandaic	Classical Mandaic	gilda	gilda	g i l d a	clas1253	36.1203	49.5659	Afro-Asiatic	704
5234	2843_leatherbuckethideusedforwrapping	leather bucket; hide (used for wrapping)	akkadian	Akkadian	mašlû	maʃlû	m a ʃ l û	akka1240	33.1	44.1	Afro-Asiatic	1428
5240	2848_leatherleatherboxskinoffruit	leather, leather box, skin of fruit	jewishbabylonianaramaic	Jewish Babylonian Aramaic (ca. 200-1200 CE)	šilḥā	ʃilħaː	ʃ i l ħ aː	jewi1240	32.273	44.245	Afro-Asiatic	1428
6594	3683_leatherpieceofleather	leather, piece of leather	tigre	Tigre	ˁars, ˁarsät, ˁaräsit	ʕars	ʕ a r s	tigr1270	17.3494	38.2233	Afro-Asiatic	2112
3891	1985_lecheryfornication	lechery, fornication	ugaritic	Ugaritic	dnt	dnt	d n t	ugar1238	35.6	35.78	Afro-Asiatic	1213
6508	3614_ledgedeepholedepression	ledge; deep hole, depression	mehri	Mehri	gōt	goːt	g oː t	mehr1241	16.793	52.473	Afro-Asiatic	2057
269	169_leg	leg	arabic	Arabic	riǯl-	rigl-	r i g l	arab1395			Afro-Asiatic	120
263	167_legfoot	leg, foot	jewishbabylonianaramaic	Jewish Babylonian Aramaic (ca. 200-1200 CE)	riḡlā	riḡlaː	r i ḡ l aː	jewi1240	32.273	44.245	Afro-Asiatic	120
1900	957_legshin	leg, shin	pws	West Semitic	*šāḳ-	ʃaːqˤ-	ʃ aː qˤ	west2786			Afro-Asiatic	844
3466	1737_legaldecision	legal decision	sabaic	Sabaic	ṯfṭ	θftˤ	θ f tˤ	saba1279	15.42	45.35	Afro-Asiatic	1164
4856	2564_leprosy	leprosy	geez	Geez	baraṣ	barasˤ	b a r a sˤ	geez1241	10.1342	40.6821	Afro-Asiatic	1337
4862	2564_leprosy	leprosy	mehri	Mehri	berēṣ	bereːsˤ	b e r eː sˤ	mehr1241	16.793	52.473	Afro-Asiatic	1337
4855	2563_leprosywhathasbecomewhiteinabeastinconsequenceofbeingbitten	leprosy; what has become white in a beast in consequence of being bitten	arabic	Arabic	baraṣ-	barasˤ-	b a r a sˤ	arab1395			Afro-Asiatic	1337
4598	2445_lettermessagedutybusinessservice	letter, message; duty, business, service	geez	Geez	malˀəkt	malʔəkt	m a l ʔ ə k t	geez1241	10.1342	40.6821	Afro-Asiatic	1299
3307	1632_liar	liar	harari	Harari	kizzāb	kizzaːb	k i z z aː b	hara1271	9.30485	42.1332	Afro-Asiatic	1137
3306	1631_lie	lie	harari	Harari	kiz	kiz	k i z	hara1271	9.30485	42.1332	Afro-Asiatic	1137
3298	1628_lifespanworld	lifespan; world	hebrew	Modern Hebrew	ḥäläd	ħælæd	ħ æ l æ d	hebr1245	31.1056	35.0179	Afro-Asiatic	1136
5060	2712_lightweakraindew	light, weak rain; dew	arabic	Arabic	ṭall-	tˤall-	tˤ a l l	arab1395			Afro-Asiatic	1369
1113	601_lightbrownhue	light-brown hue	pws	West Semitic	*ṣhb	sˤhb	sˤ h b	west2786			Afro-Asiatic	577
4004	2059_limb	limb	pws	West Semitic	*gVd(V)l-	g-dl-	g d l	west2786			Afro-Asiatic	1232
5308	2059_limb	limb	arabic	Arabic	wiṣl-, wuṣl-	wisˤl-	w i sˤ l	arab1395			Afro-Asiatic	1478
5707	3130_limbjoint	limb, joint	tigre	Tigre	fək(k)	fək	f ə k	tigr1270	17.3494	38.2233	Afro-Asiatic	1792
1908	962_limblegshin	limb, leg, shin	mandaic	Classical Mandaic	šaḳa	ʃaqˤa	ʃ a qˤ a	clas1253	36.1203	49.5659	Afro-Asiatic	844
4006	2061_limbcompletebonepenis	limb; complete bone; penis	arabic	Arabic	ǯadl-, ǯidl-	gadl-	g a d l	arab1395			Afro-Asiatic	1232
2379	1113_limestonecalcaire	limestone (?), calcaire	sabaic	Sabaic	mrt	mrt	m r t	saba1279	15.42	45.35	Afro-Asiatic	926
3321	1639_lion	lion	pcs	Central Semitic	*layṯ-	lajθ-	l a j θ	cent2236			Afro-Asiatic	1140
3322	1639_lion	lion	hebrew	Modern Hebrew	layiš	lajiʃ	l a j i ʃ	hebr1245	31.1056	35.0179	Afro-Asiatic	1140
3323	1639_lion	lion	samaritan	Samaritan	lyt	ljt	l j t	sama1313	32.0817	35.4487	Afro-Asiatic	1140
3324	1639_lion	lion	arabic	Arabic	layṯ-	lajθ-	l a j θ	arab1395			Afro-Asiatic	1140
1845	930_lip	lip	tigre	Tigre	känfär, kämfär	kænfær	k æ n f æ r	tigr1270	17.3494	38.2233	Afro-Asiatic	823
1846	930_lip	lip	tigrinya	Tigrinya	känfär	kænfær	k æ n f æ r	tigr1271	15.3359	38.9266	Afro-Asiatic	823
1847	930_lip	lip	amharic	Amharic	känfär	kænfær	k æ n f æ r	amha1245	11.708182	39.543456	Afro-Asiatic	823
1848	930_lip	lip	argobba	Argobba	känfär, känafər	kænfær	k æ n f æ r	argo1244	10.6596	39.756	Afro-Asiatic	823
1849	930_lip	lip	endegen	Endegegny	käfär	kæfær	k æ f æ r	eneg1238			Afro-Asiatic	823
1850	930_lip	lip	gyeto	Gyeta	känfär	kænfær	k æ n f æ r	gyet1241			Afro-Asiatic	823
1851	930_lip	lip	muher	Muher	känfär	kænfær	k æ n f æ r	muhe1234			Afro-Asiatic	823
1852	930_lip	lip	masqan	Mesqan	känfär	kænfær	k æ n f æ r	mesq1240	8.10617	38.3386	Afro-Asiatic	823
1853	930_lip	lip	gogot	Kistane	känfär	kænfær	k æ n f æ r	kist1241	8.33561	38.4763	Afro-Asiatic	823
1854	930_lip	lip	soddo	Soddo	känfär	kænfær	k æ n f æ r	sodd1242			Afro-Asiatic	823
1844	929_liplanguagebrimedgehem	lip, language, brim, edge, hem	geez	Geez	kanfar	kanfar	k a n f a r	geez1241	10.1342	40.6821	Afro-Asiatic	823
1843	928_liptipofthenose	lip; tip of the nose	pes	East Semitic	*kanpar-	kanpar-	k a n p a r	east2678			Afro-Asiatic	823
176	123_littlebird	little bird	syriac	Classical Syriac	ṣeprōna	sˤeproːna	sˤ e p r oː n a	clas1252	37.1129	42.1432	Afro-Asiatic	106
177	124_littlebirdsparrow	little bird, sparrow	mandaic	Classical Mandaic	ṣipra	sˤipra	sˤ i p r a	clas1253	36.1203	49.5659	Afro-Asiatic	106
1867	941_littlefinger	little finger	pws	West Semitic	*ḫiṣr-	xisˤr-	x i sˤ r	west2786			Afro-Asiatic	838
1871	941_littlefinger	little finger	mandaic	Classical Mandaic	hiṣra	hisˤra	h i sˤ r a	clas1253	36.1203	49.5659	Afro-Asiatic	838
1872	941_littlefinger	little finger	arabic	Arabic	ḫinṣir-	xinsˤir-	x i n sˤ i r	arab1395			Afro-Asiatic	838
1873	941_littlefinger	little finger	mehri	Mehri	ḫɔṣ̌ərrɔ́ˀ	xɔʃ̣ərrɔ́ʔ	x ɔ ʃ̣ ə r r ɔ́ ʔ	mehr1241	16.793	52.473	Afro-Asiatic	838
1874	941_littlefinger	little finger	jibbali	Jibbali	ḫəṣrér	xəsˤrér	x ə sˤ r é r	sheh1240	17.29154	53.99526	Afro-Asiatic	838
1858	933_littlepig	little pig	syriac	Classical Syriac	ḥannūṣā	ħannuːsˤaː	ħ a n n uː sˤ aː	clas1252	37.1129	42.1432	Afro-Asiatic	825
4407	2327_livestock	livestock	hebrew	Modern Hebrew	miḳnǟ	miqˤnæː	m i qˤ n æː	hebr1245	31.1056	35.0179	Afro-Asiatic	1282
4413	2333_livestockcattle	livestock, cattle	sabaic	Sabaic	ḳny	qˤnj	qˤ n j	saba1279	15.42	45.35	Afro-Asiatic	1282
91	65_lihaussaaribarkofatree	liḥāˀu ššaǯari (bark of a tree)	arabic	Arabic	qirf-	qirf-	q i r f	arab1395			Afro-Asiatic	80
1868	942_lobeoftheliver	lobe of the liver	hebrew	Modern Hebrew	*ḥāṣēr	ħaːsˤeːr	ħ aː sˤ eː r	hebr1245	31.1056	35.0179	Afro-Asiatic	838
1869	942_lobeoftheliver	lobe of the liver	jewishpalestinianaramaic	Jewish Palestinian Aramaic	ḥa/iṣrā	ħa	ħ a	pale1261			Afro-Asiatic	838
3055	1457_locationorquarterthatisbehindathing	location, or quarter, that is behind a thing	arabic	Arabic	dabr-	dabr-	d a b r	arab1395			Afro-Asiatic	1090
5761	3155_lockofhair	lock (of hair)	ugaritic	Ugaritic	pd	pd	p d	ugar1238	35.6	35.78	Afro-Asiatic	1801
5762	3156_lockofhaironeachsideofthehead	lock of hair on each side of the head	arabic	Arabic	fawd-	fawd-	f a w d	arab1395			Afro-Asiatic	1801
1495	753_locust	locust	jewishpalestinianaramaic	Jewish Palestinian Aramaic	ḳmṣ	qˤmsˤ	qˤ m sˤ	pale1261			Afro-Asiatic	680
1496	753_locust	locust	jewishbabylonianaramaic	Jewish Babylonian Aramaic (ca. 200-1200 CE)	ḳamṣā, ḳumṣā	qˤamsˤaː	qˤ a m sˤ aː	jewi1240	32.273	44.245	Afro-Asiatic	680
1497	753_locust	locust	syriac	Classical Syriac	ḳamṣā	qˤamsˤaː	qˤ a m sˤ aː	clas1252	37.1129	42.1432	Afro-Asiatic	680
1498	753_locust	locust	mandaic	Classical Mandaic	gamsa, kamṣa, ḳamṣā	gamsa	g a m s a	clas1253	36.1203	49.5659	Afro-Asiatic	680
1502	753_locust	locust	arabic	Arabic	qaṣām-	qasˤaːm-	q a sˤ aː m	arab1395			Afro-Asiatic	680
960	529_locustlikegrasshopercankerworm	locustlike grasshoper, cankerworm	geez	Geez	ˀanākwǝˁ, ˀanākwāˁ	ʔanaːkwǝʕ	ʔ a n aː k w ə ʕ	geez1241	10.1342	40.6821	Afro-Asiatic	507
5574	3047_loin	loin	hebrew	Modern Hebrew	ḥäräṣ	ħæræsˤ	ħ æ r æ sˤ	hebr1245	31.1056	35.0179	Afro-Asiatic	1760
6118	3047_loin	loin	jewishpalestinianaramaic	Jewish Palestinian Aramaic	mtn	mtn	m t n	pale1261			Afro-Asiatic	1936
1682	867_loins	loins	sabaic	Sabaic	ḥḳw	ħqˤw	ħ qˤ w	saba1279	15.42	45.35	Afro-Asiatic	728
5576	867_loins	loins	jewishpalestinianaramaic	Jewish Palestinian Aramaic	ḥrṣ	ħrsˤ	ħ r sˤ	pale1261			Afro-Asiatic	1760
5577	867_loins	loins	jewishpalestinianaramaic	Jewish Palestinian Aramaic	ḥarṣā	ħarsˤaː	ħ a r sˤ aː	pale1261			Afro-Asiatic	1760
6119	867_loins	loins	jewishbabylonianaramaic	Jewish Babylonian Aramaic (ca. 200-1200 CE)	motnīn	motniːn	m o t n iː n	jewi1240	32.273	44.245	Afro-Asiatic	1936
6120	3368_loinsridgesofmountains	loins; ridges of mountains	syriac	Classical Syriac	matnātā	matnaːtaː	m a t n aː t aː	clas1252	37.1129	42.1432	Afro-Asiatic	1936
1685	870_lombo	lombo	tigrinya	Tigrinya	ḥəḳʷe	ħəqˤʷe	ħ ə qʷˤ e	tigr1271	15.3359	38.9266	Afro-Asiatic	728
3950	2016_longseditducouduneencolurelonguelongsaidoftheneckalongneckline	long (se dit du cou, d’une encolure longue) (long (said of the neck, a long neckline)	arabic	Arabic	ˀablaγ-	ʔablaɣ-	ʔ a b l a ɣ	arab1395			Afro-Asiatic	1222
5659	3089_longbillnosesnouttrunk	long bill, nose, snout, trunk	mandaic	Classical Mandaic	harṭum(a)	hartˤum	h a r tˤ u m	clas1253	36.1203	49.5659	Afro-Asiatic	1775
3297	1627_longperiodoftimelifespaneternity	long period of time, lifespan, eternity	pcs	Central Semitic	*ḫVld-	x-ld-	x l d	cent2236			Afro-Asiatic	1136
793	466_longneckedbirdgriffinkindoffabulousbirdofprodigioussizekingofbirdsanka	longnecked bird, griffin, kind of fabulous bird of prodigious size, king of birds, Anka	arabic	Arabic	ˁanqāˀ-	ʕanqaːʔ-	ʕ a n q aː ʔ	arab1395			Afro-Asiatic	364
1480	744_lookforlice	look for lice	arabic	Arabic	fly	flj	f l j	arab1395			Afro-Asiatic	673
760	447_lord	lord	phoenician	Phoenician	rb	rb	r b	phoe1239	34.12	35.65	Afro-Asiatic	355
771	456_lordpossessor	lord, possessor	arabic	Arabic	rabb-	rabb-	r a b b	arab1395			Afro-Asiatic	355
3926	2011_lot	lot	geez	Geez	ˁəṣ̂ā, ˁəṣ̂	ʕəɬˤaː	ʕ ə ɬˤ aː	geez1241	10.1342	40.6821	Afro-Asiatic	1219
3927	2011_lot	lot	tigre	Tigre	ˁəṣ	ʕəsˤ	ʕ ə sˤ	tigr1270	17.3494	38.2233	Afro-Asiatic	1219
3928	2011_lot	lot	amharic	Amharic	əṭa	ətˤa	ə tˤ a	amha1245	11.708182	39.543456	Afro-Asiatic	1219
3929	2011_lot	lot	argobba	Argobba	əṭa	ətˤa	ə tˤ a	argo1244	10.6596	39.756	Afro-Asiatic	1219
6245	2011_lot	lot	jewishbabylonianaramaic	Jewish Babylonian Aramaic (ca. 200-1200 CE)	paysā	pajsaː	p a j s aː	jewi1240	32.273	44.245	Afro-Asiatic	1966
3930	2012_lotingames	lot (in games)	harari	Harari	ḥəṭa	ħətˤa	ħ ə tˤ a	hara1271	9.30485	42.1332	Afro-Asiatic	1219
3931	2012_lotingames	lot (in games)	selti	Silt'e	ənṭ	əntˤ	ə n tˤ	silt1240	7.77004	38.1449	Afro-Asiatic	1219
3932	2012_lotingames	lot (in games)	wolane	Wolane	ənṭ	əntˤ	ə n tˤ	wola1253	8.23	38.14	Afro-Asiatic	1219
3933	2012_lotingames	lot (in games)	wolane	Wolane	əṭa	ətˤa	ə tˤ a	wola1253	8.23	38.14	Afro-Asiatic	1219
3934	2012_lotingames	lot (in games)	zway	Zay	əṭa	ətˤa	ə tˤ a	zayy1238	8.01148	38.8258	Afro-Asiatic	1219
3935	2012_lotingames	lot (in games)	chaha	Chaha	äṭ	ætˤ	æ tˤ	chah1248			Afro-Asiatic	1219
3936	2012_lotingames	lot (in games)	ezha	Ezha	äṭ	ætˤ	æ tˤ	ezha1238			Afro-Asiatic	1219
3937	2012_lotingames	lot (in games)	endegen	Endegegny	əṭä	ətˤæ	ə tˤ æ	eneg1238			Afro-Asiatic	1219
3938	2012_lotingames	lot (in games)	ennemor	Inoric	ärṭ	ærtˤ	æ r tˤ	inor1238	7.94883	37.7968	Afro-Asiatic	1219
3939	2012_lotingames	lot (in games)	gyeto	Gyeta	ärṭ	ærtˤ	æ r tˤ	gyet1241			Afro-Asiatic	1219
3940	2012_lotingames	lot (in games)	muher	Muher	ənč̣ä	ənč̣æ	ə n č̣ æ	muhe1234			Afro-Asiatic	1219
3941	2012_lotingames	lot (in games)	muher	Muher	äṭ	ætˤ	æ tˤ	muhe1234			Afro-Asiatic	1219
3942	2012_lotingames	lot (in games)	muher	Muher	äṭwät	ætˤwæt	æ tˤ w æ t	muhe1234			Afro-Asiatic	1219
3943	2012_lotingames	lot (in games)	masqan	Mesqan	äṭa	ætˤa	æ tˤ a	mesq1240	8.10617	38.3386	Afro-Asiatic	1219
3944	2012_lotingames	lot (in games)	gogot	Kistane	äṭa	ætˤa	æ tˤ a	kist1241	8.33561	38.4763	Afro-Asiatic	1219
3945	2012_lotingames	lot (in games)	soddo	Soddo	äṭa	ætˤa	æ tˤ a	sodd1242			Afro-Asiatic	1219
3925	2010_lotdieforplayingdice	lot, die (for playing dice)	pes	East Semitic	*ˁiṣ̂ṣ̂-/*ˁinṣ̂-	ʕiɬˤɬˤ-	ʕ i ɬˤ ɬˤ	east2678			Afro-Asiatic	1219
6246	3441_lotpustule	lot; pustule	syriac	Classical Syriac	pessā	pessaː	p e s s aː	clas1252	37.1129	42.1432	Afro-Asiatic	1966
5024	2686_lotustreeziziphusspinachristi	lotus tree (Ziziphus spinachristi)	soqotri	Soqotri	ẓ̂áˀed	ẓ̂áʔed	ẓ̂ á ʔ e d	soqo1240	12.4892	53.9168	Afro-Asiatic	1363
3720	1913_louerabailconcederuneproprietetoleasegrantproperty	louer à bail, concéder une proprieté (to lease, grant property)	minaean	Minaean	nḥl	nħl	n ħ l	mina1279	16.166667	44.672778	Afro-Asiatic	1194
1455	740_louse	louse	oldaramaic	Old Aramaic (up to 700 BCE)	ḳml	qˤml	qˤ m l	olda1246			Afro-Asiatic	670
1456	740_louse	louse	arabic	Arabic	qaml-	qaml-	q a m l	arab1395			Afro-Asiatic	670
1457	740_louse	louse	sabaic	Sabaic	ḳmlt	qˤmlt	qˤ m l t	saba1279	15.42	45.35	Afro-Asiatic	670
1458	740_louse	louse	geez	Geez	ḳʷəmāl	qˤʷəmaːl	qʷˤ ə m aː l	geez1241	10.1342	40.6821	Afro-Asiatic	670
1459	740_louse	louse	tigre	Tigre	ḳämlät	qˤæmlæt	qˤ æ m l æ t	tigr1270	17.3494	38.2233	Afro-Asiatic	670
1460	740_louse	louse	tigrinya	Tigrinya	ḳʷəmal	qˤʷəmal	qʷˤ ə m a l	tigr1271	15.3359	38.9266	Afro-Asiatic	670
1461	740_louse	louse	amharic	Amharic	ḳəmal	qˤəmal	qˤ ə m a l	amha1245	11.708182	39.543456	Afro-Asiatic	670
1462	740_louse	louse	argobba	Argobba	ḳəmal, ḳumil, ḳumal	qˤəmal	qˤ ə m a l	argo1244	10.6596	39.756	Afro-Asiatic	670
1463	740_louse	louse	harari	Harari	ḳumāy	qˤumaːj	qˤ u m aː j	hara1271	9.30485	42.1332	Afro-Asiatic	670
1464	740_louse	louse	selti	Silt'e	ḳumal	qˤumal	qˤ u m a l	silt1240	7.77004	38.1449	Afro-Asiatic	670
1465	740_louse	louse	wolane	Wolane	ḳumal	qˤumal	qˤ u m a l	wola1253	8.23	38.14	Afro-Asiatic	670
1466	740_louse	louse	zway	Zay	ḳəmāy	qˤəmaːj	qˤ ə m aː j	zayy1238	8.01148	38.8258	Afro-Asiatic	670
1467	740_louse	louse	chaha	Chaha	ḳəmar	qˤəmar	qˤ ə m a r	chah1248			Afro-Asiatic	670
1468	740_louse	louse	ezha	Ezha	ḳəmar	qˤəmar	qˤ ə m a r	ezha1238			Afro-Asiatic	670
1469	740_louse	louse	endegen	Endegegny	ˀəwān	ʔəwaːn	ʔ ə w aː n	eneg1238			Afro-Asiatic	670
1470	740_louse	louse	ennemor	Inoric	ˀə̃m̠ār	ʔə̃m̠aːr	ʔ ə̃ m̠ aː r	inor1238	7.94883	37.7968	Afro-Asiatic	670
1471	740_louse	louse	gyeto	Gyeta	ḳəm̠ār	qˤəm̠aːr	qˤ ə m̠ aː r	gyet1241			Afro-Asiatic	670
1472	740_louse	louse	muher	Muher	ḳəme	qˤəme	qˤ ə m e	muhe1234			Afro-Asiatic	670
1473	740_louse	louse	masqan	Mesqan	ḳəmal	qˤəmal	qˤ ə m a l	mesq1240	8.10617	38.3386	Afro-Asiatic	670
1474	740_louse	louse	gogot	Kistane	ḳəmal	qˤəmal	qˤ ə m a l	kist1241	8.33561	38.4763	Afro-Asiatic	670
1475	740_louse	louse	soddo	Soddo	ḳəmal	qˤəmal	qˤ ə m a l	sodd1242			Afro-Asiatic	670
1476	740_louse	louse	soddo	Soddo	ḳəmal	qˤəmal	qˤ ə m a l	sodd1242			Afro-Asiatic	670
5685	740_louse	louse	geez	Geez	ḳʷəṭni	qˤʷətˤni	qʷˤ ə tˤ n i	geez1241	10.1342	40.6821	Afro-Asiatic	1783
3586	1818_lovelinessbeauty	loveliness, beauty	hebrew	Modern Hebrew	ḥämäd	ħæmæd	ħ æ m æ d	hebr1245	31.1056	35.0179	Afro-Asiatic	1177
5750	3149_lowerjaw	lower jaw	soqotri	Soqotri	fáḳam	fáqˤam	f á qˤ a m	soqo1240	12.4892	53.9168	Afro-Asiatic	1798
2646	1264_lowestpartofthelegofacamel	lowest part of the leg of a camel	arabic	Arabic	firsin-	firsin-	f i r s i n	arab1395			Afro-Asiatic	974
46	30_luck	luck	jewishpalestinianaramaic	Jewish Palestinian Aramaic	gaddā	gaddaː	g a d d aː	pale1261			Afro-Asiatic	40
55	30_luck	luck	amharic	Amharic	gädd	gædd	g æ d d	amha1245	11.708182	39.543456	Afro-Asiatic	40
53	35_luckfortune	luck, fortune	tigre	Tigre	gäd	gæd	g æ d	tigr1270	17.3494	38.2233	Afro-Asiatic	40
54	36_luckgoodluckorgoodfortune	luck, good luck or good fortune	tigrinya	Tigrinya	gäddi	gæddi	g æ d d i	tigr1271	15.3359	38.9266	Afro-Asiatic	40
5386	2924_luckshare	luck, share	mehri	Mehri	ḥəḏ̣	ħəðˤ	ħ ə ðˤ	mehr1241	16.793	52.473	Afro-Asiatic	1560
982	541_lumpsclodsofdryclay	lumps, clods of dry clay	arabic	Arabic	madar-	madar-	m a d a r	arab1395			Afro-Asiatic	517
426	270_lung	lung	pws	West Semitic	*riˀ-at-	riʔ-at-	r i ʔ a t	west2786			Afro-Asiatic	159
427	270_lung	lung	hebrew	Modern Hebrew	rēˀā	reːʔaː	r eː ʔ aː	hebr1245	31.1056	35.0179	Afro-Asiatic	159
428	270_lung	lung	syriac	Classical Syriac	rāˀtā, raˀtā, rātā	raːʔtaː	r aː ʔ t aː	clas1252	37.1129	42.1432	Afro-Asiatic	159
430	270_lung	lung	mehri	Mehri	rəyēˀ	rəjeːʔ	r ə j eː ʔ	mehr1241	16.793	52.473	Afro-Asiatic	159
431	270_lung	lung	jibbali	Jibbali	rɔ̄t	rɔ̄t	r ɔ̄ t	sheh1240	17.29154	53.99526	Afro-Asiatic	159
432	270_lung	lung	harsusi	Harsusi	reyī	rejiː	r e j iː	hars1241	19.6511	56.1562	Afro-Asiatic	159
429	271_lungs	lungs	arabic	Arabic	riˀat-	riʔat-	r i ʔ a t	arab1395			Afro-Asiatic	159
3011	1438_lynx	lynx	hadramitic	Hadrami	hd-nyw	hd-njw	h d n j w	hadr1235	15.528	47.603	Afro-Asiatic	1081
5579	3050_madder	madder	pws	West Semitic	*puw-at-	puw-at-	p u w a t	west2786			Afro-Asiatic	1763
5580	3050_madder	madder	akkadian	Akkadian	puwatu	puwatu	p u w a t u	akka1240	33.1	44.1	Afro-Asiatic	1763
5581	3050_madder	madder	ugaritic	Ugaritic	pwt	pwt	p w t	ugar1238	35.6	35.78	Afro-Asiatic	1763
5582	3050_madder	madder	jewishpalestinianaramaic	Jewish Palestinian Aramaic	pwˀh	pwʔh	p w ʔ h	pale1261			Afro-Asiatic	1763
5583	3050_madder	madder	jewishbabylonianaramaic	Jewish Babylonian Aramaic (ca. 200-1200 CE)	pūtā	puːtaː	p uː t aː	jewi1240	32.273	44.245	Afro-Asiatic	1763
5584	3050_madder	madder	syriac	Classical Syriac	putā	putaː	p u t aː	clas1252	37.1129	42.1432	Afro-Asiatic	1763
5585	3050_madder	madder	arabic	Arabic	fuwwat-	fuwwat-	f u w w a t	arab1395			Afro-Asiatic	1763
1507	760_maggotsworms	maggots, worms	hebrew	Modern Hebrew	rimmā	rimmaː	r i m m aː	hebr1245	31.1056	35.0179	Afro-Asiatic	684
1511	760_maggotsworms	maggots, worms	jewishbabylonianaramaic	Jewish Babylonian Aramaic (ca. 200-1200 CE)	rimtā	rimtaː	r i m t aː	jewi1240	32.273	44.245	Afro-Asiatic	684
1720	887_main	main	gafat	Gafat	ṣatä	sˤatæ	sˤ a t æ	gafa1240	11.5764	39.5605	Afro-Asiatic	739
1721	887_main	main	chaha	Chaha	atebät	atebæt	a t e b æ t	chah1248			Afro-Asiatic	739
1722	887_main	main	ezha	Ezha	atebät	atebæt	a t e b æ t	ezha1238			Afro-Asiatic	739
1723	887_main	main	endegen	Endegegny	aṭe	atˤe	a tˤ e	eneg1238			Afro-Asiatic	739
1724	887_main	main	endegen	Endegegny	aṭeyä	atˤejæ	a tˤ e j æ	eneg1238			Afro-Asiatic	739
1725	887_main	main	ennemor	Inoric	aṭeyä	atˤejæ	a tˤ e j æ	inor1238	7.94883	37.7968	Afro-Asiatic	739
1726	887_main	main	gyeto	Gyeta	aṭeyä	atˤejæ	a tˤ e j æ	gyet1241			Afro-Asiatic	739
1727	887_main	main	gyeto	Gyeta	aṭayḇä	atˤajḇæ	a tˤ a j b̠ æ	gyet1241			Afro-Asiatic	739
1728	887_main	main	muher	Muher	aṭebät	atˤebæt	a tˤ e b æ t	muhe1234			Afro-Asiatic	739
1729	887_main	main	masqan	Mesqan	aṭebät	atˤebæt	a tˤ e b æ t	mesq1240	8.10617	38.3386	Afro-Asiatic	739
1730	887_main	main	gogot	Kistane	aṭebät	atˤebæt	a tˤ e b æ t	kist1241	8.33561	38.4763	Afro-Asiatic	739
1731	887_main	main	soddo	Soddo	aṭabät	atˤabæt	a tˤ a b æ t	sodd1242			Afro-Asiatic	739
5895	3240_maizecorn	maize, corn	pes	East Semitic	*bäḳḳollo	bæqˤqˤollo	b æ qˤ qˤ o l l o	east2678			Afro-Asiatic	1858
5896	3240_maizecorn	maize, corn	amharic	Amharic	bäḳḳollo	bæqˤqˤollo	b æ qˤ qˤ o l l o	amha1245	11.708182	39.543456	Afro-Asiatic	1858
5897	3240_maizecorn	maize, corn	selti	Silt'e	bäḳḳollo	bæqˤqˤollo	b æ qˤ qˤ o l l o	silt1240	7.77004	38.1449	Afro-Asiatic	1858
5898	3240_maizecorn	maize, corn	wolane	Wolane	boḳḳollo	boqˤqˤollo	b o qˤ qˤ o l l o	wola1253	8.23	38.14	Afro-Asiatic	1858
5899	3240_maizecorn	maize, corn	chaha	Chaha	bäḳollo	bæqˤollo	b æ qˤ o l l o	chah1248			Afro-Asiatic	1858
5900	3240_maizecorn	maize, corn	ezha	Ezha	bäḳḳwä	bæqˤqˤwæ	b æ qˤ qˤ w æ	ezha1238			Afro-Asiatic	1858
5901	3240_maizecorn	maize, corn	endegen	Endegegny	boḳḳollä	boqˤqˤollæ	b o qˤ qˤ o l l æ	eneg1238			Afro-Asiatic	1858
5902	3240_maizecorn	maize, corn	ennemor	Inoric	boḳoloˀä	boqˤoloʔæ	b o qˤ o l o ʔ æ	inor1238	7.94883	37.7968	Afro-Asiatic	1858
5903	3240_maizecorn	maize, corn	gyeto	Gyeta	bäḳollo	bæqˤollo	b æ qˤ o l l o	gyet1241			Afro-Asiatic	1858
5904	3240_maizecorn	maize, corn	muher	Muher	bäḳḳollo	bæqˤqˤollo	b æ qˤ qˤ o l l o	muhe1234			Afro-Asiatic	1858
5905	3240_maizecorn	maize, corn	masqan	Mesqan	boḳḳollo	boqˤqˤollo	b o qˤ qˤ o l l o	mesq1240	8.10617	38.3386	Afro-Asiatic	1858
5906	3240_maizecorn	maize, corn	gogot	Kistane	bäḳḳollo	bæqˤqˤollo	b æ qˤ qˤ o l l o	kist1241	8.33561	38.4763	Afro-Asiatic	1858
5907	3240_maizecorn	maize, corn	gogot	Kistane	boḳḳollo	boqˤqˤollo	b o qˤ qˤ o l l o	kist1241	8.33561	38.4763	Afro-Asiatic	1858
5908	3240_maizecorn	maize, corn	soddo	Soddo	boḳḳollo	boqˤqˤollo	b o qˤ qˤ o l l o	sodd1242			Afro-Asiatic	1858
2302	1067_makedouble	make double	geez	Geez	kaˁaba	kaʕaba	k a ʕ a b a	geez1241	10.1342	40.6821	Afro-Asiatic	912
4981	2651_malevil	mal (evil)	minaean	Minaean	s₁wˀ	s₁wʔ	s ¹ w ʔ	mina1279	16.166667	44.672778	Afro-Asiatic	1355
809	476_maleanimaldominantoralphamalequeenbeebull	male (animal), dominant or alpha male; queen bee; bull	amharic	Amharic	awra	awra	a w r a	amha1245	11.708182	39.543456	Afro-Asiatic	374
1276	667_maledonkey	male donkey	mehri	Mehri	ḥayr	ħajr	ħ a j r	mehr1241	16.793	52.473	Afro-Asiatic	612
4000	2056_maleorgan	male organ	mandaic	Classical Mandaic	gabaruta	gabaruta	g a b a r u t a	clas1253	36.1203	49.5659	Afro-Asiatic	1231
2910	1404_maleorphan	male orphan	harsusi	Harsusi	ḥe-ytēm/ḥe-ytōm	ħe-jteːm	ħ e j t eː m	hars1241	19.6511	56.1562	Afro-Asiatic	1036
2912	1406_maleslave	male slave	pcs	Central Semitic	*ˁabd-	ʕabd-	ʕ a b d	cent2236			Afro-Asiatic	1039
2916	1406_maleslave	male slave	arabic	Arabic	ˁabd-	ʕabd-	ʕ a b d	arab1395			Afro-Asiatic	1039
2918	1406_maleslave	male slave	minaean	Minaean	ˁbd	ʕbd	ʕ b d	mina1279	16.166667	44.672778	Afro-Asiatic	1039
2919	1406_maleslave	male slave	qatabanian	Qatabanian	ˁbd	ʕbd	ʕ b d	qata1238	14.8	45.733333	Afro-Asiatic	1039
1318	688_maletahrhemitragusjaykari	male tahr, Hemitragus Jaykari	harsusi	Harsusi	wāl	waːl	w aː l	hars1241	19.6511	56.1562	Afro-Asiatic	626
1165	628_malemanboy	male, man, boy	amharic	Amharic	wänd	wænd	w æ n d	amha1245	11.708182	39.543456	Afro-Asiatic	587
535	327_man	man	pcs	Central Semitic	*gabr-	gabr-	g a b r	cent2236			Afro-Asiatic	197
537	327_man	man	oldaramaic	Old Aramaic (up to 700 BCE)	gbr	gbr	g b r	olda1246			Afro-Asiatic	197
538	327_man	man	biblicalaramaic	Imperial Aramaic (700-300 BCE)	gəbar	gəbar	g ə b a r	impe1235	33.905	42.185	Afro-Asiatic	197
542	327_man	man	mandaic	Classical Mandaic	gabra	gabra	g a b r a	clas1253	36.1203	49.5659	Afro-Asiatic	197
543	327_man	man	maalula	Maaloula	γabrōna	ɣabroːna	ɣ a b r oː n a	malu1250			Afro-Asiatic	197
549	327_man	man	phoenician	Phoenician	ˀš	ʔʃ	ʔ ʃ	phoe1239	34.12	35.65	Afro-Asiatic	198
550	327_man	man	hebrew	Modern Hebrew	ˀīš	ʔiːʃ	ʔ iː ʃ	hebr1245	31.1056	35.0179	Afro-Asiatic	198
551	327_man	man	moabite	Moabite	ˀš	ʔʃ	ʔ ʃ	moab1234			Afro-Asiatic	198
553	327_man	man	samalian	Old Aramaic-Sam'alian	ˀš	ʔʃ	ʔ ʃ	olda1245	32.84	37.0	Afro-Asiatic	198
556	327_man	man	oldaramaic	Old Aramaic (up to 700 BCE)	ˀš	ʔʃ	ʔ ʃ	olda1246			Afro-Asiatic	198
558	327_man	man	officialaramaic	Middle-Modern Aramaic	ˀš, ˀyš	ʔʃ	ʔ ʃ	midd1367			Afro-Asiatic	198
561	327_man	man	arabic	Arabic	ˀinsān-	ʔinsaːn-	ʔ i n s aː n	arab1395			Afro-Asiatic	198
1141	327_man	man	pes	East Semitic	*sabˀ-	sabʔ-	s a b ʔ	east2678			Afro-Asiatic	586
1145	327_man	man	tigrinya	Tigrinya	säbˀ	sæbʔ	s æ b ʔ	tigr1271	15.3359	38.9266	Afro-Asiatic	586
1146	327_man	man	amharic	Amharic	säb	sæb	s æ b	amha1245	11.708182	39.543456	Afro-Asiatic	586
2862	327_man	man	pws	West Semitic	*ˀVnāš-	ʔ-naːʃ-	ʔ n aː ʃ	west2786			Afro-Asiatic	1027
2864	327_man	man	tigre	Tigre	ˀənas	ʔənas	ʔ ə n a s	tigr1270	17.3494	38.2233	Afro-Asiatic	1027
1144	620_manindividualorgenerichumanbeinganyone	man (individual or generic), human being; anyone	tigrinya	Tigrinya	säb	sæb	s æ b	tigr1271	15.3359	38.9266	Afro-Asiatic	586
136	93_manofmiddleage	man of middle age	arabic	Arabic	kahl-	kahl-	k a h l	arab1395			Afro-Asiatic	92
540	330_manhusband	man, husband	jewishbabylonianaramaic	Jewish Babylonian Aramaic (ca. 200-1200 CE)	gabrā	gabraː	g a b r aː	jewi1240	32.273	44.245	Afro-Asiatic	197
562	341_manmalehusbandwarrior	man, male, husband, warrior	sabaic	Sabaic	ˀns₁	ʔns₁	ʔ n s ¹	saba1279	15.42	45.35	Afro-Asiatic	198
563	342_manmalewarrior	man, male, warrior	sabaic	Sabaic	ˀys₁, ˀs₁	ʔjs₁	ʔ j s ¹	saba1279	15.42	45.35	Afro-Asiatic	198
1147	621_manmankindsomebody	man, mankind, somebody	harari	Harari	usuˀ	usuʔ	u s u ʔ	hara1271	9.30485	42.1332	Afro-Asiatic	586
547	334_manperson	man, person	pcs	Central Semitic	*ˀinš-	ʔinʃ-	ʔ i n ʃ	cent2236			Afro-Asiatic	198
1148	622_manpersonhumanbeing	man, person, human being	selti	Silt'e	säb	sæb	s æ b	silt1240	7.77004	38.1449	Afro-Asiatic	586
1149	622_manpersonhumanbeing	man, person, human being	wolane	Wolane	säb	sæb	s æ b	wola1253	8.23	38.14	Afro-Asiatic	586
1150	622_manpersonhumanbeing	man, person, human being	gafat	Gafat	säb-wä, sab-uwä, säb-u	sæb-wæ	s æ b w æ	gafa1240	11.5764	39.5605	Afro-Asiatic	586
1151	622_manpersonhumanbeing	man, person, human being	chaha	Chaha	säb	sæb	s æ b	chah1248			Afro-Asiatic	586
1152	622_manpersonhumanbeing	man, person, human being	ezha	Ezha	säb	sæb	s æ b	ezha1238			Afro-Asiatic	586
1153	622_manpersonhumanbeing	man, person, human being	ennemor	Inoric	säḇ	sæḇ	s æ b̠	inor1238	7.94883	37.7968	Afro-Asiatic	586
1154	622_manpersonhumanbeing	man, person, human being	gyeto	Gyeta	säḇ	sæḇ	s æ b̠	gyet1241			Afro-Asiatic	586
1155	622_manpersonhumanbeing	man, person, human being	muher	Muher	säb	sæb	s æ b	muhe1234			Afro-Asiatic	586
1156	622_manpersonhumanbeing	man, person, human being	masqan	Mesqan	säb	sæb	s æ b	mesq1240	8.10617	38.3386	Afro-Asiatic	586
1157	622_manpersonhumanbeing	man, person, human being	gogot	Kistane	säb	sæb	s æ b	kist1241	8.33561	38.4763	Afro-Asiatic	586
1158	622_manpersonhumanbeing	man, person, human being	soddo	Soddo	säb	sæb	s æ b	sodd1242			Afro-Asiatic	586
557	339_manpersonpeoplemankind	man, person; people, mankind	officialaramaic	Middle-Modern Aramaic	ˀnš	ʔnʃ	ʔ n ʃ	midd1367			Afro-Asiatic	198
566	345_mansomeoneone	man, someone, one	qatabanian	Qatabanian	ˀs₁	ʔs₁	ʔ s ¹	qata1238	14.8	45.733333	Afro-Asiatic	198
539	329_manperson	man; person	jewishpalestinianaramaic	Jewish Palestinian Aramaic	gbar	gbar	g b a r	pale1261			Afro-Asiatic	197
541	329_manperson	man; person	syriac	Classical Syriac	gabrā	gabraː	g a b r aː	clas1252	37.1129	42.1432	Afro-Asiatic	197
552	336_mankind	mankind	samalian	Old Aramaic-Sam'alian	ˀnš	ʔnʃ	ʔ n ʃ	olda1245	32.84	37.0	Afro-Asiatic	198
560	336_mankind	mankind	arabic	Arabic	ˀins-	ʔins-	ʔ i n s	arab1395			Afro-Asiatic	198
1955	978_many	many	geez	Geez	bəzuḫ	bəzux	b ə z u x	geez1241	10.1342	40.6821	Afro-Asiatic	861
1957	978_many	many	tigre	Tigre	bəzuḥ	bəzuħ	b ə z u ħ	tigr1270	17.3494	38.2233	Afro-Asiatic	861
1959	978_many	many	tigrinya	Tigrinya	bəzuḥ	bəzuħ	b ə z u ħ	tigr1271	15.3359	38.9266	Afro-Asiatic	861
1961	978_many	many	amharic	Amharic	bəzu	bəzu	b ə z u	amha1245	11.708182	39.543456	Afro-Asiatic	861
1964	978_many	many	harari	Harari	bäǯīḥ	bægiːħ	b æ g iː ħ	hara1271	9.30485	42.1332	Afro-Asiatic	861
1973	978_many	many	gogot	Kistane	bəžä	bəžæ	b ə ž æ	kist1241	8.33561	38.4763	Afro-Asiatic	861
3358	1658_manytenthousand	many, ten thousand	hebrew	Modern Hebrew	ribbō(ˀ)	ribboː	r i b b oː	hebr1245	31.1056	35.0179	Afro-Asiatic	1150
1300	680_marehorse	mare; horse	mehri	Mehri	fərháyn	fərhájn	f ə r h á j n	mehr1241	16.793	52.473	Afro-Asiatic	613
1301	680_marehorse	mare; horse	jibbali	Jibbali	ferhín	ferhín	f e r h í n	sheh1240	17.29154	53.99526	Afro-Asiatic	613
1302	680_marehorse	mare; horse	harsusi	Harsusi	ferhīn	ferhiːn	f e r h iː n	hars1241	19.6511	56.1562	Afro-Asiatic	613
4241	2201_masterlordbuisinesspartner	master, lord; buisiness partner	sabaic	Sabaic	gr	gr	g r	saba1279	15.42	45.35	Afro-Asiatic	1260
769	454_masterthegreatest	master, the greatest	mandaic	Classical Mandaic	rab	rab	r a b	clas1253	36.1203	49.5659	Afro-Asiatic	355
969	534_maternaluncle	maternal uncle	pws	West Semitic	*ḫāl-	xaːl-	x aː l	west2786			Afro-Asiatic	511
970	534_maternaluncle	maternal uncle	akkadian	Akkadian	ḫālu	xaːlu	x aː l u	akka1240	33.1	44.1	Afro-Asiatic	511
973	534_maternaluncle	maternal uncle	arabic	Arabic	ḫāl-	xaːl-	x aː l	arab1395			Afro-Asiatic	511
974	534_maternaluncle	maternal uncle	tigre	Tigre	ḥāl/ḥal	ħaːl	ħ aː l	tigr1270	17.3494	38.2233	Afro-Asiatic	511
975	534_maternaluncle	maternal uncle	mehri	Mehri	ḫayl	xajl	x a j l	mehr1241	16.793	52.473	Afro-Asiatic	511
976	534_maternaluncle	maternal uncle	jibbali	Jibbali	ḫíẑ	xíɬ̬ˤ	x í ɬ̬ˤ	sheh1240	17.29154	53.99526	Afro-Asiatic	511
977	534_maternaluncle	maternal uncle	soqotri	Soqotri	ḥaľéľeʰ	ħaléleʰ	ħ a l é l eʰ	soqo1240	12.4892	53.9168	Afro-Asiatic	511
1864	938_maxillarytooth	maxillary tooth	syriac	Classical Syriac	nībā	niːbaː	n iː b aː	clas1252	37.1129	42.1432	Afro-Asiatic	829
5188	2809_mealoffering	meal offering	officialaramaic	Middle-Modern Aramaic	mnḥh	mnħh	m n ħ h	midd1367			Afro-Asiatic	1411
5189	2809_mealoffering	meal offering	jewishpalestinianaramaic	Jewish Palestinian Aramaic	minḥā	minħaː	m i n ħ aː	pale1261			Afro-Asiatic	1411
209	139_meat	meat	pws	West Semitic	*bi/aŝar-	bi	b i	west2786			Afro-Asiatic	114
211	139_meat	meat	ugaritic	Ugaritic	bšr	bʃr	b ʃ r	ugar1238	35.6	35.78	Afro-Asiatic	114
230	139_meat	meat	harari	Harari	bäsär	bæsær	b æ s æ r	hara1271	9.30485	42.1332	Afro-Asiatic	114
232	139_meat	meat	gurage	Sebat Bet Gurage	bäsär	bæsær	b æ s æ r	seba1251	8.11879	37.9891	Afro-Asiatic	114
385	139_meat	meat	arabic	Arabic	laḥm-	laħm-	l a ħ m	arab1395			Afro-Asiatic	149
2081	139_meat	meat	pes	East Semitic	*ŝəgā	ɬəgaː	ɬ ə g aː	east2678			Afro-Asiatic	877
2082	139_meat	meat	geez	Geez	ŝəgā	ɬəgaː	ɬ ə g aː	geez1241	10.1342	40.6821	Afro-Asiatic	877
2083	139_meat	meat	tigre	Tigre	səga	səga	s ə g a	tigr1270	17.3494	38.2233	Afro-Asiatic	877
2084	139_meat	meat	tigrinya	Tigrinya	səga	səga	s ə g a	tigr1271	15.3359	38.9266	Afro-Asiatic	877
2085	139_meat	meat	amharic	Amharic	səga	səga	s ə g a	amha1245	11.708182	39.543456	Afro-Asiatic	877
837	491_meatofthetailofthesheep	meat of the tail of the sheep	selti	Silt'e	lāt	laːt	l aː t	silt1240	7.77004	38.1449	Afro-Asiatic	385
2954	1423_melkentomilk	melken (to milk)	argobba	Argobba	ḥallɛw	ħallɛw	ħ a l l ɛ w	argo1244	10.6596	39.756	Afro-Asiatic	1057
6593	3682_membranethatenclosesthechild	membrane that encloses the child	arabic	Arabic	γirs-	ɣirs-	ɣ i r s	arab1395			Afro-Asiatic	2112
824	480_membrumgenitale	membrum genitale	hebrew	Modern Hebrew	ˀēbär	ʔeːbær	ʔ eː b æ r	hebr1245	31.1056	35.0179	Afro-Asiatic	376
823	479_membrumvirile	membrum virile	pcs	Central Semitic	*ˀibr(-at)-	ʔibr-	ʔ i b r	cent2236			Afro-Asiatic	376
3998	479_membrumvirile	membrum virile	hebrew	Modern Hebrew	gäbär	gæbær	g æ b æ r	hebr1245	31.1056	35.0179	Afro-Asiatic	1231
2863	1380_menmankindman	men, mankind, man	hebrew	Modern Hebrew	ˀä̆nōš	ʔæ̆noːʃ	ʔ æ̆ n oː ʃ	hebr1245	31.1056	35.0179	Afro-Asiatic	1027
1105	596_menpeople	men, people	pws	West Semitic	*ˀadam-	ʔadam-	ʔ a d a m	west2786			Afro-Asiatic	575
1111	596_menpeople	men, people	tigre	Tigre	ˀaddam	ʔaddam	ʔ a d d a m	tigr1270	17.3494	38.2233	Afro-Asiatic	575
1143	596_menpeople	men, people	tigre	Tigre	säbˀ-	sæbʔ-	s æ b ʔ	tigr1270	17.3494	38.2233	Afro-Asiatic	586
2598	1223_menstruatingwoman	menstruating woman	sabaic	Sabaic	ḥyḍ	ħjdˤ	ħ j dˤ	saba1279	15.42	45.35	Afro-Asiatic	958
2599	1224_menstruation	menstruation	tigre	Tigre	ḥed	ħed	ħ e d	tigr1270	17.3494	38.2233	Afro-Asiatic	958
4593	2440_messenger	messenger	hebrew	Modern Hebrew	malˀāk	malʔaːk	m a l ʔ aː k	hebr1245	31.1056	35.0179	Afro-Asiatic	1299
5324	2897_mesuraparpalmes	mesura par palmes	tigre	Tigre	sänzärä	sænzæræ	s æ n z æ r æ	tigr1270	17.3494	38.2233	Afro-Asiatic	1499
5342	2900_mesure	mesure	mehri	Mehri	hâzer	hâzer	h â z e r	mehr1241	16.793	52.473	Afro-Asiatic	1499
5074	2720_middaynoon	midday, noon	arabic	Arabic	ḏ̣uhr-	ðˤuhr-	ðˤ u h r	arab1395			Afro-Asiatic	1372
4874	2576_middlefinger	middle finger	tigre	Tigre	zärat	zærat	z æ r a t	tigr1270	17.3494	38.2233	Afro-Asiatic	1340
3113	1494_middleofthechest	middle of the chest	soqotri	Soqotri	ganḥ	ganħ	g a n ħ	soqo1240	12.4892	53.9168	Afro-Asiatic	1098
5676	3103_migratingcranelargewhitecranewithalongbeak	migrating crane, large white crane with a long beak	amharic	Amharic	ḳʷərəyye	qˤʷərəjje	qʷˤ ə r ə j j e	amha1245	11.708182	39.543456	Afro-Asiatic	1780
6248	3443_militarybilletingprovisioning	military billeting, provisioning	tigre	Tigre	fäsäs	fæsæs	f æ s æ s	tigr1270	17.3494	38.2233	Afro-Asiatic	1966
1024	564_militaryenginecatapult	military engine, catapult	palmyrean	Palmyrene	ˁrdyn (pl. abs.)	ʕrdjn	ʕ r d j n	palm1242			Afro-Asiatic	527
2939	1420_milk	milk	pws	West Semitic	*ḥalab-	ħalab-	ħ a l a b	west2786			Afro-Asiatic	1057
2941	1420_milk	milk	akkadian	Akkadian	ḫilpu	xilpu	x i l p u	akka1240	33.1	44.1	Afro-Asiatic	1057
2942	1420_milk	milk	ugaritic	Ugaritic	ḥlb	ħlb	ħ l b	ugar1238	35.6	35.78	Afro-Asiatic	1057
2943	1420_milk	milk	hebrew	Modern Hebrew	ḥālāb	ħaːlaːb	ħ aː l aː b	hebr1245	31.1056	35.0179	Afro-Asiatic	1057
2944	1420_milk	milk	syriac	Classical Syriac	ḥalbā	ħalbaː	ħ a l b aː	clas1252	37.1129	42.1432	Afro-Asiatic	1057
2945	1420_milk	milk	arabic	Arabic	ḥalab-/ḥalīb-	ħalab-	ħ a l a b	arab1395			Afro-Asiatic	1057
2946	1420_milk	milk	geez	Geez	ḥalib	ħalib	ħ a l i b	geez1241	10.1342	40.6821	Afro-Asiatic	1057
2948	1420_milk	milk	tigre	Tigre	ḥalib	ħalib	ħ a l i b	tigr1270	17.3494	38.2233	Afro-Asiatic	1057
2951	1420_milk	milk	tigrinya	Tigrinya	ḥalib	ħalib	ħ a l i b	tigr1271	15.3359	38.9266	Afro-Asiatic	1057
2955	1420_milk	milk	argobba	Argobba	hayu	haju	h a j u	argo1244	10.6596	39.756	Afro-Asiatic	1057
2957	1420_milk	milk	harari	Harari	ḥay	ħaj	ħ a j	hara1271	9.30485	42.1332	Afro-Asiatic	1057
2961	1420_milk	milk	chaha	Chaha	eb	eb	e b	chah1248			Afro-Asiatic	1057
4618	1420_milk	milk	arabic	Arabic	laban-	laban-	l a b a n	arab1395			Afro-Asiatic	1300
5420	2943_milkintowhichheatedstonesarethrown	milk into which heated stones are thrown	arabic	Arabic	ṣaḥīrat-	sˤaħiːrat-	sˤ a ħ iː r a t	arab1395			Afro-Asiatic	1582
5148	2774_milkmixedwithalargerquantityofwater	milk mixed with a larger quantity of water	arabic	Arabic	ḏarāḥ-	ðaraːħ-	ð a r aː ħ	arab1395			Afro-Asiatic	1397
1008	554_milkheatingstoneastoneputinthefiretillitishotandthenputinmilktoheatit	milkheating stone: a stone put in the fire till  it is hot and then put in milk to heat it	mehri	Mehri	ḥəṣṣáyt	ħəsˤsˤájt	ħ ə sˤ sˤ á j t	mehr1241	16.793	52.473	Afro-Asiatic	519
6001	3298_mind	mind	officialaramaic	Middle-Modern Aramaic	bl	bl	b l	midd1367			Afro-Asiatic	1898
6002	3298_mind	mind	biblicalaramaic	Imperial Aramaic (700-300 BCE)	bāl	baːl	b aː l	impe1235	33.905	42.185	Afro-Asiatic	1898
6000	3297_mindspiritsoul	mind, spirit, soul	pws	West Semitic	*bāl-	baːl-	b aː l	west2786			Afro-Asiatic	1898
1775	900_mischiefquarrelrevolt	mischief, quarrel, revolt	tigre	Tigre	naˁar	naʕar	n a ʕ a r	tigr1270	17.3494	38.2233	Afro-Asiatic	767
4484	2375_mischievousperson	mischievous person	sabaic	Sabaic	nky	nkj	n k j	saba1279	15.42	45.35	Afro-Asiatic	1288
1761	896_molartooth	molar tooth	pes	East Semitic	*ṭirs­	tˤirs	tˤ i r s	east2678			Afro-Asiatic	745
1762	896_molartooth	molar tooth	geez	Geez	ḍǝrs	dˤǝrs	dˤ ə r s	geez1241	10.1342	40.6821	Afro-Asiatic	745
1334	693_mole	mole	pcs	Central Semitic	*ḫuld-	xuld-	x u l d	cent2236			Afro-Asiatic	637
1335	693_mole	mole	hebrew	Modern Hebrew	ḥōläd	ħoːlæd	ħ oː l æ d	hebr1245	31.1056	35.0179	Afro-Asiatic	637
1337	693_mole	mole	jewishbabylonianaramaic	Jewish Babylonian Aramaic (ca. 200-1200 CE)	ḥuldā	ħuldaː	ħ u l d aː	jewi1240	32.273	44.245	Afro-Asiatic	637
1338	693_mole	mole	syriac	Classical Syriac	ḥuldā	ħuldaː	ħ u l d aː	clas1252	37.1129	42.1432	Afro-Asiatic	637
1340	693_mole	mole	arabic	Arabic	ḫuld-	xuld-	x u l d	arab1395			Afro-Asiatic	637
1426	722_monitorlizard	monitor lizard	pws	West Semitic	*ṣ̂abb-	ɬˤabb-	ɬˤ a b b	west2786			Afro-Asiatic	656
1429	722_monitorlizard	monitor lizard	arabic	Arabic	ḍabb-	dˤabb-	dˤ a b b	arab1395			Afro-Asiatic	656
1431	722_monitorlizard	monitor lizard	jibbali	Jibbali	ẓ̂ɔb	ẓ̂ɔb	ẓ̂ ɔ b	sheh1240	17.29154	53.99526	Afro-Asiatic	656
1432	722_monitorlizard	monitor lizard	harsusi	Harsusi	ẑōb	ɬ̬ˤoːb	ɬ̬ˤ oː b	hars1241	19.6511	56.1562	Afro-Asiatic	656
6351	3512_mortar	mortar	tigre	Tigre	mogəˀ	mogəʔ	m o g ə ʔ	tigr1270	17.3494	38.2233	Afro-Asiatic	1997
639	393_mosaicpavement	mosaic pavement	hebrew	Modern Hebrew	räbäd	ræbæd	r æ b æ d	hebr1245	31.1056	35.0179	Afro-Asiatic	281
5680	3107_mosquitobug	mosquito, bug	mehri	Mehri	ḳərōṣ	qˤəroːsˤ	qˤ ə r oː sˤ	mehr1241	16.793	52.473	Afro-Asiatic	1781
4399	2321_mostintensiveheatofsummer	most intensive heat of summer	arabic	Arabic	qayḏ̣-	qajðˤ-	q a j ðˤ	arab1395			Afro-Asiatic	1281
1609	826_mothersbreast	mother's breast	hebrew	Modern Hebrew	šōd	ʃoːd	ʃ oː d	hebr1245	31.1056	35.0179	Afro-Asiatic	718
567	346_mountain	mountain	pcs	Central Semitic	*ṯ̣ūr-	θˤuːr-	θˤ uː r	cent2236			Afro-Asiatic	205
569	346_mountain	mountain	ugaritic	Ugaritic	γr	ɣr	ɣ r	ugar1238	35.6	35.78	Afro-Asiatic	205
571	346_mountain	mountain	jewishbabylonianaramaic	Jewish Babylonian Aramaic (ca. 200-1200 CE)	ṭūrā	tˤuːraː	tˤ uː r aː	jewi1240	32.273	44.245	Afro-Asiatic	205
572	346_mountain	mountain	syriac	Classical Syriac	ṭurā	tˤuraː	tˤ u r aː	clas1252	37.1129	42.1432	Afro-Asiatic	205
575	346_mountain	mountain	sabaic	Sabaic	ṯ̣wr	θˤwr	θˤ w r	saba1279	15.42	45.35	Afro-Asiatic	205
1016	346_mountain	mountain	geez	Geez	dabr	dabr	d a b r	geez1241	10.1342	40.6821	Afro-Asiatic	525
1306	683_mountaingoat	mountain goat	ugaritic	Ugaritic	yˁl	jʕl	j ʕ l	ugar1238	35.6	35.78	Afro-Asiatic	626
1310	685_mountaingoatibex	mountain goat, ibex	sabaic	Sabaic	wˁl	wʕl	w ʕ l	saba1279	15.42	45.35	Afro-Asiatic	626
573	349_mountainhill	mountain, hill	mandaic	Classical Mandaic	ṭura	tˤura	tˤ u r a	clas1253	36.1203	49.5659	Afro-Asiatic	205
574	350_mountainmountainrange	mountain, mountain range	turoyo	Turoyo	ṭuro	tˤuro	tˤ u r o	turo1239	37.2275	42.1451	Afro-Asiatic	205
1289	675_mountedsoldierhorseman	mounted soldier, horseman	mandaic	Classical Mandaic	paraša	paraʃa	p a r a ʃ a	clas1253	36.1203	49.5659	Afro-Asiatic	613
43	27_mouth	mouth	jibbali	Jibbali	ḫɔh	xɔh	x ɔ h	sheh1240	17.29154	53.99526	Afro-Asiatic	36
5749	27_mouth	mouth	arabic	Arabic	fuqum-	fuqum-	f u q u m	arab1395			Afro-Asiatic	1798
42	26_mouthentranceopening	mouth; entrance, opening	mehri	Mehri	ḫā	xaː	x aː	mehr1241	16.793	52.473	Afro-Asiatic	36
6161	3392_movetoanotherplace	move to another place	wolane	Wolane	gazä	gazæ	g a z æ	wola1253	8.23	38.14	Afro-Asiatic	1947
6162	3392_movetoanotherplace	move to another place	chaha	Chaha	gazä	gazæ	g a z æ	chah1248			Afro-Asiatic	1947
6163	3392_movetoanotherplace	move to another place	ezha	Ezha	gazä	gazæ	g a z æ	ezha1238			Afro-Asiatic	1947
6164	3392_movetoanotherplace	move to another place	endegen	Endegegny	agaˀazä	agaʔazæ	a g a ʔ a z æ	eneg1238			Afro-Asiatic	1947
6165	3392_movetoanotherplace	move to another place	endegen	Endegegny	gaˀazä	gaʔazæ	g a ʔ a z æ	eneg1238			Afro-Asiatic	1947
6166	3392_movetoanotherplace	move to another place	ennemor	Inoric	agaˀazä	agaʔazæ	a g a ʔ a z æ	inor1238	7.94883	37.7968	Afro-Asiatic	1947
6167	3392_movetoanotherplace	move to another place	ennemor	Inoric	gaˀazä	gaʔazæ	g a ʔ a z æ	inor1238	7.94883	37.7968	Afro-Asiatic	1947
6168	3392_movetoanotherplace	move to another place	gyeto	Gyeta	agaˀazä	agaʔazæ	a g a ʔ a z æ	gyet1241			Afro-Asiatic	1947
6169	3392_movetoanotherplace	move to another place	muher	Muher	gazä	gazæ	g a z æ	muhe1234			Afro-Asiatic	1947
6170	3392_movetoanotherplace	move to another place	masqan	Mesqan	gazä	gazæ	g a z æ	mesq1240	8.10617	38.3386	Afro-Asiatic	1947
6171	3392_movetoanotherplace	move to another place	gogot	Kistane	gazä	gazæ	g a z æ	kist1241	8.33561	38.4763	Afro-Asiatic	1947
6172	3392_movetoanotherplace	move to another place	soddo	Soddo	gazä	gazæ	g a z æ	sodd1242			Afro-Asiatic	1947
774	459_muchwater	much water	arabic	Arabic	rabab-	rabab-	r a b a b	arab1395			Afro-Asiatic	355
2676	1278_mucusphlegm	mucus, phlegm	pws	West Semitic	*nVḫ-	n-x-	n x	west2786			Afro-Asiatic	983
5249	2856_mudclay	mud, clay	pcs	Central Semitic	*ṯaˀṭ-	θaʔtˤ-	θ a ʔ tˤ	cent2236			Afro-Asiatic	1433
5250	2856_mudclay	mud, clay	ugaritic	Ugaritic	ṯˀiṭ	θʔitˤ	θ ʔ i tˤ	ugar1238	35.6	35.78	Afro-Asiatic	1433
1209	642_mule	mule	muher	Muher	bəḳʷrä, bəˀurä, buˀurä, bəˀuwä	bəqˤʷræ	b ə qʷˤ r æ	muhe1234			Afro-Asiatic	593
1536	779_musclestendon	muscles; tendon	ugaritic	Ugaritic	ˀanš	ʔanʃ	ʔ a n ʃ	ugar1238	35.6	35.78	Afro-Asiatic	695
5830	3198_mushroom	mushroom	jewishbabylonianaramaic	Jewish Babylonian Aramaic (ca. 200-1200 CE)	piṭṭūrā	pitˤtˤuːraː	p i tˤ tˤ uː r aː	jewi1240	32.273	44.245	Afro-Asiatic	1818
5832	3198_mushroom	mushroom	arabic	Arabic	fuṭr-	futˤr-	f u tˤ r	arab1395			Afro-Asiatic	1818
3363	1660_myriads	myriads	geez	Geez	rabbawāt	rabbawaːt	r a b b a w aː t	geez1241	10.1342	40.6821	Afro-Asiatic	1150
3362	1659_myriadsnameofabodyofangels	myriads; name of a body of angels	geez	Geez	ˀarbāb	ʔarbaːb	ʔ a r b aː b	geez1241	10.1342	40.6821	Afro-Asiatic	1150
807	474_mannlichesrindimerstenbiszweitenjahrmalecattleinthefirsttosecondyear	männliches Rind im ersten bis zweiten Jahr (male cattle in the first to second year)	turoyo	Turoyo	arwono	arwono	a r w o n o	turo1239	37.2275	42.1451	Afro-Asiatic	374
2095	1007_nakedness	nakedness	zway	Zay	əndəraḳ	əndəraqˤ	ə n d ə r a qˤ	zayy1238	8.01148	38.8258	Afro-Asiatic	880
5475	2976_nameofaparasitewormfoundinthesheepshead	name of a parasite worm (found in the sheep's head)	hebrew	Modern Hebrew	därän	dæræn	d æ r æ n	hebr1245	31.1056	35.0179	Afro-Asiatic	1638
5476	2977_nameofaparasitewormfoundinthesheepsheadmothinclotheswoodworm	name of a parasite worm (found in the sheep's head); moth (in clothes), wood worm	jewishbabylonianaramaic	Jewish Babylonian Aramaic (ca. 200-1200 CE)	darnā	darnaː	d a r n aː	jewi1240	32.273	44.245	Afro-Asiatic	1638
1314	686_nameofsomekindofungulate	name of some kind of ungulate	tigrinya	Tigrinya	wəˁla	wəʕla	w ə ʕ l a	tigr1271	15.3359	38.9266	Afro-Asiatic	626
6311	3484_naturalfemalepartsofbodyhighlydevelopedandthickwomanwhosevaginaisveryamplethickmanwhohasbigbuttocksorthicklips	natural female parts of body, highly developed and thick; woman whose vagina is very ample, thick; man who has big buttocks, or thick lips	arabic	Arabic	šafallāḥ-	ʃafallaːħ-	ʃ a f a l l aː ħ	arab1395			Afro-Asiatic	1980
5495	2993_naturallyenclosedpasture	naturally enclosed pasture	mehri	Mehri	ḥəgəlīt	ħəgəliːt	ħ ə g ə l iː t	mehr1241	16.793	52.473	Afro-Asiatic	1673
1648	846_navel	navel	ugaritic	Ugaritic	šr	ʃr	ʃ r	ugar1238	35.6	35.78	Afro-Asiatic	725
1649	846_navel	navel	hebrew	Modern Hebrew	šōr	ʃoːr	ʃ oː r	hebr1245	31.1056	35.0179	Afro-Asiatic	725
1653	846_navel	navel	mandaic	Classical Mandaic	šura	ʃura	ʃ u r a	clas1253	36.1203	49.5659	Afro-Asiatic	725
1654	846_navel	navel	arabic	Arabic	surr-	surr-	s u r r	arab1395			Afro-Asiatic	725
1655	846_navel	navel	arabic	Arabic	surrat-	surrat-	s u r r a t	arab1395			Afro-Asiatic	725
1656	846_navel	navel	mehri	Mehri	ŝīrɛ̄	ɬiːrɛ̄	ɬ iː r ɛ̄	mehr1241	16.793	52.473	Afro-Asiatic	725
1657	846_navel	navel	harsusi	Harsusi	šerā	ʃeraː	ʃ e r aː	hars1241	19.6511	56.1562	Afro-Asiatic	725
1658	846_navel	navel	soqotri	Soqotri	šíraḥ	ʃíraħ	ʃ í r a ħ	soqo1240	12.4892	53.9168	Afro-Asiatic	725
1765	846_navel	navel	pes	East Semitic	*ḥən/mbər-t-	ħən	ħ ə n	east2678			Afro-Asiatic	757
1766	846_navel	navel	geez	Geez	ḥənbərt	ħənbərt	ħ ə n b ə r t	geez1241	10.1342	40.6821	Afro-Asiatic	757
1767	846_navel	navel	tigre	Tigre	ḥənbər(t), ḥənbərrā, ḥəmbər, ḥəmbərrā	ħənbər	ħ ə n b ə r	tigr1270	17.3494	38.2233	Afro-Asiatic	757
1768	846_navel	navel	tigrinya	Tigrinya	ḥəmbərti	ħəmbərti	ħ ə m b ə r t i	tigr1271	15.3359	38.9266	Afro-Asiatic	757
1769	846_navel	navel	amharic	Amharic	əmbərt, ənbərt	əmbərt	ə m b ə r t	amha1245	11.708182	39.543456	Afro-Asiatic	757
1770	846_navel	navel	argobba	Argobba	əmbərt, həmbərt, ḥəmbərt, ḥənbərt	əmbərt	ə m b ə r t	argo1244	10.6596	39.756	Afro-Asiatic	757
1771	846_navel	navel	harari	Harari	ḥəmbūrṭi	ħəmbuːrtˤi	ħ ə m b uː r tˤ i	hara1271	9.30485	42.1332	Afro-Asiatic	757
1772	846_navel	navel	zway	Zay	əmbərbiṭ	əmbərbitˤ	ə m b ə r b i tˤ	zayy1238	8.01148	38.8258	Afro-Asiatic	757
1647	845_navelnavelstring	navel; navel string	pcs	Central Semitic	*šurr-	ʃurr-	ʃ u r r	cent2236			Afro-Asiatic	725
5708	3131_neck	neck	pws	West Semitic	*pVḳ-	p-qˤ-	p qˤ	west2786			Afro-Asiatic	1793
5752	3131_neck	neck	hebrew	Modern Hebrew	mapräḳät	mapræqˤæt	m a p r æ qˤ æ t	hebr1245	31.1056	35.0179	Afro-Asiatic	1800
5753	3131_neck	neck	jewishpalestinianaramaic	Jewish Palestinian Aramaic	pwrḳh	pwrqˤh	p w r qˤ h	pale1261			Afro-Asiatic	1800
5755	3131_neck	neck	syriac	Classical Syriac	pāraḳtā	paːraqˤtaː	p aː r a qˤ t aː	clas1252	37.1129	42.1432	Afro-Asiatic	1800
5759	3131_neck	neck	soqotri	Soqotri	feḳréroʰ	feqˤréroʰ	f e qˤ r é r oʰ	soqo1240	12.4892	53.9168	Afro-Asiatic	1800
149	103_neckmusclecollarbone	neck muscle; collarbone	sabaic	Sabaic	ˁrḳ	ʕrqˤ	ʕ r qˤ	saba1279	15.42	45.35	Afro-Asiatic	102
5711	3133_neckthroat	neck, throat	mandaic	Classical Mandaic	pḳuta	pqˤuta	p qˤ u t a	clas1253	36.1203	49.5659	Afro-Asiatic	1793
5751	3150_neckvertebraocciput	neck, vertebra, occiput	pws	West Semitic	*pi/arḳ-at-, pi/aḳr-at-	pi	p i	west2786			Afro-Asiatic	1800
5710	3132_neckupperpartofthedatepalm	neck; upper part of the date palm	jewishbabylonianaramaic	Jewish Babylonian Aramaic (ca. 200-1200 CE)	ˀapḳōtā	ʔapqˤoːtaː	ʔ a p qˤ oː t aː	jewi1240	32.273	44.245	Afro-Asiatic	1793
826	482_needlestingtheextremityofahorntheprivymemberofaman	needle; sting; the extremity of a horn; the [privy] member of a man	arabic	Arabic	ˀibrat-	ʔibrat-	ʔ i b r a t	arab1395			Afro-Asiatic	376
5423	2946_negationprohibitive	negation (prohibitive)	phoenician	Phoenician	ˀl	ʔl	ʔ l	phoe1239	34.12	35.65	Afro-Asiatic	1584
5425	2946_negationprohibitive	negation (prohibitive)	samalian	Old Aramaic-Sam'alian	ˀl	ʔl	ʔ l	olda1245	32.84	37.0	Afro-Asiatic	1584
5426	2946_negationprohibitive	negation (prohibitive)	oldaramaic	Old Aramaic (up to 700 BCE)	ˀl	ʔl	ʔ l	olda1246			Afro-Asiatic	1584
5427	2946_negationprohibitive	negation (prohibitive)	officialaramaic	Middle-Modern Aramaic	ˀl	ʔl	ʔ l	midd1367			Afro-Asiatic	1584
5424	2947_negationforrequestrejectionprohibition	negation for request, rejection, prohibition	hebrew	Modern Hebrew	ˀal	ʔal	ʔ a l	hebr1245	31.1056	35.0179	Afro-Asiatic	1584
5429	2949_negativeparticle	negative particle	soqotri	Soqotri	aḷ	aḷ	a l̩	soqo1240	12.4892	53.9168	Afro-Asiatic	1584
4240	2200_neighbour	neighbour	arabic	Arabic	ǯār-	gaːr-	g aː r	arab1395			Afro-Asiatic	1260
4242	2200_neighbour	neighbour	geez	Geez	gor	gor	g o r	geez1241	10.1342	40.6821	Afro-Asiatic	1260
1533	777_nervesinewguttendon	nerve, sinew, gut, tendon	harari	Harari	wɔtär	wɔtær	w ɔ t æ r	hara1271	9.30485	42.1332	Afro-Asiatic	694
1534	777_nervesinewguttendon	nerve, sinew, gut, tendon	gurage	Sebat Bet Gurage	wätär	wætær	w æ t æ r	seba1251	8.11879	37.9891	Afro-Asiatic	694
3335	1645_nextdaytomorrow	next day, tomorrow	hebrew	Modern Hebrew	māḥār	maːħaːr	m aː ħ aː r	hebr1245	31.1056	35.0179	Afro-Asiatic	1143
1634	838_nipple	nipple	arabic	Arabic	bizz-, buzz-	bizz-	b i z z	arab1395			Afro-Asiatic	720
1504	757_nitlouse	nit, louse	amharic	Amharic	ḳəč̣am	qˤəč̣am	qˤ ə č̣ a m	amha1245	11.708182	39.543456	Afro-Asiatic	680
5422	2945_nonotinprohibitions	no, not (in prohibitions)	ugaritic	Ugaritic	ˀal	ʔal	ʔ a l	ugar1238	35.6	35.78	Afro-Asiatic	1584
5421	2944_nonotnegativeparticle	no, not (negative particle)	pws	West Semitic	*ˀal	ʔal	ʔ a l	west2786			Afro-Asiatic	1584
5071	2719_noon	noon	pws	West Semitic	*ṯ̣uhr-	θˤuhr-	θˤ u h r	west2786			Afro-Asiatic	1372
5072	2719_noon	noon	hebrew	Modern Hebrew	ṣohŏrayim	sˤohŏrajim	sˤ o h ŏ r a j i m	hebr1245	31.1056	35.0179	Afro-Asiatic	1372
5073	2719_noon	noon	syriac	Classical Syriac	ṭahrā	tˤahraː	tˤ a h r aː	clas1252	37.1129	42.1432	Afro-Asiatic	1372
5075	2721_noonmidday	noon, midday	mehri	Mehri	ḏ̣ahr-	ðˤahr-	ðˤ a h r	mehr1241	16.793	52.473	Afro-Asiatic	1372
5076	2721_noonmidday	noon, midday	jibbali	Jibbali	ḏ̣ɔ́hur	ðˤɔ́hur	ðˤ ɔ́ h u r	sheh1240	17.29154	53.99526	Afro-Asiatic	1372
5657	3087_nosebeak	nose, beak	hebrew	Modern Hebrew	ḥarṭōm	ħartˤoːm	ħ a r tˤ oː m	hebr1245	31.1056	35.0179	Afro-Asiatic	1775
5660	3090_nosetipofthenosetrunkoftheelephantetc	nose, tip of the nose, trunk of the elephant, etc.	arabic	Arabic	ḫurṭūm-, ḫurṭūm-	xurtˤuːm-	x u r tˤ uː m	arab1395			Afro-Asiatic	1775
3243	1591_not	not	pcs	Central Semitic	*bal	bal	b a l	cent2236			Afro-Asiatic	1125
3244	1591_not	not	ugaritic	Ugaritic	bl	bl	b l	ugar1238	35.6	35.78	Afro-Asiatic	1125
3245	1591_not	not	phoenician	Phoenician	bl	bl	b l	phoe1239	34.12	35.65	Afro-Asiatic	1125
3246	1591_not	not	hebrew	Modern Hebrew	bal	bal	b a l	hebr1245	31.1056	35.0179	Afro-Asiatic	1125
5428	2948_notprohibitiveparticle	not (prohibitive particle)	biblicalaramaic	Imperial Aramaic (700-300 BCE)	ˀal	ʔal	ʔ a l	impe1235	33.905	42.185	Afro-Asiatic	1584
5238	2846_notentirelyprocessedhide	not entirely processed hide	jewishpalestinianaramaic	Jewish Palestinian Aramaic	šlḥ	ʃlħ	ʃ l ħ	pale1261			Afro-Asiatic	1428
2848	1371_nottoanswerafterhavingbeencalled	not to answer after having been called	ezha	Ezha	ač̣č̣ämma-m	ač̣č̣æmma-m	a č̣ č̣ æ m m a m	ezha1238			Afro-Asiatic	1019
2849	1371_nottoanswerafterhavingbeencalled	not to answer after having been called	endegen	Endegegny	(a)č̣ämmā	č̣æmmaː	č̣ æ m m aː	eneg1238			Afro-Asiatic	1019
2850	1371_nottoanswerafterhavingbeencalled	not to answer after having been called	ennemor	Inoric	ač̣č̣ämā	ač̣č̣æmaː	a č̣ č̣ æ m aː	inor1238	7.94883	37.7968	Afro-Asiatic	1019
5930	3257_nottohaveonesformerenergy	not to have one's former energy	mehri	Mehri	fәsōl	fəsoːl	f ə s oː l	mehr1241	16.793	52.473	Afro-Asiatic	1875
5284	2873_notaaccusativi	nota accusativi	pws	West Semitic	*ˀiyā/ˀiyāt/yāt	ʔijaː	ʔ i j aː	west2786			Afro-Asiatic	1450
5285	2873_notaaccusativi	nota accusativi	phoenician	Phoenician	ˀyt	ʔjt	ʔ j t	phoe1239	34.12	35.65	Afro-Asiatic	1450
5286	2873_notaaccusativi	nota accusativi	hebrew	Modern Hebrew	ˀēt	ʔeːt	ʔ eː t	hebr1245	31.1056	35.0179	Afro-Asiatic	1450
5289	2873_notaaccusativi	nota accusativi	oldaramaic	Old Aramaic (up to 700 BCE)	ˀyt	ʔjt	ʔ j t	olda1246			Afro-Asiatic	1450
5291	2873_notaaccusativi	nota accusativi	biblicalaramaic	Imperial Aramaic (700-300 BCE)	yāt	jaːt	j aː t	impe1235	33.905	42.185	Afro-Asiatic	1450
5294	2873_notaaccusativi	nota accusativi	arabic	Arabic	ˀiyyā-	ʔijjaː-	ʔ i j j aː	arab1395			Afro-Asiatic	1450
5295	2873_notaaccusativi	nota accusativi	mehri	Mehri	t-	t-	t	mehr1241	16.793	52.473	Afro-Asiatic	1450
5296	2873_notaaccusativi	nota accusativi	jibbali	Jibbali	t-	t-	t	sheh1240	17.29154	53.99526	Afro-Asiatic	1450
5298	2876_notaaccusativiwithpronominalsuffixesonly	nota accusativi (with pronominal suffixes only)	soqotri	Soqotri	t-	t-	t	soqo1240	12.4892	53.9168	Afro-Asiatic	1450
2608	1233_notchcutintheskinhareliporcomparablephysicalformation	notch, cut in the skin; harelip or comparable physical formation	mehri	Mehri	ḫǝrmīt	xǝrmiːt	x ə r m iː t	mehr1241	16.793	52.473	Afro-Asiatic	959
5254	2860_notchincisioncutwounds	notch, incision, cut; wounds	arabic	Arabic	waḏyat-	waðjat-	w a ð j a t	arab1395			Afro-Asiatic	1434
4062	2086_now	now	tigre	Tigre	ˀaze	ʔaze	ʔ a z e	tigr1270	17.3494	38.2233	Afro-Asiatic	1241
4061	2085_nowjustnow	now, just now	geez	Geez	yəˀəze	jəʔəze	j ə ʔ ə z e	geez1241	10.1342	40.6821	Afro-Asiatic	1241
761	448_numerousmanygreat	numerous, many; great	hebrew	Modern Hebrew	rab	rab	r a b	hebr1245	31.1056	35.0179	Afro-Asiatic	355
2337	1089_oath	oath (?)	sabaic	Sabaic	mḥly	mħlj	m ħ l j	saba1279	15.42	45.35	Afro-Asiatic	918
5384	2922_obtenirdesauspicesfavorablestogetfavourableauspices	obtenir des auspices favorables (to get favourable auspices)	minaean	Minaean	ḥṯ̣y	ħθˤj	ħ θˤ j	mina1279	16.166667	44.672778	Afro-Asiatic	1560
1035	572_odourfragrance	odour, fragrance	hebrew	Modern Hebrew	rēaḥ	reːaħ	r eː a ħ	hebr1245	31.1056	35.0179	Afro-Asiatic	538
5151	2777_ofmatureageold	of mature age, old	hebrew	Modern Hebrew	zāḳēn	zaːqˤeːn	z aː qˤ eː n	hebr1245	31.1056	35.0179	Afro-Asiatic	1399
3706	1903_offrirdonnertooffertogive	offrir, donner (to offer, to give)	soqotri	Soqotri	mnḥ	mnħ	m n ħ	soqo1240	12.4892	53.9168	Afro-Asiatic	1191
4094	2110_offspringyoungofanimals	offspring, young (of animals)	ugaritic	Ugaritic	ˁl	ʕl	ʕ l	ugar1238	35.6	35.78	Afro-Asiatic	1246
773	458_often	often	arabic	Arabic	rubba-mā	rubba-maː	r u b b a m aː	arab1395			Afro-Asiatic	355
3066	1464_oilgrease	oil, grease	arabic	Arabic	duhn-	duhn-	d u h n	arab1395			Afro-Asiatic	1091
3067	1465_oilygreasy	oily, greasy	arabic	Arabic	dahin-	dahin-	d a h i n	arab1395			Afro-Asiatic	1091
1784	909_oldwoman	old woman	geez	Geez	ˀəber	ʔəber	ʔ ə b e r	geez1241	10.1342	40.6821	Afro-Asiatic	774
1027	565_onagerwildassballistasiegedevice	onager, wild ass; ballista, siege device	syriac	Classical Syriac	ˁrādā	ʕraːdaː	ʕ r aː d aː	clas1252	37.1129	42.1432	Afro-Asiatic	527
5872	3231_onehavingabnormallylargetesticles	one having abnormally large testicles	hebrew	Modern Hebrew	ḳayyān	qˤajjaːn	qˤ a j j aː n	hebr1245	31.1056	35.0179	Afro-Asiatic	1849
3990	2048_onehavingdefectiveeyebrow	one having defective eyebrow (?)	hebrew	Modern Hebrew	gibbēn	gibbeːn	g i b b eː n	hebr1245	31.1056	35.0179	Afro-Asiatic	1230
6454	3583_oneofruminantsfourstomachs	one of ruminant's four stomachs	tigre	Tigre	šənfəlla	ʃənfəlla	ʃ ə n f ə l l a	tigr1270	17.3494	38.2233	Afro-Asiatic	2037
5315	2890_oneofthefourstomachsoftheruminants	one of the four stomachs of the ruminants	tigre	Tigre	səmbər	səmbər	s ə m b ə r	tigr1270	17.3494	38.2233	Afro-Asiatic	1496
6556	3658_onewhohaseyesofpurewhiteandblack	one who has eyes of pure white and black	arabic	Arabic	ˀaḥwar-	ʔaħwar-	ʔ a ħ w a r	arab1395			Afro-Asiatic	2100
3433	1716_onewhohates	one who hates	akkadian	Akkadian	šannāˀu	ʃannaːʔu	ʃ a n n aː ʔ u	akka1240	33.1	44.1	Afro-Asiatic	1160
6177	3396_onewhoinjuresdestroys	one who injures, destroys	qatabanian	Qatabanian	fˀy	fʔj	f ʔ j	qata1238	14.8	45.733333	Afro-Asiatic	1949
5370	2916_oneswhothatwhichrelativepronounfempl	ones who/that which (relative pronoun, fem. pl.)	sabaic	Sabaic	ˀlt	ʔlt	ʔ l t	saba1279	15.42	45.35	Afro-Asiatic	1558
5367	2913_oneswhothatwhichrelativepronounmascpl	ones who/that which (relative pronoun, masc. pl.)	sabaic	Sabaic	ˀl	ʔl	ʔ l	saba1279	15.42	45.35	Afro-Asiatic	1558
910	514_onion	onion	pws	West Semitic	*baṣal-	basˤal-	b a sˤ a l	west2786			Afro-Asiatic	476
911	514_onion	onion	hebrew	Modern Hebrew	bāṣāl	baːsˤaːl	b aː sˤ aː l	hebr1245	31.1056	35.0179	Afro-Asiatic	476
912	514_onion	onion	jewishpalestinianaramaic	Jewish Palestinian Aramaic	bwṣlyn	bwsˤljn	b w sˤ l j n	pale1261			Afro-Asiatic	476
913	514_onion	onion	jewishbabylonianaramaic	Jewish Babylonian Aramaic (ca. 200-1200 CE)	buṣlā	busˤlaː	b u sˤ l aː	jewi1240	32.273	44.245	Afro-Asiatic	476
914	514_onion	onion	syriac	Classical Syriac	beṣlā	besˤlaː	b e sˤ l aː	clas1252	37.1129	42.1432	Afro-Asiatic	476
915	514_onion	onion	arabic	Arabic	baṣal-	basˤal-	b a sˤ a l	arab1395			Afro-Asiatic	476
916	514_onion	onion	sabaic	Sabaic	bṣl	bsˤl	b sˤ l	saba1279	15.42	45.35	Afro-Asiatic	476
917	514_onion	onion	geez	Geez	baṣal	basˤal	b a sˤ a l	geez1241	10.1342	40.6821	Afro-Asiatic	476
918	514_onion	onion	mehri	Mehri	bәṣәlēt	bəsˤəleːt	b ə sˤ ə l eː t	mehr1241	16.793	52.473	Afro-Asiatic	476
919	514_onion	onion	jibbali	Jibbali	béṣál	bésˤál	b é sˤ á l	sheh1240	17.29154	53.99526	Afro-Asiatic	476
1011	556_opencountry	open country	pws	West Semitic	*dabr-	dabr-	d a b r	west2786			Afro-Asiatic	525
5694	3117_opencountryfield	open country, field	jewishpalestinianaramaic	Jewish Palestinian Aramaic	bārā	baːraː	b aː r aː	pale1261			Afro-Asiatic	1784
5699	3122_opencountryplain	open country, plain	sabaic	Sabaic	brr	brr	b r r	saba1279	15.42	45.35	Afro-Asiatic	1784
6015	3307_opencounty	open county	sabaic	Sabaic	bdt	bdt	b d t	saba1279	15.42	45.35	Afro-Asiatic	1906
5689	3114_openfield	open field	hebrew	Modern Hebrew	bar	bar	b a r	hebr1245	31.1056	35.0179	Afro-Asiatic	1784
4633	2456_openoneselfwidehipmakewideextensive	open oneself wide; hip: make wide, extensive	hebrew	Modern Hebrew	rḥb	rħb	r ħ b	hebr1245	31.1056	35.0179	Afro-Asiatic	1302
35	20_openinghole	opening, hole	pws	West Semitic	*ḫaw-	xaw-	x a w	west2786			Afro-Asiatic	36
5434	2953_oppositetooveragainstinfrontof	opposite to, over against, in front of	syriac	Classical Syriac	luḳbal	luqˤbal	l u qˤ b a l	clas1252	37.1129	42.1432	Afro-Asiatic	1589
5440	2957_oppositeinfrontof	opposite, in front of	tigre	Tigre	ḳäbəl	qˤæbəl	qˤ æ b ə l	tigr1270	17.3494	38.2233	Afro-Asiatic	1589
6488	3598_oppressedmiserable	oppressed, miserable	ugaritic	Ugaritic	dak	dak	d a k	ugar1238	35.6	35.78	Afro-Asiatic	2044
3316	1635_oppressor	oppressor	ugaritic	Ugaritic	ḳš	qˤʃ	qˤ ʃ	ugar1238	35.6	35.78	Afro-Asiatic	1139
2556	1188_oraculardream	oracular dream	sabaic	Sabaic	ḥlm	ħlm	ħ l m	saba1279	15.42	45.35	Afro-Asiatic	954
327	211_orderdemand	order, demand	ugaritic	Ugaritic	ˀamr	ʔamr	ʔ a m r	ugar1238	35.6	35.78	Afro-Asiatic	130
334	218_ordonnertoorderdirect	ordonner (to order, direct)	minaean	Minaean	ˀmr	ʔmr	ʔ m r	mina1279	16.166667	44.672778	Afro-Asiatic	130
979	538_ordurematerialforvessels	ordure (material for vessels)	hebrew	Modern Hebrew	mädär	mædær	m æ d æ r	hebr1245	31.1056	35.0179	Afro-Asiatic	517
2718	1305_ordureexcrement	ordure, excrement	jewishbabylonianaramaic	Jewish Babylonian Aramaic (ca. 200-1200 CE)	gālāl	gaːlaːl	g aː l aː l	jewi1240	32.273	44.245	Afro-Asiatic	990
2604	1229_oreilleperceepiercedear	oreille percée (pierced ear)	arabic	Arabic	ḫarmāˀ-	xarmaːʔ-	x a r m aː ʔ	arab1395			Afro-Asiatic	959
2901	1402_orphan	orphan	pws	West Semitic	*yatVm-	jat-m-	j a t m	west2786			Afro-Asiatic	1036
2903	1402_orphan	orphan	ugaritic	Ugaritic	ytm	jtm	j t m	ugar1238	35.6	35.78	Afro-Asiatic	1036
2904	1402_orphan	orphan	hebrew	Modern Hebrew	yātōm	jaːtoːm	j aː t oː m	hebr1245	31.1056	35.0179	Afro-Asiatic	1036
2905	1402_orphan	orphan	syriac	Classical Syriac	yatmā	jatmaː	j a t m aː	clas1252	37.1129	42.1432	Afro-Asiatic	1036
2906	1402_orphan	orphan	arabic	Arabic	yatīm-	jatiːm-	j a t iː m	arab1395			Afro-Asiatic	1036
2907	1402_orphan	orphan	soddo	Soddo	tamʷyä	tamʷjæ	t a mʷ j æ	sodd1242			Afro-Asiatic	1036
2908	1402_orphan	orphan	mehri	Mehri	ḥə-ytīm	ħə-jtiːm	ħ ə j t iː m	mehr1241	16.793	52.473	Afro-Asiatic	1036
2909	1402_orphan	orphan	jibbali	Jibbali	ótím	ótím	ó t í m	sheh1240	17.29154	53.99526	Afro-Asiatic	1036
2911	1405_orphanboy	orphan boy	soqotri	Soqotri	έytim	ɛjtim	ɛ j t i m	soqo1240	12.4892	53.9168	Afro-Asiatic	1036
808	475_oryxmalemaleoryx	oryx mâle (male oryx)	arabic	Arabic	ˀirān-	ʔiraːn-	ʔ i r aː n	arab1395			Afro-Asiatic	374
791	464_ostrich	ostrich	syriac	Classical Syriac	ˁnāḳā	ʕnaːqˤaː	ʕ n aː qˤ aː	clas1252	37.1129	42.1432	Afro-Asiatic	364
3427	1712_outergarmentcloak	outer garment, cloak	pcs	Central Semitic	*ŝaml-at-	ɬaml-at-	ɬ a m l a t	cent2236			Afro-Asiatic	1159
3428	1712_outergarmentcloak	outer garment, cloak	hebrew	Modern Hebrew	ŝimlā	ɬimlaː	ɬ i m l aː	hebr1245	31.1056	35.0179	Afro-Asiatic	1159
3429	1712_outergarmentcloak	outer garment, cloak	officialaramaic	Middle-Modern Aramaic	šá-am-lat	ʃá-am-lat	ʃ á a m l a t	midd1367			Afro-Asiatic	1159
6286	3464_outletpassagegate	outlet, passage, gate	tigrinya	Tigrinya	bärri	bærri	b æ r r i	tigr1271	15.3359	38.9266	Afro-Asiatic	1972
5690	3115_outside	outside	officialaramaic	Middle-Modern Aramaic	br	br	b r	midd1367			Afro-Asiatic	1784
5692	3115_outside	outside	palmyrean	Palmyrene	br	br	b r	palm1242			Afro-Asiatic	1784
5693	3115_outside	outside	hatran	Hatran	br	br	b r	hatr1234			Afro-Asiatic	1784
5301	2879_outsideofexceptbeside	outside of, except, beside	harari	Harari	zalta/zältā-m	zalta	z a l t a	hara1271	9.30485	42.1332	Afro-Asiatic	1465
5697	3120_outsidecountryoutsidedesert	outside, country outside, desert	mandaic	Classical Mandaic	bar	bar	b a r	clas1253	36.1203	49.5659	Afro-Asiatic	1784
4276	2227_palate	palate	pws	West Semitic	*ḥVnVk-, *ḥink-	ħ-n-k-	ħ n k	west2786			Afro-Asiatic	1266
4277	2227_palate	palate	hebrew	Modern Hebrew	ḥēk	ħeːk	ħ eː k	hebr1245	31.1056	35.0179	Afro-Asiatic	1266
4278	2227_palate	palate	officialaramaic	Middle-Modern Aramaic	ḥnk	ħnk	ħ n k	midd1367			Afro-Asiatic	1266
4279	2227_palate	palate	jewishpalestinianaramaic	Jewish Palestinian Aramaic	ḥk	ħk	ħ k	pale1261			Afro-Asiatic	1266
4280	2227_palate	palate	jewishpalestinianaramaic	Jewish Palestinian Aramaic	ḥikkā	ħikkaː	ħ i k k aː	pale1261			Afro-Asiatic	1266
4281	2227_palate	palate	syriac	Classical Syriac	ḥenkā, ḥekkā, ḥunkā	ħenkaː	ħ e n k aː	clas1252	37.1129	42.1432	Afro-Asiatic	1266
4285	2227_palate	palate	tigre	Tigre	ḥanäk	ħanæk	ħ a n æ k	tigr1270	17.3494	38.2233	Afro-Asiatic	1266
4288	2233_palateanduvula	palate and uvula	harsusi	Harsusi	ḥénnek	ħénnek	ħ é n n e k	hars1241	19.6511	56.1562	Afro-Asiatic	1266
4283	2229_palatesoftpalate	palate, soft palate	arabic	Arabic	ḥanak-	ħanak-	ħ a n a k	arab1395			Afro-Asiatic	1266
4282	2228_palatethroat	palate, throat	mandaic	Classical Mandaic	hinka	hinka	h i n k a	clas1253	36.1203	49.5659	Afro-Asiatic	1266
6305	3478_palm	palm	syriac	Classical Syriac	sīṭā	siːtˤaː	s iː tˤ aː	clas1252	37.1129	42.1432	Afro-Asiatic	1977
2645	1263_palmofhand	palm (of hand)	mandaic	Classical Mandaic	pras	pras	p r a s	clas1253	36.1203	49.5659	Afro-Asiatic	974
5069	2717_palmofthehand	palm of the hand	amharic	Amharic	ṭəffi	tˤəffi	tˤ ə f f i	amha1245	11.708182	39.543456	Afro-Asiatic	1371
5325	2898_palme	palme	tigre	Tigre	sənzər	sənzər	s ə n z ə r	tigr1270	17.3494	38.2233	Afro-Asiatic	1499
3008	1436_panther	panther	syriac	Classical Syriac	pahdā	pahdaː	p a h d aː	clas1252	37.1129	42.1432	Afro-Asiatic	1081
1631	835_papbreast	pap, breast	jewishbabylonianaramaic	Jewish Babylonian Aramaic (ca. 200-1200 CE)	bizzā, biztā	bizzaː	b i z z aː	jewi1240	32.273	44.245	Afro-Asiatic	720
3569	1803_paradise	paradise	mehri	Mehri	gənnēt	gənneːt	g ə n n eː t	mehr1241	16.793	52.473	Afro-Asiatic	1174
3570	1803_paradise	paradise	jibbali	Jibbali	gɛnt	gɛnt	g ɛ n t	sheh1240	17.29154	53.99526	Afro-Asiatic	1174
5316	2891_pareteinternadellostomacodeiruminantiinnerwallofaruminantsstomach	parete interna dello stomaco dei ruminanti (inner wall of a ruminant`s stomach)	tigrinya	Tigrinya	səmbər	səmbər	s ə m b ə r	tigr1271	15.3359	38.9266	Afro-Asiatic	1496
3552	1796_paroisdehuttemurdelamaisonwallofthehousehut	parois de hutte, mur de la maison (wall of the house, hut)	tigre	Tigre	gudur	gudur	g u d u r	tigr1270	17.3494	38.2233	Afro-Asiatic	1173
3975	2038_partofbodybetweentheshoulderblades	part of body between the shoulderblades	selti	Silt'e	däfäna	dæfæna	d æ f æ n a	silt1240	7.77004	38.1449	Afro-Asiatic	1227
3976	2038_partofbodybetweentheshoulderblades	part of body between the shoulderblades	wolane	Wolane	däfäna	dæfæna	d æ f æ n a	wola1253	8.23	38.14	Afro-Asiatic	1227
3977	2038_partofbodybetweentheshoulderblades	part of body between the shoulderblades	gogot	Kistane	däfäna	dæfæna	d æ f æ n a	kist1241	8.33561	38.4763	Afro-Asiatic	1227
5314	2889_partoftheanimalsstomach	part of the animal's stomach	pes	East Semitic	*sVmbVr	s-mb-r	s m b r	east2678			Afro-Asiatic	1496
3090	1479_partofthebodyofananimal	part of the body of an animal	akkadian	Akkadian	gannu	gannu	g a n n u	akka1240	33.1	44.1	Afro-Asiatic	1096
6242	3438_partlot	part, lot	pws	West Semitic	*pas-	pas-	p a s	west2786			Afro-Asiatic	1966
6243	3439_partportion	part, portion	nabataean	Nabatean	ps	ps	p s	naba1259			Afro-Asiatic	1966
2713	1303_partlyformedfaecesordung	partly formed faeces or dung	jibbali	Jibbali	ẑɔ́fuγ	ɬ̬ˤɔ́fuɣ	ɬ̬ˤ ɔ́ f u ɣ	sheh1240	17.29154	53.99526	Afro-Asiatic	989
5463	2966_partridge	partridge	pws	West Semitic	*ḥagal-	ħagal-	ħ a g a l	west2786			Afro-Asiatic	1621
5464	2966_partridge	partridge	syriac	Classical Syriac	ḥaglā	ħaglaː	ħ a g l aː	clas1252	37.1129	42.1432	Afro-Asiatic	1621
5465	2966_partridge	partridge	arabic	Arabic	ḥaǯal-	ħagal-	ħ a g a l	arab1395			Afro-Asiatic	1621
5673	2966_partridge	partridge	hebrew	Modern Hebrew	ḳōrē(ˀ)	qˤoːreː	qˤ oː r eː	hebr1245	31.1056	35.0179	Afro-Asiatic	1780
6065	3338_pass	pass	harari	Harari	ada	ada	a d a	hara1271	9.30485	42.1332	Afro-Asiatic	1924
6285	3463_passageentrance	passage, entrance	tigre	Tigre	bär	bær	b æ r	tigr1270	17.3494	38.2233	Afro-Asiatic	1972
6288	3463_passageentrance	passage, entrance	argobba	Argobba	bär	bær	b æ r	argo1244	10.6596	39.756	Afro-Asiatic	1972
6289	3463_passageentrance	passage, entrance	gafat	Gafat	bär	bær	b æ r	gafa1240	11.5764	39.5605	Afro-Asiatic	1972
6290	3463_passageentrance	passage, entrance	gurage	Sebat Bet Gurage	bär	bær	b æ r	seba1251	8.11879	37.9891	Afro-Asiatic	1972
38	23_passagewaycorridor	passageway, corridor	sabaic	Sabaic	ḫḫ	xx	x x	saba1279	15.42	45.35	Afro-Asiatic	36
4075	2093_passion	passion	hebrew	Modern Hebrew	ˁăgābā	ʕăgaːbaː	ʕ ă g aː b aː	hebr1245	31.1056	35.0179	Afro-Asiatic	1243
1017	561_pasture	pasture	soqotri	Soqotri	dábar	dábar	d á b a r	soqo1240	12.4892	53.9168	Afro-Asiatic	525
1013	558_pasturesteppedesert	pasture, steppe, desert	hebrew	Modern Hebrew	midbār	midbaːr	m i d b aː r	hebr1245	31.1056	35.0179	Afro-Asiatic	525
5655	3085_pawhoof	paw, hoof	harsusi	Harsusi	ḫef	xef	x e f	hars1241	19.6511	56.1562	Afro-Asiatic	1774
4337	2277_payerleprixtopaytheprice	payer le prix (to pay the price)	minaean	Minaean	ḫs₃r	xs₃r	x s ³ r	mina1279	16.166667	44.672778	Afro-Asiatic	1273
5788	3171_peanuts	peanuts	tigre	Tigre	ful	ful	f u l	tigr1270	17.3494	38.2233	Afro-Asiatic	1809
5789	3172_peanutsbreakfastdishofboiledbeans	peanuts; breakfast dish of boiled beans	tigrinya	Tigrinya	ful	ful	f u l	tigr1271	15.3359	38.9266	Afro-Asiatic	1809
1577	808_pearlnecklacedyedwoolcollarthathangsasanornamentonthecamelsneck	pearl necklace; dyed wool collar that hangs as an ornament on the camel's neck	arabic	Arabic	ṯuknat-	θuknat-	θ u k n a t	arab1395			Afro-Asiatic	709
1000	548_pebblegravel	pebble, gravel	hebrew	Modern Hebrew	ḥāṣāṣ	ħaːsˤaːsˤ	ħ aː sˤ aː sˤ	hebr1245	31.1056	35.0179	Afro-Asiatic	519
1006	548_pebblegravel	pebble, gravel	tigre	Tigre	ḥoṣa	ħosˤa	ħ o sˤ a	tigr1270	17.3494	38.2233	Afro-Asiatic	519
1007	548_pebblegravel	pebble, gravel	tigre	Tigre	ḥaṣḥaṣ	ħasˤħasˤ	ħ a sˤ ħ a sˤ	tigr1270	17.3494	38.2233	Afro-Asiatic	519
1010	555_pebbles	pebbles	soqotri	Soqotri	ḥáṣḥeṣ	ħásˤħesˤ	ħ á sˤ ħ e sˤ	soqo1240	12.4892	53.9168	Afro-Asiatic	519
1003	551_pebblesorsmallstones	pebbles or small stones	arabic	Arabic	ḥaṣaⁿ	ħasˤa	ħ a sˤ a	arab1395			Afro-Asiatic	519
96	70_peelcrustbarkshell	peel, crust, bark, shell	amharic	Amharic	ḳərfit	qˤərfit	qˤ ə r f i t	amha1245	11.708182	39.543456	Afro-Asiatic	80
3495	1757_peg	peg	pcs	Central Semitic	*watid-	watid-	w a t i d	cent2236			Afro-Asiatic	1168
3498	1757_peg	peg	tigre	Tigre	mətəd	mətəd	m ə t ə d	tigr1270	17.3494	38.2233	Afro-Asiatic	1168
1544	785_pelvicbone	pelvic bone	amharic	Amharic	anesa	anesa	a n e s a	amha1245	11.708182	39.543456	Afro-Asiatic	695
5739	3145_pelvicregionlap	pelvic region, lap	harari	Harari	fōy	foːj	f oː j	hara1271	9.30485	42.1332	Afro-Asiatic	1797
825	481_penis	penis	officialaramaic	Middle-Modern Aramaic	ˀbr	ʔbr	ʔ b r	midd1367			Afro-Asiatic	376
828	481_penis	penis	arabic	Arabic	barbur	barbur	b a r b u r	arab1395			Afro-Asiatic	376
827	483_penisgland	penis gland	arabic	Arabic	burrat, barbūr	burrat	b u r r a t	arab1395			Afro-Asiatic	376
548	335_people	people	ugaritic	Ugaritic	ˀinš	ʔinʃ	ʔ i n ʃ	ugar1238	35.6	35.78	Afro-Asiatic	198
1925	335_people	people	soqotri	Soqotri	fâḥid	fâħid	f â ħ i d	soqo1240	12.4892	53.9168	Afro-Asiatic	848
2885	335_people	people	phoenician	Phoenician	ˁm	ʕm	ʕ m	phoe1239	34.12	35.65	Afro-Asiatic	1033
2886	1390_peopleclan	people, clan	hebrew	Modern Hebrew	ˁam	ʕam	ʕ a m	hebr1245	31.1056	35.0179	Afro-Asiatic	1033
554	337_peoplemankind	people, mankind	deiralla	Canaanite	ˀnš	ʔnʃ	ʔ n ʃ	cana1267			Afro-Asiatic	198
2887	1391_peoplenation	people, nation	syriac	Classical Syriac	ˁammā	ʕammaː	ʕ a m m aː	clas1252	37.1129	42.1432	Afro-Asiatic	1033
5971	3275_perfume	perfume	syriac	Classical Syriac	besmā	besmaː	b e s m aː	clas1252	37.1129	42.1432	Afro-Asiatic	1885
5965	3270_perfumespices	perfume, spices	phoenician	Phoenician	bšm	bʃm	b ʃ m	phoe1239	34.12	35.65	Afro-Asiatic	1885
5967	3272_perfumedoil	perfumed (oil)	officialaramaic	Middle-Modern Aramaic	bšm	bʃm	b ʃ m	midd1367			Afro-Asiatic	1885
5968	3272_perfumedoil	perfumed (oil)	palmyrean	Palmyrene	bšym	bʃjm	b ʃ j m	palm1242			Afro-Asiatic	1885
4721	2509_period	period	sabaic	Sabaic	bdd	bdd	b d d	saba1279	15.42	45.35	Afro-Asiatic	1311
565	344_personsomeoneoneeachfriendcompanion	person, someone, one, each; friend, companion	qatabanian	Qatabanian	ˀns₁	ʔns₁	ʔ n s ¹	qata1238	14.8	45.733333	Afro-Asiatic	198
3439	1719_personalenemyillwisher	personal enemy, illwisher	sabaic	Sabaic	s₂nˀ	s₂nʔ	s ² n ʔ	saba1279	15.42	45.35	Afro-Asiatic	1160
564	343_personnedesexemasculinmalepersonman	personne de sexe masculin (male person, man)	minaean	Minaean	ˀns₁	ʔns₁	ʔ n s ¹	mina1279	16.166667	44.672778	Afro-Asiatic	198
1142	619_personsmenpeoplemankindhumanbeing	persons, men, people, mankind, human being	geez	Geez	sabˀ	sabʔ	s a b ʔ	geez1241	10.1342	40.6821	Afro-Asiatic	586
1588	816_pharynxneck	pharynx, neck	hebrew	Modern Hebrew	gargərōt	gargəroːt	g a r g ə r oː t	hebr1245	31.1056	35.0179	Afro-Asiatic	712
2680	1282_phlegm	phlegm	geez	Geez	naḫāˀ	naxaːʔ	n a x aː ʔ	geez1241	10.1342	40.6821	Afro-Asiatic	983
2681	1282_phlegm	phlegm	jibbali	Jibbali	nḫɔḫ	nxɔx	n x ɔ x	sheh1240	17.29154	53.99526	Afro-Asiatic	983
4244	2202_piece	piece	ugaritic	Ugaritic	gzr	gzr	g z r	ugar1238	35.6	35.78	Afro-Asiatic	1261
5587	3052_pieceofcloth	piece of cloth	ugaritic	Ugaritic	bt	bt	b t	ugar1238	35.6	35.78	Afro-Asiatic	1764
5756	3151_piecefragment	piece, fragment	mandaic	Classical Mandaic	pruḳa	pruqˤa	p r u qˤ a	clas1253	36.1203	49.5659	Afro-Asiatic	1800
1855	931_piglet	piglet	pcs	Central Semitic	*ḫVnnVṣ-	x-nn-sˤ-	x n n sˤ	cent2236			Afro-Asiatic	825
1856	931_piglet	piglet	ugaritic	Ugaritic	ḫe-en-ni-ṣu	xe-en-ni-sˤu	x e e n n i sˤ u	ugar1238	35.6	35.78	Afro-Asiatic	825
1859	931_piglet	piglet	arabic	Arabic	ḫinnawṣ-	xinnawsˤ-	x i n n a w sˤ	arab1395			Afro-Asiatic	825
3279	1612_pilgrimage	pilgrimage	arabic	Arabic	ḥaǯǯ-	ħagg-	ħ a g g	arab1395			Afro-Asiatic	1134
3489	1752_pillow	pillow	syriac	Classical Syriac	ˀessādā	ʔessaːdaː	ʔ e s s aː d aː	clas1252	37.1129	42.1432	Afro-Asiatic	1167
3492	1754_pillowathinguponwhichonereclinesorrests	pillow; a thing upon which one reclines or rests	arabic	Arabic	wisād-	wisaːd-	w i s aː d	arab1395			Afro-Asiatic	1167
3080	1475_pismamelledugudder	pis, mamelle (dug, udder)	arabic	Arabic	dirrat-	dirrat-	d i r r a t	arab1395			Afro-Asiatic	1094
4196	2168_pitditch	pit, ditch	hebrew	Modern Hebrew	gēb	geːb	g eː b	hebr1245	31.1056	35.0179	Afro-Asiatic	1255
4199	2171_pitditchholecavern	pit, ditch, hole, cavern	geez	Geez	gəbb-	gəbb-	g ə b b	geez1241	10.1342	40.6821	Afro-Asiatic	1255
4195	2167_pitwell	pit, well	pws	West Semitic	*gibb-	gibb-	g i b b	west2786			Afro-Asiatic	1255
3974	2037_placebetweenshoulderbladesandneck	place between shoulderblades and neck	tigre	Tigre	däffät	dæffæt	d æ f f æ t	tigr1270	17.3494	38.2233	Afro-Asiatic	1227
5712	3134_placewheretheheadisconnectedtotheneck	place where the head is connected to the neck	arabic	Arabic	fāˀiq-	faːʔiq-	f aː ʔ i q	arab1395			Afro-Asiatic	1793
989	546_placeaparticulararea	place, a particular area	chaha	Chaha	mädär	mædær	m æ d æ r	chah1248			Afro-Asiatic	517
990	546_placeaparticulararea	place, a particular area	ezha	Ezha	mädär	mædær	m æ d æ r	ezha1238			Afro-Asiatic	517
991	546_placeaparticulararea	place, a particular area	gyeto	Gyeta	mädär	mædær	m æ d æ r	gyet1241			Afro-Asiatic	517
992	546_placeaparticulararea	place, a particular area	muher	Muher	mädär	mædær	m æ d æ r	muhe1234			Afro-Asiatic	517
993	546_placeaparticulararea	place, a particular area	masqan	Mesqan	mädär	mædær	m æ d æ r	mesq1240	8.10617	38.3386	Afro-Asiatic	517
994	546_placeaparticulararea	place, a particular area	gogot	Kistane	mädär	mædær	m æ d æ r	kist1241	8.33561	38.4763	Afro-Asiatic	517
996	546_placeaparticulararea	place, a particular area	soddo	Soddo	mädär	mædær	m æ d æ r	sodd1242			Afro-Asiatic	517
5701	3124_plain	plain	qatabanian	Qatabanian	br	br	b r	qata1238	14.8	45.733333	Afro-Asiatic	1784
4683	2494_plaireaqqnsatisfairetopleasesomeonetosatisfy	plaire à qqn, satisfaire (to please someone, to satisfy)	minaean	Minaean	rṣ̂w	rɬˤw	r ɬˤ w	mina1279	16.166667	44.672778	Afro-Asiatic	1308
920	515_plumtree	plum tree	pws	West Semitic	*ḫāḫ-	xaːx-	x aː x	west2786			Afro-Asiatic	482
922	515_plumtree	plum tree	syriac	Classical Syriac	ḥaḥḥā, ḥōḥā	ħaħħaː	ħ a ħ ħ aː	clas1252	37.1129	42.1432	Afro-Asiatic	482
923	515_plumtree	plum tree	arabic	Arabic	ḫawḫ-	xawx-	x a w x	arab1395			Afro-Asiatic	482
924	515_plumtree	plum tree	geez	Geez	ḫoḫ	xox	x o x	geez1241	10.1342	40.6821	Afro-Asiatic	482
921	516_plumtreepeachtree	plum tree; peach tree	akkadian	Akkadian	ḫaḫḫu	xaxxu	x a x x u	akka1240	33.1	44.1	Afro-Asiatic	482
3960	2025_poitrine	poitrine	soqotri	Soqotri	bérak	bérak	b é r a k	soqo1240	12.4892	53.9168	Afro-Asiatic	1223
5601	3058_pond	pond	pws	West Semitic	*birk-at-	birk-at-	b i r k a t	west2786			Afro-Asiatic	1766
5603	3060_pool	pool	hebrew	Modern Hebrew	bərēkā	bəreːkaː	b ə r eː k aː	hebr1245	31.1056	35.0179	Afro-Asiatic	1766
5609	3060_pool	pool	harari	Harari	birka	birka	b i r k a	hara1271	9.30485	42.1332	Afro-Asiatic	1766
5610	3066_poolcistern	pool, cistern	muher	Muher	bərkēt	bərkeːt	b ə r k eː t	muhe1234			Afro-Asiatic	1766
5602	3059_poolswamp	pool, swamp	ugaritic	Ugaritic	brkt, brky	brkt	b r k t	ugar1238	35.6	35.78	Afro-Asiatic	1766
6481	3596_poor	poor	tigre	Tigre	dəha	dəha	d ə h a	tigr1270	17.3494	38.2233	Afro-Asiatic	2043
6482	3596_poor	poor	tigre	Tigre	dəka	dəka	d ə k a	tigr1270	17.3494	38.2233	Afro-Asiatic	2043
6484	3596_poor	poor	muher	Muher	dəha	dəha	d ə h a	muhe1234			Afro-Asiatic	2043
6485	3596_poor	poor	muher	Muher	dəxa	dəxa	d ə x a	muhe1234			Afro-Asiatic	2043
6486	3596_poor	poor	soddo	Soddo	dəka	dəka	d ə k a	sodd1242			Afro-Asiatic	2043
6483	3597_poorpovertystrickendestitute	poor, povertystricken, destitute	tigrinya	Tigrinya	dəka	dəka	d ə k a	tigr1271	15.3359	38.9266	Afro-Asiatic	2043
890	504_poplar	poplar	hebrew	Modern Hebrew	ˁărābā	ʕăraːbaː	ʕ ă r aː b aː	hebr1245	31.1056	35.0179	Afro-Asiatic	417
892	504_poplar	poplar	arabic	Arabic	γarab-	ɣarab-	ɣ a r a b	arab1395			Afro-Asiatic	417
2770	1332_poppareattacarsialiamamelladellamadretosuckclingtothemothersbreast	poppare, attacarsi alia mamella della madre (to suck, cling to the mother`s breast)	tigrinya	Tigrinya	ṭäbäwä	tˤæbæwæ	tˤ æ b æ w æ	tigr1271	15.3359	38.9266	Afro-Asiatic	998
1326	691_porcupine	porcupine	samaritan	Samaritan	ḳpd	qˤpd	qˤ p d	sama1313	32.0817	35.4487	Afro-Asiatic	636
1332	691_porcupine	porcupine	tigre	Tigre	ḳənfəz	qˤənfəz	qˤ ə n f ə z	tigr1270	17.3494	38.2233	Afro-Asiatic	636
1581	811_portaremettersisullespalletocarryputonshoulders	portare, mettersi sulle spalle (to carry, put on shoulders)	tigrinya	Tigrinya	täsäkkämä	tæsækkæmæ	t æ s æ k k æ m æ	tigr1271	15.3359	38.9266	Afro-Asiatic	710
434	273_porter	porter	ebla	Eblaite	ša-ḫa-lum /ṯaɣɣāRum/	ʃa-xa-lum	ʃ a x a l u m	ebla1238	35.798	36.798	Afro-Asiatic	165
39	24_portico	portico	minaean	Minaean	ḫh	xh	x h	mina1279	16.166667	44.672778	Afro-Asiatic	36
4738	2521_portion	portion	jewishpalestinianaramaic	Jewish Palestinian Aramaic	btr	btr	b t r	pale1261			Afro-Asiatic	1314
3300	1630_pourtoujoursforever	pour toujours (forever)	minaean	Minaean	kḫld	kxld	k x l d	mina1279	16.166667	44.672778	Afro-Asiatic	1136
4310	2251_power	power	hebrew	Modern Hebrew	ḥayil	ħajil	ħ a j i l	hebr1245	31.1056	35.0179	Afro-Asiatic	1270
4313	2254_powermight	power, might	sabaic	Sabaic	ḫyl	xjl	x j l	saba1279	15.42	45.35	Afro-Asiatic	1270
4315	2256_powerstrength	power, strength	geez	Geez	ḫayl	xajl	x a j l	geez1241	10.1342	40.6821	Afro-Asiatic	1270
5772	3161_prendreuneboucheetotakeabite	prendre une bouchée (to take a bite)	geez	Geez	(tä)famä	famæ	f a m æ	geez1241	10.1342	40.6821	Afro-Asiatic	1804
5721	3137_prescriptionrule	prescription, rule	hebrew	Modern Hebrew	ḥōḳ	ħoːqˤ	ħ oː qˤ	hebr1245	31.1056	35.0179	Afro-Asiatic	1795
5722	3137_prescriptionrule	prescription, rule	arabic	Arabic	ḥaqq-	ħaqq-	ħ a q q	arab1395			Afro-Asiatic	1795
5112	2748_presentgift	present, gift	ugaritic	Ugaritic	ˀušn	ʔuʃn	ʔ u ʃ n	ugar1238	35.6	35.78	Afro-Asiatic	1384
4876	2578_presseruneplaiedemanierequelepusensortelesangsedessecheetformeunecroutetosqueezeawoundsothatthepuscomesouttheblooddriesupandformsascab	presser une plaie de manière que le pus en sorte, le sang se dessèche et forme une croûte (to squeeze a wound so that the pus comes out, the blood dries up and forms a scab)	arabic	Arabic	zˀm	zʔm	z ʔ m	arab1395			Afro-Asiatic	1342
3647	1864_priest	priest	ugaritic	Ugaritic	khn	khn	k h n	ugar1238	35.6	35.78	Afro-Asiatic	1184
3648	1864_priest	priest	hebrew	Modern Hebrew	kōhēn	koːheːn	k oː h eː n	hebr1245	31.1056	35.0179	Afro-Asiatic	1184
3649	1864_priest	priest	syriac	Classical Syriac	kāhnā	kaːhnaː	k aː h n aː	clas1252	37.1129	42.1432	Afro-Asiatic	1184
3651	1866_priestclergyman	priest, clergyman	geez	Geez	kāhən	kaːhən	k aː h ə n	geez1241	10.1342	40.6821	Afro-Asiatic	1184
3646	1863_priestwizard	priest, wizard	pcs	Central Semitic	*kāhin-	kaːhin-	k aː h i n	cent2236			Afro-Asiatic	1184
3577	1810_prison	prison	geez	Geez	ḥabs	ħabs	ħ a b s	geez1241	10.1342	40.6821	Afro-Asiatic	1176
5658	3088_proboscisofelephant	proboscis (of elephant)	syriac	Classical Syriac	ḥarṭūmā	ħartˤuːmaː	ħ a r tˤ uː m aː	clas1252	37.1129	42.1432	Afro-Asiatic	1775
3277	1611_processionrounddancefestival	procession, round dance, festival	hebrew	Modern Hebrew	ḥag	ħag	ħ a g	hebr1245	31.1056	35.0179	Afro-Asiatic	1134
4991	2660_proclamertoproclaim	proclamer (to proclaim)	minaean	Minaean	ṣˁḳ	sˤʕqˤ	sˤ ʕ qˤ	mina1279	16.166667	44.672778	Afro-Asiatic	1357
4294	2239_proclamersacretoproclaimsacred	proclamer sacré (to proclaim sacred)	minaean	Minaean	ḥrm	ħrm	ħ r m	mina1279	16.166667	44.672778	Afro-Asiatic	1267
3290	1620_profane	profane	syriac	Classical Syriac	ḥullā	ħullaː	ħ u l l aː	clas1252	37.1129	42.1432	Afro-Asiatic	1135
5199	2819_promulgernotifierproclamerpromulgatenotifyproclaim	promulger, notifier, proclamer (promulgate, notify, proclaim)	minaean	Minaean	ngw	ngw	n g w	mina1279	16.166667	44.672778	Afro-Asiatic	1413
3001	1432_property	property	sabaic	Sabaic	mlk	mlk	m l k	saba1279	15.42	45.35	Afro-Asiatic	1073
4420	1432_property	property	qatabanian	Qatabanian	mlk	mlk	m l k	qata1238	14.8	45.733333	Afro-Asiatic	1283
5209	2827_propertyhandedover	property handed over	akkadian	Akkadian	niḫlatu	nixlatu	n i x l a t u	akka1240	33.1	44.1	Afro-Asiatic	1415
5210	2828_propertyinheritance	property, inheritance	ugaritic	Ugaritic	nḥlt	nħlt	n ħ l t	ugar1238	35.6	35.78	Afro-Asiatic	1415
3003	1434_proprietebiensdomainepropertyestatedomain	propriété, biens; domaine (property, estate, domain)	minaean	Minaean	mlk	mlk	m l k	mina1279	16.166667	44.672778	Afro-Asiatic	1073
3064	1462_prosperity	prosperity	mandaic	Classical Mandaic	duhna	duhna	d u h n a	clas1253	36.1203	49.5659	Afro-Asiatic	1091
392	261_prosperitesuccessoulpersonself	prospérité, succès (soul, person, self)	minaean	Minaean	nˁm	nʕm	n ʕ m	mina1279	16.166667	44.672778	Afro-Asiatic	151
3893	1987_prostitute	prostitute	palmyrean	Palmyrene	znytˀ	znjtʔ	z n j t ʔ	palm1242			Afro-Asiatic	1213
5737	1987_prostitute	prostitute	tigre	Tigre	faytät	fajtæt	f a j t æ t	tigr1270	17.3494	38.2233	Afro-Asiatic	1797
2514	1157_prostituteharlot	prostitute, harlot	amharic	Amharic	zämma	zæmma	z æ m m a	amha1245	11.708182	39.543456	Afro-Asiatic	941
4237	2197_protectedcitizenstranger	protected citizen, stranger	hebrew	Modern Hebrew	gēr	geːr	g eː r	hebr1245	31.1056	35.0179	Afro-Asiatic	1260
4921	2610_protectedpersonsclientsofaclan	protected persons, clients of a clan	sabaic	Sabaic	wlyt	wljt	w l j t	saba1279	15.42	45.35	Afro-Asiatic	1348
4236	2196_protectedguestforeigner	protected, guest, foreigner	ugaritic	Ugaritic	gr	gr	g r	ugar1238	35.6	35.78	Afro-Asiatic	1260
1661	851_protection	protection	akkadian	Akkadian	ḫiṣnu	xisˤnu	x i sˤ n u	akka1240	33.1	44.1	Afro-Asiatic	727
3529	1783_protegedependent	protegé, dependent	qatabanian	Qatabanian	ḏ-ˁḏr	ð-ʕðr	ð ʕ ð r	qata1238	14.8	45.733333	Afro-Asiatic	1171
475	290_protegertoprotect	protéger (to protect)	minaean	Minaean	ˀmn	ʔmn	ʔ m n	mina1279	16.166667	44.672778	Afro-Asiatic	187
2174	1027_preleverlesimpotstocollecttaxes	prélever les impôts (to collect taxes)	minaean	Minaean	ngs₂	ngs₂	n g s ²	mina1279	16.166667	44.672778	Afro-Asiatic	895
1840	926_pupiloftheeye	pupil (of the eye)	jewishpalestinianaramaic	Jewish Palestinian Aramaic	bbh	bbh	b b h	pale1261			Afro-Asiatic	816
1838	924_pupiloftheeye	pupil of the eye	pcs	Central Semitic	*bV(ˀ)b(Vˀ)-	b-b-	b b	cent2236			Afro-Asiatic	816
1842	924_pupiloftheeye	pupil of the eye	arabic	Arabic	buˀbuˀ-	buʔbuʔ-	b u ʔ b u ʔ	arab1395			Afro-Asiatic	816
1841	927_pupileye	pupil; eye	syriac	Classical Syriac	bābtā	baːbtaː	b aː b t aː	clas1252	37.1129	42.1432	Afro-Asiatic	816
5048	2705_pure	pure	phoenician	Phoenician	ṭhr	tˤhr	tˤ h r	phoe1239	34.12	35.65	Afro-Asiatic	1368
5047	2704_puresparkling	pure, sparkling	ugaritic	Ugaritic	ṭhr	tˤhr	tˤ h r	ugar1238	35.6	35.78	Afro-Asiatic	1368
1515	767_pus	pus	pws	West Semitic	*mugl-	mugl-	m u g l	west2786			Afro-Asiatic	690
1516	767_pus	pus	jewishbabylonianaramaic	Jewish Babylonian Aramaic (ca. 200-1200 CE)	muglā	muglaː	m u g l aː	jewi1240	32.273	44.245	Afro-Asiatic	690
1517	767_pus	pus	syriac	Classical Syriac	muglā	muglaː	m u g l aː	clas1252	37.1129	42.1432	Afro-Asiatic	690
1518	767_pus	pus	arabic	Arabic	maǯl-	magl-	m a g l	arab1395			Afro-Asiatic	690
1519	767_pus	pus	geez	Geez	məgl	məgl	m ə g l	geez1241	10.1342	40.6821	Afro-Asiatic	690
1520	767_pus	pus	tigre	Tigre	mägəl	mægəl	m æ g ə l	tigr1270	17.3494	38.2233	Afro-Asiatic	690
1521	767_pus	pus	tigrinya	Tigrinya	mägli	mægli	m æ g l i	tigr1271	15.3359	38.9266	Afro-Asiatic	690
1522	767_pus	pus	amharic	Amharic	mägəl	mægəl	m æ g ə l	amha1245	11.708182	39.543456	Afro-Asiatic	690
1523	767_pus	pus	argobba	Argobba	məgəl	məgəl	m ə g ə l	argo1244	10.6596	39.756	Afro-Asiatic	690
4722	2510_periodeperiod	période (period)	minaean	Minaean	bdd	bdd	b d d	mina1279	16.166667	44.672778	Afro-Asiatic	1311
2708	1299_peteretfairecacafartandpoo	péter et faire caca (fart and poo)	arabic	Arabic	ḍfˁ-	dˤfʕ-	dˤ f ʕ	arab1395			Afro-Asiatic	989
2518	1161_quifaitledegoutedificileacontenterdanslanourritureonewhoisdisguisteddifficulttosatisfyinfood	qui fait le dégoûté, dificile à contenter dans la nourriture (one who is disguisted, difficult to satisfy in food)	arabic	Arabic	ǯaˁaḏ̣	gaʕaðˤ	g a ʕ a ðˤ	arab1395			Afro-Asiatic	943
4735	2519_quietleisuryindifferentquietmutemostserene	quiet; leisury, indifferent; quiet, mute; most serene	syriac	Classical Syriac	bhīlā	bhiːlaː	b h iː l aː	clas1252	37.1129	42.1432	Afro-Asiatic	1313
6252	3447_rag	rag	jewishbabylonianaramaic	Jewish Babylonian Aramaic (ca. 200-1200 CE)	bəlītā	bəliːtaː	b ə l iː t aː	jewi1240	32.273	44.245	Afro-Asiatic	1967
6253	3447_rag	rag	syriac	Classical Syriac	blāyā	blaːjaː	b l aː j aː	clas1252	37.1129	42.1432	Afro-Asiatic	1967
5592	3057_ragtorncloth	rag, torn cloth	selti	Silt'e	bututto	bututto	b u t u t t o	silt1240	7.77004	38.1449	Afro-Asiatic	1764
5593	3057_ragtorncloth	rag, torn cloth	zway	Zay	bututtu	bututtu	b u t u t t u	zayy1238	8.01148	38.8258	Afro-Asiatic	1764
5594	3057_ragtorncloth	rag, torn cloth	ezha	Ezha	buttəto	buttəto	b u t t ə t o	ezha1238			Afro-Asiatic	1764
5595	3057_ragtorncloth	rag, torn cloth	endegen	Endegegny	buttəto	buttəto	b u t t ə t o	eneg1238			Afro-Asiatic	1764
5596	3057_ragtorncloth	rag, torn cloth	muher	Muher	buttəto	buttəto	b u t t ə t o	muhe1234			Afro-Asiatic	1764
5597	3057_ragtorncloth	rag, torn cloth	masqan	Mesqan	buttəto	buttəto	b u t t ə t o	mesq1240	8.10617	38.3386	Afro-Asiatic	1764
5598	3057_ragtorncloth	rag, torn cloth	gogot	Kistane	buttəto	buttəto	b u t t ə t o	kist1241	8.33561	38.4763	Afro-Asiatic	1764
5599	3057_ragtorncloth	rag, torn cloth	gogot	Kistane	bututtu	bututtu	b u t u t t u	kist1241	8.33561	38.4763	Afro-Asiatic	1764
5600	3057_ragtorncloth	rag, torn cloth	soddo	Soddo	bututtu	bututtu	b u t u t t u	sodd1242			Afro-Asiatic	1764
5590	3055_ragstatteredclothes	rags, tattered clothes	amharic	Amharic	buttəto	buttəto	b u t t ə t o	amha1245	11.708182	39.543456	Afro-Asiatic	1764
235	152_rain	rain	pcs	Central Semitic	*maṭar-	matˤar-	m a tˤ a r	cent2236			Afro-Asiatic	115
236	152_rain	rain	ugaritic	Ugaritic	mṭr	mtˤr	m tˤ r	ugar1238	35.6	35.78	Afro-Asiatic	115
237	152_rain	rain	hebrew	Modern Hebrew	māṭār	maːtˤaːr	m aː tˤ aː r	hebr1245	31.1056	35.0179	Afro-Asiatic	115
238	152_rain	rain	jewishbabylonianaramaic	Jewish Babylonian Aramaic (ca. 200-1200 CE)	miṭrā	mitˤraː	m i tˤ r aː	jewi1240	32.273	44.245	Afro-Asiatic	115
239	152_rain	rain	syriac	Classical Syriac	meṭrā	metˤraː	m e tˤ r aː	clas1252	37.1129	42.1432	Afro-Asiatic	115
240	152_rain	rain	mandaic	Classical Mandaic	miṭra	mitˤra	m i tˤ r a	clas1253	36.1203	49.5659	Afro-Asiatic	115
242	152_rain	rain	arabic	Arabic	maṭar-	matˤar-	m a tˤ a r	arab1395			Afro-Asiatic	115
5450	152_rain	rain	pes	East Semitic	*zVnām	z-naːm	z n aː m	east2678			Afro-Asiatic	1596
5451	152_rain	rain	geez	Geez	zənām	zənaːm	z ə n aː m	geez1241	10.1342	40.6821	Afro-Asiatic	1596
5452	152_rain	rain	geez	Geez	zanma, zənām	zanma	z a n m a	geez1241	10.1342	40.6821	Afro-Asiatic	1596
5453	152_rain	rain	tigre	Tigre	zəlam	zəlam	z ə l a m	tigr1270	17.3494	38.2233	Afro-Asiatic	1596
5454	152_rain	rain	tigrinya	Tigrinya	zənam, zənab	zənam	z ə n a m	tigr1271	15.3359	38.9266	Afro-Asiatic	1596
5455	152_rain	rain	amharic	Amharic	zənab	zənab	z ə n a b	amha1245	11.708182	39.543456	Afro-Asiatic	1596
5456	152_rain	rain	harari	Harari	zənāb	zənaːb	z ə n aː b	hara1271	9.30485	42.1332	Afro-Asiatic	1596
5457	152_rain	rain	soddo	Soddo	zənab	zənab	z ə n a b	sodd1242			Afro-Asiatic	1596
243	154_rainwateredfield	rainwatered field	sabaic	Sabaic	mṭr	mtˤr	m tˤ r	saba1279	15.42	45.35	Afro-Asiatic	115
244	154_rainwateredfield	rainwatered field	minaean	Minaean	mṭr	mtˤr	m tˤ r	mina1279	16.166667	44.672778	Afro-Asiatic	115
1213	644_ramsheep	ram, sheep	ugaritic	Ugaritic	š	ʃ	ʃ	ugar1238	35.6	35.78	Afro-Asiatic	597
636	390_rancormalevolencemalicedesireforretaliationofacrime	rancor, malevolence, malice; desire for retaliation of a crime	arabic	Arabic	ḏaḥl-	ðaħl-	ð a ħ l	arab1395			Afro-Asiatic	275
4854	2562_raserlatetelescheveauxdelateteshavedheadhairofthehead	raser la tête, les cheveaux de la tête (shaved head, hair of the head)	arabic	Arabic	brṣ	brsˤ	b r sˤ	arab1395			Afro-Asiatic	1337
3170	1542_rawcrude	raw, crude	geez	Geez	ṭərāy	tˤəraːj	tˤ ə r aː j	geez1241	10.1342	40.6821	Afro-Asiatic	1113
4512	2393_rawuncooked	raw, uncooked	mehri	Mehri	nēˀ	neːʔ	n eː ʔ	mehr1241	16.793	52.473	Afro-Asiatic	1291
4509	2390_rawunderdonemeat	raw, underdone (meat)	hebrew	Modern Hebrew	nāˀ/nā	naːʔ	n aː ʔ	hebr1245	31.1056	35.0179	Afro-Asiatic	1291
5606	3063_receptacledeauciternewaterreceptaclecistern	receptacle d’eau, citerne (water receptacle, cistern)	minaean	Minaean	mbrk	mbrk	m b r k	mina1279	16.166667	44.672778	Afro-Asiatic	1766
1128	613_red	red	pes	East Semitic	*ḳyḥ	qˤjħ	qˤ j ħ	east2678			Afro-Asiatic	582
1129	613_red	red	geez	Geez	ḳayyəḥ	qˤajjəħ	qˤ a j j ə ħ	geez1241	10.1342	40.6821	Afro-Asiatic	582
1130	613_red	red	tigre	Tigre	ḳäyəḥ	qˤæjəħ	qˤ æ j ə ħ	tigr1270	17.3494	38.2233	Afro-Asiatic	582
1131	613_red	red	tigrinya	Tigrinya	ḳäyyəḥ	qˤæjjəħ	qˤ æ j j ə ħ	tigr1271	15.3359	38.9266	Afro-Asiatic	582
1133	613_red	red	amharic	Amharic	ḳäyy	qˤæjj	qˤ æ j j	amha1245	11.708182	39.543456	Afro-Asiatic	582
1134	613_red	red	harari	Harari	ḳēḥ	qˤeːħ	qˤ eː ħ	hara1271	9.30485	42.1332	Afro-Asiatic	582
1135	613_red	red	gafat	Gafat	ḳäyä	qˤæjæ	qˤ æ j æ	gafa1240	11.5764	39.5605	Afro-Asiatic	582
1115	603_redtingedwithblack	red tinged with black	arabic	Arabic	aṣhab-	asˤhab-	a sˤ h a b	arab1395			Afro-Asiatic	577
5417	2940_reddishgray	reddishgray	hebrew	Modern Hebrew	ṣāḥōr	sˤaːħoːr	sˤ aː ħ oː r	hebr1245	31.1056	35.0179	Afro-Asiatic	1582
5126	2762_refugehabitation	refuge; habitation	hebrew	Modern Hebrew	māˁōn	maːʕoːn	m aː ʕ oː n	hebr1245	31.1056	35.0179	Afro-Asiatic	1393
2891	1395_relativebymarriagesoninlawbrotherinlawbridegroom	relative by marriage (soninlaw, brotherinlaw, bridegroom)	akkadian	Akkadian	ḫatanu	xatanu	x a t a n u	akka1240	33.1	44.1	Afro-Asiatic	1035
2884	1389_relativesclanpeople	relatives, clan, people	pcs	Central Semitic	*ˁamm-	ʕamm-	ʕ a m m	cent2236			Afro-Asiatic	1033
3386	1682_remainingrest	remaining, rest	syriac	Classical Syriac	šyārā	ʃjaːraː	ʃ j aː r aː	clas1252	37.1129	42.1432	Afro-Asiatic	1154
2664	1274_rendrevomircracherquelquechosetothrowupspitsomething	rendre, vomir, cracher quelque chose (to throw up, spit something)	arabic	Arabic	ryq	rjq	r j q	arab1395			Afro-Asiatic	982
4674	2485_reparatorrestitutormedicusrepairerrestorerdoctor	reparator, restitutor (medicus) (repairer, restorer, doctor)	geez	Geez	rafāˀi	rafaːʔi	r a f aː ʔ i	geez1241	10.1342	40.6821	Afro-Asiatic	1306
4314	2255_resourcesmeansaid	resources, means, aid	qatabanian	Qatabanian	ˀ-ḫyl	ʔ-xjl	ʔ x j l	qata1238	14.8	45.733333	Afro-Asiatic	1270
3388	1683_restremainderother	rest, remainder; other	sabaic	Sabaic	s₁ˀr	s₁ʔr	s ¹ ʔ r	saba1279	15.42	45.35	Afro-Asiatic	1154
3389	1684_resteencoreautrerestremainingother	reste; encore; autre (rest, remaining, other)	minaean	Minaean	s₁ˀr	s₁ʔr	s ¹ ʔ r	mina1279	16.166667	44.672778	Afro-Asiatic	1154
5200	2820_resultoutcome	result, outcome	qatabanian	Qatabanian	mngw	mngw	m n g w	qata1238	14.8	45.733333	Afro-Asiatic	1413
4091	2107_retournertoreturn	retourner (to return)	minaean	Minaean	ˁwd	ʕwd	ʕ w d	mina1279	16.166667	44.672778	Afro-Asiatic	1245
3727	1918_revenge	revenge	akkadian	Akkadian	niḳmum	niqˤmum	n i qˤ m u m	akka1240	33.1	44.1	Afro-Asiatic	1195
6104	3357_rewardfortrouble	reward for trouble	tigre	Tigre	ṣama	sˤama	sˤ a m a	tigr1270	17.3494	38.2233	Afro-Asiatic	1932
3112	1493_ribsofthebreast	ribs of the breast	arabic	Arabic	ǯāniḥat-	gaːniħat-	g aː n i ħ a t	arab1395			Afro-Asiatic	1098
1286	672_rider	rider	jewishpalestinianaramaic	Jewish Palestinian Aramaic	prš	prʃ	p r ʃ	pale1261			Afro-Asiatic	613
3836	1976_rideretolaugh	ridere (to laugh)	tigrinya	Tigrinya	säḥaḳä	sæħaqˤæ	s æ ħ a qˤ æ	tigr1271	15.3359	38.9266	Afro-Asiatic	1210
5502	2998_ringdove	ringdove	syriac	Classical Syriac	ṣuṣlā	sˤusˤlaː	sˤ u sˤ l aː	clas1252	37.1129	42.1432	Afro-Asiatic	1697
5134	2767_rocreatetoshape	ro create, to shape	pcs	Central Semitic	*brˀ/*bry	brʔ	b r ʔ	cent2236			Afro-Asiatic	1394
570	348_rock	rock	hebrew	Modern Hebrew	ṣūr	sˤuːr	sˤ uː r	hebr1245	31.1056	35.0179	Afro-Asiatic	205
1342	697_rockbadgerhyraxdassie	rock badger, hyrax, dassie	hebrew	Modern Hebrew	šāpān	ʃaːpaːn	ʃ aː p aː n	hebr1245	31.1056	35.0179	Afro-Asiatic	638
1341	696_rockhyrax	rock hyrax	pws	West Semitic	*ṯapan-	θapan-	θ a p a n	west2786			Afro-Asiatic	638
1343	696_rockhyrax	rock hyrax	mehri	Mehri	ṯōfən	θoːfən	θ oː f ə n	mehr1241	16.793	52.473	Afro-Asiatic	638
1344	696_rockhyrax	rock hyrax	jibbali	Jibbali	ṯɔ́fun	θɔ́fun	θ ɔ́ f u n	sheh1240	17.29154	53.99526	Afro-Asiatic	638
3502	1763_roebuck	roebuck	hebrew	Modern Hebrew	yaḥmūr	jaħmuːr	j a ħ m uː r	hebr1245	31.1056	35.0179	Afro-Asiatic	1169
3002	1433_roiking	roi (king)	minaean	Minaean	mlk	mlk	m l k	mina1279	16.166667	44.672778	Afro-Asiatic	1073
4259	2214_roomchamber	room, chamber	ugaritic	Ugaritic	ḥdr	ħdr	ħ d r	ugar1238	35.6	35.78	Afro-Asiatic	1264
155	107_rootarterysinewnerve	root; artery, sinew, nerve	mehri	Mehri	ˀarḳ	ʔarqˤ	ʔ a r qˤ	mehr1241	16.793	52.473	Afro-Asiatic	102
1527	771_ropebowstringcordbeam	rope; bowstring; cord; beam	syriac	Classical Syriac	yatrā	jatraː	j a t r aː	clas1252	37.1129	42.1432	Afro-Asiatic	694
2732	1316_rotfilthdecaystenchexcrement	rot, filth, decay, stench, excrement	geez	Geez	ṣiˀat	sˤiʔat	sˤ i ʔ a t	geez1241	10.1342	40.6821	Afro-Asiatic	991
310	196_round	round	hebrew	Modern Hebrew	ˁāgōl	ʕaːgoːl	ʕ aː g oː l	hebr1245	31.1056	35.0179	Afro-Asiatic	129
317	196_round	round	tigre	Tigre	ˁəggul	ʕəggul	ʕ ə g g u l	tigr1270	17.3494	38.2233	Afro-Asiatic	129
322	196_round	round	jibbali	Jibbali	gaˁalól	gaʕalól	g a ʕ a l ó l	sheh1240	17.29154	53.99526	Afro-Asiatic	129
1978	196_round	round	geez	Geez	kəbub	kəbub	k ə b u b	geez1241	10.1342	40.6821	Afro-Asiatic	862
1979	196_round	round	tigre	Tigre	kəbub	kəbub	k ə b u b	tigr1270	17.3494	38.2233	Afro-Asiatic	862
1980	196_round	round	tigrinya	Tigrinya	käbbib	kæbbib	k æ b b i b	tigr1271	15.3359	38.9266	Afro-Asiatic	862
1981	196_round	round	amharic	Amharic	kəbb	kəbb	k ə b b	amha1245	11.708182	39.543456	Afro-Asiatic	862
1982	196_round	round	soddo	Soddo	kəbb	kəbb	k ə b b	sodd1242			Afro-Asiatic	862
4812	2546_roundpieceofskinorleatherinwhichfoodisputfaucialbagofthecamel	round piece of skin or leather in which food is put; faucial bag of the camel	arabic	Arabic	ṣafn-	sˤafn-	sˤ a f n	arab1395			Afro-Asiatic	1324
2719	1306_rubbishheaporduredung	rubbishheap, ordure, dung	mandaic	Classical Mandaic	gala	gala	g a l a	clas1253	36.1203	49.5659	Afro-Asiatic	990
859	493_rumpbuttocks	rump, buttocks	pws	West Semitic	*ˁagb-	ʕagb-	ʕ a g b	west2786			Afro-Asiatic	393
860	493_rumpbuttocks	rump, buttocks	hebrew	Modern Hebrew	ˁăgābā	ʕăgaːbaː	ʕ ă g aː b aː	hebr1245	31.1056	35.0179	Afro-Asiatic	393
863	493_rumpbuttocks	rump, buttocks	soqotri	Soqotri	maˁgéboʰ	maʕgéboʰ	m a ʕ g é b oʰ	soqo1240	12.4892	53.9168	Afro-Asiatic	393
3475	1742_reparationrecompenserepairreward	réparation, récompense (repair, reward)	minaean	Minaean	ṯwb	θwb	θ w b	mina1279	16.166667	44.672778	Afro-Asiatic	1165
861	494_sacrumbone	sacrum bone	arabic	Arabic	ˁaǯb-	ʕagb-	ʕ a g b	arab1395			Afro-Asiatic	393
4672	2483_safeguard	safeguard	sabaic	Sabaic	rfˀ	rfʔ	r f ʔ	saba1279	15.42	45.35	Afro-Asiatic	1306
2648	1266_saliva	saliva	pcs	Central Semitic	*rīr-, *rayr-	riːr-	r iː r	cent2236			Afro-Asiatic	979
2663	1266_saliva	saliva	arabic	Arabic	rīq-/rīqat-	riːq-	r iː q	arab1395			Afro-Asiatic	982
2666	1266_saliva	saliva	geez	Geez	mərāḳ	məraːqˤ	m ə r aː qˤ	geez1241	10.1342	40.6821	Afro-Asiatic	982
2671	1266_saliva	saliva	argobba	Argobba	murač̣	murač̣	m u r a č̣	argo1244	10.6596	39.756	Afro-Asiatic	982
2669	1275_salivasaliva	saliva (saliva)	tigrinya	Tigrinya	mərraḳ	mərraqˤ	m ə r r a qˤ	tigr1271	15.3359	38.9266	Afro-Asiatic	982
2653	1271_salivaofachild	saliva of a child	arabic	Arabic	rayr-, rīr-	rajr-	r a j r	arab1395			Afro-Asiatic	979
2650	1268_salivaliquidsecretion	saliva, liquid secretion	jewishbabylonianaramaic	Jewish Babylonian Aramaic (ca. 200-1200 CE)	rīrā	riːraː	r iː r aː	jewi1240	32.273	44.245	Afro-Asiatic	979
2651	1269_salivaspittle	saliva, spittle	syriac	Classical Syriac	rīrā	riːraː	r iː r aː	clas1252	37.1129	42.1432	Afro-Asiatic	979
2670	1276_salivaspittlespit	saliva, spittle, spit	amharic	Amharic	məraḳ	məraqˤ	m ə r a qˤ	amha1245	11.708182	39.543456	Afro-Asiatic	982
2920	1412_salt	salt	pws	West Semitic	*milḥ-	milħ-	m i l ħ	west2786			Afro-Asiatic	1051
2924	1412_salt	salt	ugaritic	Ugaritic	mlḥt	mlħt	m l ħ t	ugar1238	35.6	35.78	Afro-Asiatic	1051
2925	1412_salt	salt	hebrew	Modern Hebrew	mälaḥ	mælaħ	m æ l a ħ	hebr1245	31.1056	35.0179	Afro-Asiatic	1051
2926	1412_salt	salt	jewishbabylonianaramaic	Jewish Babylonian Aramaic (ca. 200-1200 CE)	milḥā	milħaː	m i l ħ aː	jewi1240	32.273	44.245	Afro-Asiatic	1051
2927	1412_salt	salt	syriac	Classical Syriac	melḥā	melħaː	m e l ħ aː	clas1252	37.1129	42.1432	Afro-Asiatic	1051
2928	1412_salt	salt	mandaic	Classical Mandaic	mihla	mihla	m i h l a	clas1253	36.1203	49.5659	Afro-Asiatic	1051
2930	1412_salt	salt	arabic	Arabic	milḥ-	milħ-	m i l ħ	arab1395			Afro-Asiatic	1051
2931	1412_salt	salt	sabaic	Sabaic	mlḥ	mlħ	m l ħ	saba1279	15.42	45.35	Afro-Asiatic	1051
2933	1412_salt	salt	mehri	Mehri	məlḥāt	məlħaːt	m ə l ħ aː t	mehr1241	16.793	52.473	Afro-Asiatic	1051
2934	1412_salt	salt	jibbali	Jibbali	míẑḥɔ́t	míɬ̬ˤħɔ́t	m í ɬ̬ˤ ħ ɔ́ t	sheh1240	17.29154	53.99526	Afro-Asiatic	1051
2935	1412_salt	salt	pes	East Semitic	*ṣ̂ew	ɬˤew	ɬˤ e w	east2678			Afro-Asiatic	1052
2923	1415_salted	salted	ugaritic	Ugaritic	mlḥ	mlħ	m l ħ	ugar1238	35.6	35.78	Afro-Asiatic	1051
2922	1414_saltpetre	saltpetre	akkadian	Akkadian	milˀu	milʔu	m i l ʔ u	akka1240	33.1	44.1	Afro-Asiatic	1051
295	182_sand	sand	hebrew	Modern Hebrew	ḥōl	ħoːl	ħ oː l	hebr1245	31.1056	35.0179	Afro-Asiatic	127
296	182_sand	sand	syriac	Classical Syriac	ḥālā	ħaːlaː	ħ aː l aː	clas1252	37.1129	42.1432	Afro-Asiatic	127
294	181_sand	sand (?)	pcs	Central Semitic	*ḥāl-	ħaːl-	ħ aː l	cent2236			Afro-Asiatic	127
1005	553_sandgravel	sand, gravel	geez	Geez	ḫoṣā	xosˤaː	x o sˤ aː	geez1241	10.1342	40.6821	Afro-Asiatic	519
3708	1905_sandal	sandal	hebrew	Modern Hebrew	naˁal	naʕal	n a ʕ a l	hebr1245	31.1056	35.0179	Afro-Asiatic	1192
3709	1905_sandal	sandal	syriac	Classical Syriac	naˁlā	naʕlaː	n a ʕ l aː	clas1252	37.1129	42.1432	Afro-Asiatic	1192
3710	1905_sandal	sandal	arabic	Arabic	naˁl-	naʕl-	n a ʕ l	arab1395			Afro-Asiatic	1192
3711	1906_sandals	sandals	mehri	Mehri	nəˀāl	nəʔaːl	n ə ʔ aː l	mehr1241	16.793	52.473	Afro-Asiatic	1192
182	127_sandpiper	sandpiper	harsusi	Harsusi	ṣ̌eferot	sˤ̌eferot	sˤ̌ e f e r o t	hars1241	19.6511	56.1562	Afro-Asiatic	106
3238	1586_sanglotertosob	sangloter (to sob)	arabic	Arabic	fˀq	fʔq	f ʔ q	arab1395			Afro-Asiatic	1124
1662	852_sash	sash	akkadian	Akkadian	ḫuṣannu	xusˤannu	x u sˤ a n n u	akka1240	33.1	44.1	Afro-Asiatic	727
2775	1334_saugentobesuckledaboutababy	saugen (to be suckled, about a baby)	argobba	Argobba	ṭɛwwɛḥ	tˤɛwwɛħ	tˤ ɛ w w ɛ ħ	argo1244	10.6596	39.756	Afro-Asiatic	998
1561	796_scabhide	scab, hide	jewishbabylonianaramaic	Jewish Babylonian Aramaic (ca. 200-1200 CE)	gildā	gildaː	g i l d aː	jewi1240	32.273	44.245	Afro-Asiatic	704
95	69_scabscalepeelhullshellhuskbark	scab, scale, peel, hull, shell, husk, bark	tigrinya	Tigrinya	ḳərəfti	qˤərəfti	qˤ ə r ə f t i	tigr1271	15.3359	38.9266	Afro-Asiatic	80
4853	2561_scabies	scabies	syriac	Classical Syriac	brṣwtˀ	brsˤwtʔ	b r sˤ w t ʔ	clas1252	37.1129	42.1432	Afro-Asiatic	1337
4852	2560_scabiestetterringworm	scabies, tetter, ringworm	pws	West Semitic	*baraṣ-	barasˤ-	b a r a sˤ	west2786			Afro-Asiatic	1337
4596	2443_schickentosend	schicken (to send)	sabaic	Sabaic	lˀk	lʔk	l ʔ k	saba1279	15.42	45.35	Afro-Asiatic	1299
4600	2443_schickentosend	schicken (to send)	argobba	Argobba	lɛˀx-	lɛʔx-	l ɛ ʔ x	argo1244	10.6596	39.756	Afro-Asiatic	1299
2616	1239_schmerzentofeelpain	schmerzen (to feel pain)	mlahso	Mlahsô	kyv	kjv	k j v	mlah1239	37.0311	41.2209	Afro-Asiatic	963
4673	2484_schutzentoprotect	schützen (to protect)	sabaic	Sabaic	rfˀ	rfʔ	r f ʔ	saba1279	15.42	45.35	Afro-Asiatic	1306
1538	781_sciaticnerve	sciatic nerve	jewishpalestinianaramaic	Jewish Palestinian Aramaic	gydh dnšyyh	gjdh	g j d h	pale1261			Afro-Asiatic	695
1539	781_sciaticnerve	sciatic nerve	jewishbabylonianaramaic	Jewish Babylonian Aramaic (ca. 200-1200 CE)	našyā	naʃjaː	n a ʃ j aː	jewi1240	32.273	44.245	Afro-Asiatic	695
1537	780_sciaticnervethecentralnerveofthehipregion	sciatic nerve (the central nerve of the hip region)	hebrew	Modern Hebrew	nāšǟ	naːʃæː	n aː ʃ æː	hebr1245	31.1056	35.0179	Afro-Asiatic	695
1535	778_sciatictendon	sciatic tendon	pws	West Semitic	*našay-	naʃaj-	n a ʃ a j	west2786			Afro-Asiatic	695
1541	778_sciatictendon	sciatic tendon	arabic	Arabic	nasāⁿ	nasaː	n a s aː	arab1395			Afro-Asiatic	695
937	522_scorpion	scorpion	pws	West Semitic	*ˁaḳrab-	ʕaqˤrab-	ʕ a qˤ r a b	west2786			Afro-Asiatic	505
938	522_scorpion	scorpion	akkadian	Akkadian	aḳrabu	aqˤrabu	a qˤ r a b u	akka1240	33.1	44.1	Afro-Asiatic	505
939	522_scorpion	scorpion	ugaritic	Ugaritic	ˁḳrb	ʕqˤrb	ʕ qˤ r b	ugar1238	35.6	35.78	Afro-Asiatic	505
940	522_scorpion	scorpion	hebrew	Modern Hebrew	ˁaḳrāb	ʕaqˤraːb	ʕ a qˤ r aː b	hebr1245	31.1056	35.0179	Afro-Asiatic	505
941	522_scorpion	scorpion	oldaramaic	Old Aramaic (up to 700 BCE)	ˁḳrb	ʕqˤrb	ʕ qˤ r b	olda1246			Afro-Asiatic	505
942	522_scorpion	scorpion	officialaramaic	Middle-Modern Aramaic	ˁḳrbˀ	ʕqˤrbʔ	ʕ qˤ r b ʔ	midd1367			Afro-Asiatic	505
943	522_scorpion	scorpion	jewishpalestinianaramaic	Jewish Palestinian Aramaic	ˁḳrb	ʕqˤrb	ʕ qˤ r b	pale1261			Afro-Asiatic	505
944	522_scorpion	scorpion	samaritan	Samaritan	ˁḳrb	ʕqˤrb	ʕ qˤ r b	sama1313	32.0817	35.4487	Afro-Asiatic	505
945	522_scorpion	scorpion	jewishbabylonianaramaic	Jewish Babylonian Aramaic (ca. 200-1200 CE)	ˁaḳrabbā	ʕaqˤrabbaː	ʕ a qˤ r a b b aː	jewi1240	32.273	44.245	Afro-Asiatic	505
946	522_scorpion	scorpion	syriac	Classical Syriac	ˁeḳḳarbā	ʕeqˤqˤarbaː	ʕ e qˤ qˤ a r b aː	clas1252	37.1129	42.1432	Afro-Asiatic	505
947	522_scorpion	scorpion	mandaic	Classical Mandaic	arḳba	arqˤba	a r qˤ b a	clas1253	36.1203	49.5659	Afro-Asiatic	505
949	522_scorpion	scorpion	arabic	Arabic	ˁaqrab-	ʕaqrab-	ʕ a q r a b	arab1395			Afro-Asiatic	505
950	522_scorpion	scorpion	geez	Geez	ˁ/ˀaḳrab, ˁ/ˀaḳrāb	ʕ	ʕ	geez1241	10.1342	40.6821	Afro-Asiatic	505
951	522_scorpion	scorpion	tigre	Tigre	ˁarḳäb, ˀarḳäb	ʕarqˤæb	ʕ a r qˤ æ b	tigr1270	17.3494	38.2233	Afro-Asiatic	505
952	522_scorpion	scorpion	tigrinya	Tigrinya	ˁǝnḳǝrbit	ʕǝnqˤǝrbit	ʕ ə n qˤ ə r b i t	tigr1271	15.3359	38.9266	Afro-Asiatic	505
5848	3213_sculpture	sculpture	ugaritic	Ugaritic	pslt	pslt	p s l t	ugar1238	35.6	35.78	Afro-Asiatic	1826
6358	3519_seinclinavitpependittobowintrtohang	se inclinavit; pependit (to bow (intr.); to hang)	syriac	Classical Syriac	nwp	nwp	n w p	clas1252	37.1129	42.1432	Afro-Asiatic	1999
6518	3621_semovitmotusesttomove	se movit, motus est (to move)	syriac	Classical Syriac	zāˁ	zaːʕ	z aː ʕ	clas1252	37.1129	42.1432	Afro-Asiatic	2071
4922	2611_semelersoccuperdetobeinvolvedin	se mêler, s’occuper de (to be involved in)	minaean	Minaean	twly	twlj	t w l j	mina1279	16.166667	44.672778	Afro-Asiatic	1348
6440	3578_serendreaarriveratelendroittoproceedtoarrive	se rendre à, arriver à tel endroit (to proceed, to arrive)	minaean	Minaean	wṣl	wsˤl	w sˤ l	mina1279	16.166667	44.672778	Afro-Asiatic	2034
1400	720_seaserpent	sea serpent	syriac	Classical Syriac	tannīnā	tanniːnaː	t a n n iː n aː	clas1252	37.1129	42.1432	Afro-Asiatic	651
6456	3585_secondstomachofaruminanttripe	second stomach of a ruminant, tripe	amharic	Amharic	šənfəlla	ʃənfəlla	ʃ ə n f ə l l a	amha1245	11.708182	39.543456	Afro-Asiatic	2037
4952	2631_secret	secret	syriac	Classical Syriac	setrā	setraː	s e t r aː	clas1252	37.1129	42.1432	Afro-Asiatic	1352
2728	1312_secretion	secretion	ugaritic	Ugaritic	ṯ̣ˀu	θˤʔu	θˤ ʔ u	ugar1238	35.6	35.78	Afro-Asiatic	991
81	57_seed	seed	arabic	Arabic	baḏr-	baðr-	b a ð r	arab1395			Afro-Asiatic	54
83	57_seed	seed	mehri	Mehri	bēḏər	beːðər	b eː ð ə r	mehr1241	16.793	52.473	Afro-Asiatic	54
84	57_seed	seed	jibbali	Jibbali	bέḏər	bɛðər	b ɛ ð ə r	sheh1240	17.29154	53.99526	Afro-Asiatic	54
3650	1865_seersoothsayermagicianwizardpriest	seer, soothsayer, magician, wizard, priest	arabic	Arabic	kāhin-	kaːhin-	k aː h i n	arab1395			Afro-Asiatic	1184
2558	1190_seeress	seeress	sabaic	Sabaic	ḥlmt	ħlmt	ħ l m t	saba1279	15.42	45.35	Afro-Asiatic	954
1747	893_seinbreast	sein (breast)	gafat	Gafat	ṭǔwwä, ṭəbwä, ṭəbuwä, ṭəbo	tˤǔwwæ	tˤ ǔ w w æ	gafa1240	11.5764	39.5605	Afro-Asiatic	744
4488	2379_self	self	pws	West Semitic	*napš-	napʃ-	n a p ʃ	west2786			Afro-Asiatic	1289
4496	2379_self	self	mehri	Mehri	ḥə-nōf	ħə-noːf	ħ ə n oː f	mehr1241	16.793	52.473	Afro-Asiatic	1289
4497	2379_self	self	jibbali	Jibbali	núf	núf	n ú f	sheh1240	17.29154	53.99526	Afro-Asiatic	1289
4498	2379_self	self	soqotri	Soqotri	nhɔf-/nɔf-	nhɔf-	n h ɔ f	soqo1240	12.4892	53.9168	Afro-Asiatic	1289
4489	2380_selfdesirepersongravestone	self, desire, person, gravestone	phoenician	Phoenician	npš	npʃ	n p ʃ	phoe1239	34.12	35.65	Afro-Asiatic	1289
2595	1221_senile	senile	soqotri	Soqotri	ḥáyil	ħájil	ħ á j i l	soqo1240	12.4892	53.9168	Afro-Asiatic	957
6003	3299_senseattention	sense, attention	jewishpalestinianaramaic	Jewish Palestinian Aramaic	bl	bl	b l	pale1261			Afro-Asiatic	1898
6004	3300_sensemindattention	sense, mind, attention	christianpalestinianaramaic	Christian Palestinian Aramaic	bl	bl	b l	chri1239			Afro-Asiatic	1898
4515	2396_separatefromsuckingwean	separate from sucking, wean	arabic	Arabic	flw	flw	f l w	arab1395			Afro-Asiatic	1292
4713	2502_separationisolation	separation, isolation	ugaritic	Ugaritic	bd	bd	b d	ugar1238	35.6	35.78	Afro-Asiatic	1311
4723	2511_serieschangefluctuation	series, change, fluctuation	qatabanian	Qatabanian	bdd	bdd	b d d	qata1238	14.8	45.733333	Afro-Asiatic	1311
1396	718_serpent	serpent	demoticaramaic	Demotic Egyptian	tnn	tnn	t n n	demo1234			Afro-Asiatic	651
1397	718_serpent	serpent	jewishpalestinianaramaic	Jewish Palestinian Aramaic	tnyn	tnjn	t n j n	pale1261			Afro-Asiatic	651
1398	718_serpent	serpent	samaritan	Samaritan	tnyn	tnjn	t n j n	sama1313	32.0817	35.4487	Afro-Asiatic	651
1399	719_serpentseamonster	serpent, seamonster	jewishbabylonianaramaic	Jewish Babylonian Aramaic (ca. 200-1200 CE)	tannīnā	tanniːnaː	t a n n iː n aː	jewi1240	32.273	44.245	Afro-Asiatic	651
2917	1411_servantclientdevotee	servant, client, devotee	sabaic	Sabaic	ˁbd	ʕbd	ʕ b d	saba1279	15.42	45.35	Afro-Asiatic	1039
2913	1408_servantslave	servant, slave	ugaritic	Ugaritic	ˁbd	ʕbd	ʕ b d	ugar1238	35.6	35.78	Afro-Asiatic	1039
1108	599_servantssubjects	servants, subjects	sabaic	Sabaic	ˀdm	ʔdm	ʔ d m	saba1279	15.42	45.35	Afro-Asiatic	575
1109	599_servantssubjects	servants, subjects	minaean	Minaean	ˀdm	ʔdm	ʔ d m	mina1279	16.166667	44.672778	Afro-Asiatic	575
1110	599_servantssubjects	servants, subjects	qatabanian	Qatabanian	ˀdm	ʔdm	ʔ d m	qata1238	14.8	45.733333	Afro-Asiatic	575
4272	2225_settlementofdispute	settlement of dispute	sabaic	Sabaic	mḥkm	mħkm	m ħ k m	saba1279	15.42	45.35	Afro-Asiatic	1265
6023	3313_severinggain	severing, gain	hebrew	Modern Hebrew	bäṣaˁ	bæsˤaʕ	b æ sˤ a ʕ	hebr1245	31.1056	35.0179	Afro-Asiatic	1907
5988	3288_shamelessnesslewdness	shamelessness, lewdness	syriac	Classical Syriac	paḥzā	paħzaː	p a ħ z aː	clas1252	37.1129	42.1432	Afro-Asiatic	1889
1910	964_shankleg	shank; leg	arabic	Arabic	sāq-	saːq-	s aː q	arab1395			Afro-Asiatic	844
1862	936_sharptooth	sharp tooth	jewishpalestinianaramaic	Jewish Palestinian Aramaic	nyb	njb	n j b	pale1261			Afro-Asiatic	829
2531	1172_shelaboured	she laboured	mandaic	Classical Mandaic	hamblat	hamblat	h a m b l a t	clas1253	36.1203	49.5659	Afro-Asiatic	950
1279	668_shedonkey	shedonkey	harsusi	Harsusi	ḥayrēt	ħajreːt	ħ a j r eː t	hars1241	19.6511	56.1562	Afro-Asiatic	612
1217	647_sheep	sheep	sabaic	Sabaic	s₂h	s₂h	s ² h	saba1279	15.42	45.35	Afro-Asiatic	597
1242	647_sheep	sheep	harari	Harari	ṭāy	tˤaːj	tˤ aː j	hara1271	9.30485	42.1332	Afro-Asiatic	602
1243	647_sheep	sheep	selti	Silt'e	ṭay	tˤaj	tˤ a j	silt1240	7.77004	38.1449	Afro-Asiatic	602
1244	647_sheep	sheep	wolane	Wolane	ṭay	tˤaj	tˤ a j	wola1253	8.23	38.14	Afro-Asiatic	602
1245	647_sheep	sheep	zway	Zay	ṭay	tˤaj	tˤ a j	zayy1238	8.01148	38.8258	Afro-Asiatic	602
1246	647_sheep	sheep	chaha	Chaha	ṭä̢	tˤæ̢	tˤ æ̢	chah1248			Afro-Asiatic	602
1247	647_sheep	sheep	ezha	Ezha	ṭay	tˤaj	tˤ a j	ezha1238			Afro-Asiatic	602
1248	647_sheep	sheep	endegen	Endegegny	ṭay	tˤaj	tˤ a j	eneg1238			Afro-Asiatic	602
1249	647_sheep	sheep	ennemor	Inoric	ṭay	tˤaj	tˤ a j	inor1238	7.94883	37.7968	Afro-Asiatic	602
1250	647_sheep	sheep	gyeto	Gyeta	ṭay	tˤaj	tˤ a j	gyet1241			Afro-Asiatic	602
1251	647_sheep	sheep	muher	Muher	ṭe	tˤe	tˤ e	muhe1234			Afro-Asiatic	602
1252	647_sheep	sheep	masqan	Mesqan	ṭe, äṭe	tˤe	tˤ e	mesq1240	8.10617	38.3386	Afro-Asiatic	602
1253	647_sheep	sheep	gogot	Kistane	äṭe	ætˤe	æ tˤ e	kist1241	8.33561	38.4763	Afro-Asiatic	602
1254	647_sheep	sheep	soddo	Soddo	äṭay	ætˤaj	æ tˤ a j	sodd1242			Afro-Asiatic	602
1255	647_sheep	sheep	soddo	Soddo	ṭay	tˤaj	tˤ a j	sodd1242			Afro-Asiatic	602
4410	2330_sheeporgoatsacquiredaspermanentpossession	sheep or goats acquired as permanent possession	arabic	Arabic	qinwat-	qinwat-	q i n w a t	arab1395			Afro-Asiatic	1282
835	489_sheepstail	sheep's tail	amharic	Amharic	lat	lat	l a t	amha1245	11.708182	39.543456	Afro-Asiatic	385
833	487_sheepstailfat	sheep's tailfat	mandaic	Classical Mandaic	alita	alita	a l i t a	clas1253	36.1203	49.5659	Afro-Asiatic	385
1214	645_sheeponeofaflock	sheep, one of a flock	phoenician	Phoenician	š	ʃ	ʃ	phoe1239	34.12	35.65	Afro-Asiatic	597
3707	1904_shoesandal	shoe, sandal	pcs	Central Semitic	*naˁl-	naʕl-	n a ʕ l	cent2236			Afro-Asiatic	1192
927	519_shootsprout	shoot, sprout	hebrew	Modern Hebrew	ˀēb	ʔeːb	ʔ eː b	hebr1245	31.1056	35.0179	Afro-Asiatic	486
6631	3709_shortsighted	shortsighted	soqotri	Soqotri	gέhɛr	gɛhɛr	g ɛ h ɛ r	soqo1240	12.4892	53.9168	Afro-Asiatic	2148
1574	806_shoulder	shoulder	ugaritic	Ugaritic	ṯkm	θkm	θ k m	ugar1238	35.6	35.78	Afro-Asiatic	709
5713	806_shoulder	shoulder	tigre	Tigre	foḳay	foqˤaj	f o qˤ a j	tigr1270	17.3494	38.2233	Afro-Asiatic	1793
33	18_shoulderblade	shoulder blade	geez	Geez	rākub	raːkub	r aː k u b	geez1241	10.1342	40.6821	Afro-Asiatic	32
3957	2022_shoulderbladeboneofacowsforeleg	shoulder blade, bone of a cow’s foreleg	amharic	Amharic	bərakkʷa	bərakkʷa	b ə r a k kʷ a	amha1245	11.708182	39.543456	Afro-Asiatic	1223
1575	807_shouldernapeoftheneckback	shoulder, nape of the neck, back	hebrew	Modern Hebrew	šəkäm	ʃəkæm	ʃ ə k æ m	hebr1245	31.1056	35.0179	Afro-Asiatic	709
34	19_shoulderjoint	shoulderjoint	tigre	Tigre	märkäb	mærkæb	m æ r k æ b	tigr1270	17.3494	38.2233	Afro-Asiatic	32
645	398_shriveling	shriveling	mandaic	Classical Mandaic	ṣamḳa	sˤamqˤa	sˤ a m qˤ a	clas1253	36.1203	49.5659	Afro-Asiatic	287
4967	2644_sichirrentoerr	sich irren (to err)	argobba	Argobba	sɛḥat	sɛħat	s ɛ ħ a t	argo1244	10.6596	39.756	Afro-Asiatic	1353
363	240_side	side	syriac	Classical Syriac	gabbā	gabbaː	g a b b aː	clas1252	37.1129	42.1432	Afro-Asiatic	140
369	240_side	side	tigre	Tigre	gabo	gabo	g a b o	tigr1270	17.3494	38.2233	Afro-Asiatic	140
372	240_side	side	mehri	Mehri	ganb, gəbēt	ganb	g a n b	mehr1241	16.793	52.473	Afro-Asiatic	140
373	240_side	side	jibbali	Jibbali	ganb	ganb	g a n b	sheh1240	17.29154	53.99526	Afro-Asiatic	140
374	240_side	side	harsusi	Harsusi	yanb	janb	j a n b	hars1241	19.6511	56.1562	Afro-Asiatic	140
3972	240_side	side	arabic	Arabic	daff-, daffat-	daff-	d a f f	arab1395			Afro-Asiatic	1227
356	233_sideandbackoftorso	side and back of torso	pws	West Semitic	*ganb-	ganb-	g a n b	west2786			Afro-Asiatic	140
3971	2035_sidechestribs	side, chest, ribs	mandaic	Classical Mandaic	dupna	dupna	d u p n a	clas1253	36.1203	49.5659	Afro-Asiatic	1227
368	245_sideflankribloins	side, flank, rib, loins	geez	Geez	gabo	gabo	g a b o	geez1241	10.1342	40.6821	Afro-Asiatic	140
367	244_sidehalf	side, half	arabic	Arabic	ǯanb-	ganb-	g a n b	arab1395			Afro-Asiatic	140
3970	2034_sideloin	side, loin	syriac	Classical Syriac	dapnā	dapnaː	d a p n aː	clas1252	37.1129	42.1432	Afro-Asiatic	1227
3192	1555_sifflerseditdesserpentssifflerendormantseditdunhommetowhistlesaidofsnakestowhistlewhilesleepingsaidofaman	siffler (se dit des serpents); siffler en dormant (se dit d’un homme) (to whistle (said of snakes); to whistle while sleeping (said of a man)	arabic	Arabic	fḥḥ, fḫḫ	fħħ	f ħ ħ	arab1395			Afro-Asiatic	1118
6141	3385_silver	silver	geez	Geez	bərur	bərur	b ə r u r	geez1241	10.1342	40.6821	Afro-Asiatic	1940
6142	3385_silver	silver	tigrinya	Tigrinya	bərri, bərur	bərri	b ə r r i	tigr1271	15.3359	38.9266	Afro-Asiatic	1940
6143	3385_silver	silver	amharic	Amharic	bərr	bərr	b ə r r	amha1245	11.708182	39.543456	Afro-Asiatic	1940
6144	3385_silver	silver	selti	Silt'e	bər	bər	b ə r	silt1240	7.77004	38.1449	Afro-Asiatic	1940
6145	3385_silver	silver	wolane	Wolane	bər	bər	b ə r	wola1253	8.23	38.14	Afro-Asiatic	1940
6146	3385_silver	silver	chaha	Chaha	bər	bər	b ə r	chah1248			Afro-Asiatic	1940
6147	3385_silver	silver	ezha	Ezha	bərr	bərr	b ə r r	ezha1238			Afro-Asiatic	1940
6148	3385_silver	silver	endegen	Endegegny	bərr	bərr	b ə r r	eneg1238			Afro-Asiatic	1940
6149	3385_silver	silver	ennemor	Inoric	bər	bər	b ə r	inor1238	7.94883	37.7968	Afro-Asiatic	1940
6150	3385_silver	silver	gyeto	Gyeta	bər	bər	b ə r	gyet1241			Afro-Asiatic	1940
6151	3385_silver	silver	muher	Muher	bərr	bərr	b ə r r	muhe1234			Afro-Asiatic	1940
6152	3385_silver	silver	masqan	Mesqan	bər	bər	b ə r	mesq1240	8.10617	38.3386	Afro-Asiatic	1940
6153	3385_silver	silver	gogot	Kistane	bər	bər	b ə r	kist1241	8.33561	38.4763	Afro-Asiatic	1940
6154	3385_silver	silver	soddo	Soddo	bərr	bərr	b ə r r	sodd1242			Afro-Asiatic	1940
6140	3384_silvermoney	silver, money	pes	East Semitic	*bərr, bərur	bərr	b ə r r	east2678			Afro-Asiatic	1940
3516	1774_sin	sin	jibbali	Jibbali	ˀéṯəm	ʔéθəm	ʔ é θ ə m	sheh1240	17.29154	53.99526	Afro-Asiatic	1170
3513	1772_sincrimefault	sin, crime, fault	arabic	Arabic	ˀaṯām-	ʔaθaːm-	ʔ a θ aː m	arab1395			Afro-Asiatic	1170
3514	1772_sincrimefault	sin, crime, fault	arabic	Arabic	ˀiṯm-	ʔiθm-	ʔ i θ m	arab1395			Afro-Asiatic	1170
3919	2005_sinew	sinew	tigre	Tigre	ˁanṣäbät	ʕansˤæbæt	ʕ a n sˤ æ b æ t	tigr1270	17.3494	38.2233	Afro-Asiatic	1216
1531	775_sinewcord	sinew, cord	geez	Geez	watr	watr	w a t r	geez1241	10.1342	40.6821	Afro-Asiatic	694
3920	2006_sinewnerve	sinew, nerve	mehri	Mehri	ˀāṣbīt	ʔaːsˤbiːt	ʔ aː sˤ b iː t	mehr1241	16.793	52.473	Afro-Asiatic	1216
3922	2006_sinewnerve	sinew, nerve	harsusi	Harsusi	ˀāṣebét	ʔaːsˤebét	ʔ aː sˤ e b é t	hars1241	19.6511	56.1562	Afro-Asiatic	1216
3917	2003_sinewnerves	sinew, nerves	pws	West Semitic	*ˁa(n)ṣab-	ʕasˤab-	ʕ a sˤ a b	west2786			Afro-Asiatic	1216
4428	2343_skilfulexperienced	skilful, experienced	hebrew	Modern Hebrew	māhīr	maːhiːr	m aː h iː r	hebr1245	31.1056	35.0179	Afro-Asiatic	1284
4430	2344_skilledclever	skilled, clever	syriac	Classical Syriac	mhirā	mhiraː	m h i r aː	clas1252	37.1129	42.1432	Afro-Asiatic	1284
4450	2344_skilledclever	skilled, clever	mehri	Mehri	məháyr	məhájr	m ə h á j r	mehr1241	16.793	52.473	Afro-Asiatic	1284
1106	597_skin	skin	arabic	Arabic	ˀadam-	ʔadam-	ʔ a d a m	arab1395			Afro-Asiatic	575
1558	597_skin	skin	pws	West Semitic	*gild-	gild-	g i l d	west2786			Afro-Asiatic	704
1560	597_skin	skin	hebrew	Modern Hebrew	gēläd	geːlæd	g eː l æ d	hebr1245	31.1056	35.0179	Afro-Asiatic	704
1566	597_skin	skin	arabic	Arabic	ǯild-	gild-	g i l d	arab1395			Afro-Asiatic	704
5236	597_skin	skin	palmyrean	Palmyrene	šlḥ	ʃlħ	ʃ l ħ	palm1242			Afro-Asiatic	1428
6595	3684_skinfromacalfsheadwhichisstuffedwithstrawandputinfrontofacowwhosecalfhasdiedsothatthecowcanbemilked	skin from a calfs head which is stuffed with straw and put in front of a cow whose calf has died so that the cow can be milked	tigrinya	Tigrinya	ˁarsi	ʕarsi	ʕ a r s i	tigr1271	15.3359	38.9266	Afro-Asiatic	2112
3956	2021_skinofthebellyofthecamelandoftheportionofthebreastnexttoitmalebreast	skin of the belly of the camel and of the portion of the breast next to it; male breast	arabic	Arabic	bark-	bark-	b a r k	arab1395			Afro-Asiatic	1223
5242	2850_skinorhidethatisstrippedoff	skin or hide that is stripped off	arabic	Arabic	salḫ-	salx-	s a l x	arab1395			Afro-Asiatic	1428
234	151_skincomplexion	skin, complexion	jibbali	Jibbali	bəŝərέt	bəɬərɛt	b ə ɬ ə r ɛ t	sheh1240	17.29154	53.99526	Afro-Asiatic	114
233	150_skincomplexionmaidenhead	skin, complexion, maiden head	mehri	Mehri	bəŝərēt	bəɬəreːt	b ə ɬ ə r eː t	mehr1241	16.793	52.473	Afro-Asiatic	114
1567	801_skinhide	skin, hide	geez	Geez	gald	gald	g a l d	geez1241	10.1342	40.6821	Afro-Asiatic	704
1569	801_skinhide	skin, hide	mehri	Mehri	gɛ̄d	gɛ̄d	g ɛ̄ d	mehr1241	16.793	52.473	Afro-Asiatic	704
5233	801_skinhide	skin, hide	pcs	Central Semitic	*šVlḫ-	ʃ-lx-	ʃ l x	cent2236			Afro-Asiatic	1428
6442	3579_skinhideofcattle	skin, hide of cattle	pws	West Semitic	*ŝir-	ɬir-	ɬ i r	west2786			Afro-Asiatic	2035
1570	803_skinleather	skin, leather	jibbali	Jibbali	gɔ́d	gɔ́d	g ɔ́ d	sheh1240	17.29154	53.99526	Afro-Asiatic	704
1571	803_skinleather	skin, leather	harsusi	Harsusi	gōd	goːd	g oː d	hars1241	19.6511	56.1562	Afro-Asiatic	704
6592	803_skinleather	skin, leather	pws	West Semitic	*γVrs	ɣ-rs	ɣ r s	west2786			Afro-Asiatic	2112
94	68_skinpeelhuskshellparingbark	skin, peel, husk, shell, paring, bark	tigrinya	Tigrinya	ḳäräf	qˤæræf	qˤ æ r æ f	tigr1271	15.3359	38.9266	Afro-Asiatic	80
5241	2849_skinpelt	skin, pelt	syriac	Classical Syriac	šelḥā	ʃelħaː	ʃ e l ħ aː	clas1252	37.1129	42.1432	Afro-Asiatic	1428
213	142_skinfleshmeatbody	skin; flesh, meat; body	hebrew	Modern Hebrew	bāŝār	baːɬaːr	b aː ɬ aː r	hebr1245	31.1056	35.0179	Afro-Asiatic	114
1562	797_skinleatherhide	skin; leather, hide	syriac	Classical Syriac	geldā	geldaː	g e l d aː	clas1252	37.1129	42.1432	Afro-Asiatic	704
948	523_skorpionscorpion	skorpion (scorpion)	turoyo	Turoyo	ˁēḳarwo	ʕeːqˤarwo	ʕ eː qˤ a r w o	turo1239	37.2275	42.1451	Afro-Asiatic	505
2915	1410_slave	slave	syriac	Classical Syriac	ˁabdā	ʕabdaː	ʕ a b d aː	clas1252	37.1129	42.1432	Afro-Asiatic	1039
2914	1409_slaveservant	slave, servant	hebrew	Modern Hebrew	ˁäbäd	ʕæbæd	ʕ æ b æ d	hebr1245	31.1056	35.0179	Afro-Asiatic	1039
4380	2307_sling	sling	hebrew	Modern Hebrew	ḳälaˁ	qˤælaʕ	qˤ æ l a ʕ	hebr1245	31.1056	35.0179	Afro-Asiatic	1279
4382	2307_sling	sling	syriac	Classical Syriac	ḳelˁā	qˤelʕaː	qˤ e l ʕ aː	clas1252	37.1129	42.1432	Afro-Asiatic	1279
4383	2307_sling	sling	arabic	Arabic	miqlāˁ-	miqlaːʕ-	m i q l aː ʕ	arab1395			Afro-Asiatic	1279
4384	2307_sling	sling	geez	Geez	maḳləˁ	maqˤləʕ	m a qˤ l ə ʕ	geez1241	10.1342	40.6821	Afro-Asiatic	1279
370	246_slopehillsidesideflank	slope, hillside; side, flank	tigrinya	Tigrinya	gobo, gʷäbo	gobo	g o b o	tigr1271	15.3359	38.9266	Afro-Asiatic	140
4452	2353_slytwofaced	sly, twofaced	jibbali	Jibbali	méhír	méhír	m é h í r	sheh1240	17.29154	53.99526	Afro-Asiatic	1284
1986	985_small	small	geez	Geez	nəˀus	nəʔus	n ə ʔ u s	geez1241	10.1342	40.6821	Afro-Asiatic	865
1987	985_small	small	tigre	Tigre	nəˀuš	nəʔuʃ	n ə ʔ u ʃ	tigr1270	17.3494	38.2233	Afro-Asiatic	865
1988	985_small	small	tigrinya	Tigrinya	nuˀus	nuʔus	n u ʔ u s	tigr1271	15.3359	38.9266	Afro-Asiatic	865
1989	985_small	small	amharic	Amharic	tənnəš	tənnəʃ	t ə n n ə ʃ	amha1245	11.708182	39.543456	Afro-Asiatic	865
1990	985_small	small	argobba	Argobba	mans	mans	m a n s	argo1244	10.6596	39.756	Afro-Asiatic	865
1991	985_small	small	gafat	Gafat	ənsä	ənsæ	ə n s æ	gafa1240	11.5764	39.5605	Afro-Asiatic	865
1992	985_small	small	endegen	Endegegny	əns	əns	ə n s	eneg1238			Afro-Asiatic	865
6388	985_small	small	officialaramaic	Middle-Modern Aramaic	dḳdḳ	dqˤdqˤ	d qˤ d qˤ	midd1367			Afro-Asiatic	2017
6391	985_small	small	syriac	Classical Syriac	daḳdḳā	daqˤdqˤaː	d a qˤ d qˤ aː	clas1252	37.1129	42.1432	Afro-Asiatic	2017
5503	2999_smalldoves	small doves	mandaic	Classical Mandaic	ṣiṣlia	sˤisˤlia	sˤ i sˤ l i a	clas1253	36.1203	49.5659	Afro-Asiatic	1697
6392	3543_smallgibboustractsofsandheapedup	small gibbous tracts of sand heaped up	arabic	Arabic	daqdāq-	daqdaːq-	d a q d aː q	arab1395			Afro-Asiatic	2017
1500	754_smallinsectsonthesurfaceofstagnantwatersmalllocusts	small insects on the surface of stagnant water; small locusts	arabic	Arabic	qamaṣ-	qamasˤ-	q a m a sˤ	arab1395			Afro-Asiatic	680
1215	646_smalllivestockbeast	small livestock beast	hebrew	Modern Hebrew	ŝǟ	ɬæː	ɬ æː	hebr1245	31.1056	35.0179	Afro-Asiatic	597
961	530_smalllocustdogflywasp	small locust, dogfly, wasp	geez	Geez	ˁakot (ˀakot)	ʕakot	ʕ a k o t	geez1241	10.1342	40.6821	Afro-Asiatic	507
1689	873_smallofthebackloinhips	small of the back, loin, hips	mehri	Mehri	ḥaḳəw	ħaqˤəw	ħ a qˤ ə w	mehr1241	16.793	52.473	Afro-Asiatic	728
6116	3366_smallofthebackloins	small of the back, loins	ugaritic	Ugaritic	mtnm	mtnm	m t n m	ugar1238	35.6	35.78	Afro-Asiatic	1936
6125	3366_smallofthebackloins	small of the back, loins	soqotri	Soqotri	móten	móten	m ó t e n	soqo1240	12.4892	53.9168	Afro-Asiatic	1936
6457	3586_smallstomachofruminants	small stomach of ruminants	zway	Zay	šənfəlla	ʃənfəlla	ʃ ə n f ə l l a	zayy1238	8.01148	38.8258	Afro-Asiatic	2037
6458	3586_smallstomachofruminants	small stomach of ruminants	gogot	Kistane	šənfəl	ʃənfəl	ʃ ə n f ə l	kist1241	8.33561	38.4763	Afro-Asiatic	2037
6459	3586_smallstomachofruminants	small stomach of ruminants	soddo	Soddo	šənfəl	ʃənfəl	ʃ ə n f ə l	sodd1242			Afro-Asiatic	2037
1633	837_smallteat	small teat	syriac	Classical Syriac	bezzonā	bezzonaː	b e z z o n aː	clas1252	37.1129	42.1432	Afro-Asiatic	720
2902	1403_smallyounganimalorman	small young animal or man	akkadian	Akkadian	watmu	watmu	w a t m u	akka1240	33.1	44.1	Afro-Asiatic	1036
6389	3541_smallthin	small, thin	jewishpalestinianaramaic	Jewish Palestinian Aramaic	daḳdīḳ	daqˤdiːqˤ	d a qˤ d iː qˤ	pale1261			Afro-Asiatic	2017
2737	1321_smellbadstink	smell bad, stink	chaha	Chaha	č̣əyä	č̣əjæ	č̣ ə j æ	chah1248			Afro-Asiatic	991
2738	1321_smellbadstink	smell bad, stink	ezha	Ezha	č̣əyyä	č̣əjjæ	č̣ ə j j æ	ezha1238			Afro-Asiatic	991
2739	1321_smellbadstink	smell bad, stink	ennemor	Inoric	č̣iyǟ	č̣ijæː	č̣ i j æː	inor1238	7.94883	37.7968	Afro-Asiatic	991
2740	1321_smellbadstink	smell bad, stink	gyeto	Gyeta	č̣əyǟ	č̣əjæː	č̣ ə j æː	gyet1241			Afro-Asiatic	991
2741	1321_smellbadstink	smell bad, stink	muher	Muher	č̣əyä	č̣əjæ	č̣ ə j æ	muhe1234			Afro-Asiatic	991
2742	1321_smellbadstink	smell bad, stink	masqan	Mesqan	č̣əyä	č̣əjæ	č̣ ə j æ	mesq1240	8.10617	38.3386	Afro-Asiatic	991
2743	1321_smellbadstink	smell bad, stink	gogot	Kistane	č̣iyä	č̣ijæ	č̣ i j æ	kist1241	8.33561	38.4763	Afro-Asiatic	991
2744	1321_smellbadstink	smell bad, stink	soddo	Soddo	č̣əyä	č̣əjæ	č̣ ə j æ	sodd1242			Afro-Asiatic	991
2747	1324_smellodour	smell, odour	jibbali	Jibbali	ḏ̣éˀ	ðˤéʔ	ðˤ é ʔ	sheh1240	17.29154	53.99526	Afro-Asiatic	991
2745	1322_smellscent	smell, scent	mehri	Mehri	ḏ̣āy	ðˤaːj	ðˤ aː j	mehr1241	16.793	52.473	Afro-Asiatic	991
3196	1559_smellstench	smell, stench	tigre	Tigre	fǝḥot	fǝħot	f ə ħ o t	tigr1270	17.3494	38.2233	Afro-Asiatic	1118
1037	574_smellwind	smell; wind	syriac	Classical Syriac	riḥā	riħaː	r i ħ aː	clas1252	37.1129	42.1432	Afro-Asiatic	538
3026	1443_snailwithaveryhardshell	snail with a very hard shell	jibbali	Jibbali	fḥarέt	fħarɛt	f ħ a r ɛ t	sheh1240	17.29154	53.99526	Afro-Asiatic	1082
3343	1648_snaretrappingnet	snare, trapping net	pcs	Central Semitic	*paḫḫ-	paxx-	p a x x	cent2236			Afro-Asiatic	1148
2462	1141_sneezen	sneeze (n.)	hebrew	Modern Hebrew	ˁăṭīšā	ʕătˤiːʃaː	ʕ ă tˤ iː ʃ aː	hebr1245	31.1056	35.0179	Afro-Asiatic	937
2464	1142_sneezing	sneezing	syriac	Classical Syriac	ˁṭāšā	ʕtˤaːʃaː	ʕ tˤ aː ʃ aː	clas1252	37.1129	42.1432	Afro-Asiatic	937
2466	1142_sneezing	sneezing	geez	Geez	ˁəṭas, ˁəṭās	ʕətˤas	ʕ ə tˤ a s	geez1241	10.1342	40.6821	Afro-Asiatic	937
3347	1651_soandso	so and so	pcs	Central Semitic	*pulān-	pulaːn-	p u l aː n	cent2236			Afro-Asiatic	1149
3348	1652_soandsosomeoneknown	so and so, someone known	hebrew	Modern Hebrew	pəlōnī	pəloːniː	p ə l oː n iː	hebr1245	31.1056	35.0179	Afro-Asiatic	1149
3349	1653_soandsosuchandsuch	so and so, such and such	syriac	Classical Syriac	plān	plaːn	p l aː n	clas1252	37.1129	42.1432	Afro-Asiatic	1149
395	264_softsmooth	soft, smooth	mehri	Mehri	nəˀáym	nəʔájm	n ə ʔ á j m	mehr1241	16.793	52.473	Afro-Asiatic	151
2561	1191_sognaretodream	sognare (to dream)	tigrinya	Tigrinya	ḥalämä	ħalæmæ	ħ a l æ m æ	tigr1271	15.3359	38.9266	Afro-Asiatic	954
4715	2504_solitary	solitary	hebrew	Modern Hebrew	bōdēd	boːdeːd	b oː d eː d	hebr1245	31.1056	35.0179	Afro-Asiatic	1311
4716	2505_solitude	solitude	hebrew	Modern Hebrew	bādād	baːdaːd	b aː d aː d	hebr1245	31.1056	35.0179	Afro-Asiatic	1311
555	338_someone	someone	oldaramaic	Old Aramaic (up to 700 BCE)	br ˀnš	br	b r	olda1246			Afro-Asiatic	198
3443	1722_someonefleeinginbattle	someone fleeing in battle	hebrew	Modern Hebrew	ŝārīd	ɬaːriːd	ɬ aː r iː d	hebr1245	31.1056	35.0179	Afro-Asiatic	1161
3637	1857_somethingdirtymudsediment	something dirty, mud; sediment	soqotri	Soqotri	ḥámreʰ	ħámreʰ	ħ á m r eʰ	soqo1240	12.4892	53.9168	Afro-Asiatic	1182
1159	623_son	son	pes	East Semitic	*wald-/*lVd-	wald-	w a l d	east2678			Afro-Asiatic	587
1164	623_son	son	amharic	Amharic	ləǯ	ləg	l ə g	amha1245	11.708182	39.543456	Afro-Asiatic	587
1166	623_son	son	harari	Harari	liǯi	ligi	l i g i	hara1271	9.30485	42.1332	Afro-Asiatic	587
1163	627_sonboy	son, boy	tigrinya	Tigrinya	wäddi	wæddi	w æ d d i	tigr1271	15.3359	38.9266	Afro-Asiatic	587
1167	629_sonchild	son, child	harari	Harari	wäldi	wældi	w æ l d i	hara1271	9.30485	42.1332	Afro-Asiatic	587
1160	624_sonchildboy	son, child, boy	geez	Geez	wald	wald	w a l d	geez1241	10.1342	40.6821	Afro-Asiatic	587
1162	626_sonyounmanchild	son, youn man; child	tigre	Tigre	wad	wad	w a d	tigr1270	17.3494	38.2233	Afro-Asiatic	587
2890	1394_soninlawgroom	son-in-law, groom	pcs	Central Semitic	*ḫatan-	xatan-	x a t a n	cent2236			Afro-Asiatic	1035
2892	1396_soninlaw	soninlaw	ugaritic	Ugaritic	ḫa-at-ni	xa-at-ni	x a a t n i	ugar1238	35.6	35.78	Afro-Asiatic	1035
2899	1396_soninlaw	soninlaw	sabaic	Sabaic	ḫtn	xtn	x t n	saba1279	15.42	45.35	Afro-Asiatic	1035
2900	1396_soninlaw	soninlaw	hadramitic	Hadrami	ḫtn	xtn	x t n	hadr1235	15.528	47.603	Afro-Asiatic	1035
2898	1401_soninlawbridegroom	soninlaw, bridegroom	arabic	Arabic	ḫatan-	xatan-	x a t a n	arab1395			Afro-Asiatic	1035
2894	1398_soninlawgroom	soninlaw, groom	hebrew	Modern Hebrew	ḥātān	ħaːtaːn	ħ aː t aː n	hebr1245	31.1056	35.0179	Afro-Asiatic	1035
2897	1398_soninlawgroom	soninlaw, groom	syriac	Classical Syriac	ḥatnā	ħatnaː	ħ a t n aː	clas1252	37.1129	42.1432	Afro-Asiatic	1035
5631	3081_sortedinsecterougeetdontlapicureestdouloureuseakindofredinsectwhosestingispainful	sorte d'insecte rouge et dont la picûre est douloureuse (a kind of red insect whose sting is painful)	arabic	Arabic	kuttān-	kuttaːn-	k u t t aː n	arab1395			Afro-Asiatic	1771
1946	977_sost	sost	ezha	Ezha	sost	sost	s o s t	ezha1238			Afro-Asiatic	853
5216	2833_soul	soul	syriac	Classical Syriac	nšamtā	nʃamtaː	n ʃ a m t aː	clas1252	37.1129	42.1432	Afro-Asiatic	1417
5217	2833_soul	soul	arabic	Arabic	nasamat-	nasamat-	n a s a m a t	arab1395			Afro-Asiatic	1417
4493	2384_soullifepersonselfetc	soul, life, person, self, etc.	sabaic	Sabaic	nfs₁	nfs₁	n f s ¹	saba1279	15.42	45.35	Afro-Asiatic	1289
4495	2384_soullifepersonselfetc	soul, life, person, self, etc.	qatabanian	Qatabanian	nfs₁	nfs₁	n f s ¹	qata1238	14.8	45.733333	Afro-Asiatic	1289
4492	2383_soulspiritself	soul, spirit; self	arabic	Arabic	nafs-	nafs-	n a f s	arab1395			Afro-Asiatic	1289
4491	2382_soulpersonfuneralpyramid	soul; person; funeral pyramid	syriac	Classical Syriac	nepšā	nepʃaː	n e p ʃ aː	clas1252	37.1129	42.1432	Afro-Asiatic	1289
2573	1199_soundhealthyperson	sound, healthy person	syriac	Classical Syriac	ḥlīmā	ħliːmaː	ħ l iː m aː	clas1252	37.1129	42.1432	Afro-Asiatic	956
2992	1429_soupbroth	soup, broth	soqotri	Soqotri	maráḳ	maráqˤ	m a r á qˤ	soqo1240	12.4892	53.9168	Afro-Asiatic	1072
598	367_sousunder	sous (under)	minaean	Minaean	tḥt	tħt	t ħ t	mina1279	16.166667	44.672778	Afro-Asiatic	255
157	109_spacebehindtheknees	space behind the knees	soqotri	Soqotri	ˁárnɛg	ʕárnɛg	ʕ á r n ɛ g	soqo1240	12.4892	53.9168	Afro-Asiatic	102
4867	2572_span	span	hebrew	Modern Hebrew	zärät	zæræt	z æ r æ t	hebr1245	31.1056	35.0179	Afro-Asiatic	1340
4868	2572_span	span	jewishpalestinianaramaic	Jewish Palestinian Aramaic	zrt	zrt	z r t	pale1261			Afro-Asiatic	1340
4869	2572_span	span	jewishbabylonianaramaic	Jewish Babylonian Aramaic (ca. 200-1200 CE)	zartā	zartaː	z a r t aː	jewi1240	32.273	44.245	Afro-Asiatic	1340
4871	2572_span	span	syriac	Classical Syriac	zartā	zartaː	z a r t aː	clas1252	37.1129	42.1432	Afro-Asiatic	1340
5319	2572_span	span	pws	West Semitic	*šV(n)zVr-, ŝV(n)zVr-	ʃ-z-r-	ʃ z r	west2786			Afro-Asiatic	1499
5323	2572_span	span	geez	Geez	sez(ə)r	sezr	s e z r	geez1241	10.1342	40.6821	Afro-Asiatic	1499
5327	2572_span	span	amharic	Amharic	sənzər	sənzər	s ə n z ə r	amha1245	11.708182	39.543456	Afro-Asiatic	1499
5328	2572_span	span	harari	Harari	zunzunrti	zunzunrti	z u n z u n r t i	hara1271	9.30485	42.1332	Afro-Asiatic	1499
5329	2572_span	span	selti	Silt'e	sənzər	sənzər	s ə n z ə r	silt1240	7.77004	38.1449	Afro-Asiatic	1499
5330	2572_span	span	wolane	Wolane	sənzər	sənzər	s ə n z ə r	wola1253	8.23	38.14	Afro-Asiatic	1499
5331	2572_span	span	zway	Zay	sənzər	sənzər	s ə n z ə r	zayy1238	8.01148	38.8258	Afro-Asiatic	1499
5332	2572_span	span	chaha	Chaha	zəsər	zəsər	z ə s ə r	chah1248			Afro-Asiatic	1499
5333	2572_span	span	ezha	Ezha	zəzzər	zəzzər	z ə z z ə r	ezha1238			Afro-Asiatic	1499
5334	2572_span	span	endegen	Endegegny	zəssər	zəssər	z ə s s ə r	eneg1238			Afro-Asiatic	1499
5335	2572_span	span	endegen	Endegegny	zəssər	zəssər	z ə s s ə r	eneg1238			Afro-Asiatic	1499
5336	2572_span	span	ennemor	Inoric	zəsər	zəsər	z ə s ə r	inor1238	7.94883	37.7968	Afro-Asiatic	1499
5337	2572_span	span	gyeto	Gyeta	zəsər	zəsər	z ə s ə r	gyet1241			Afro-Asiatic	1499
5338	2572_span	span	muher	Muher	zəzzər	zəzzər	z ə z z ə r	muhe1234			Afro-Asiatic	1499
5339	2572_span	span	masqan	Mesqan	zəzzər	zəzzər	z ə z z ə r	mesq1240	8.10617	38.3386	Afro-Asiatic	1499
5340	2572_span	span	gogot	Kistane	zəzzər	zəzzər	z ə z z ə r	kist1241	8.33561	38.4763	Afro-Asiatic	1499
5341	2572_span	span	soddo	Soddo	zəzzər	zəzzər	z ə z z ə r	sodd1242			Afro-Asiatic	1499
5344	2902_spanbetweenthumbandindex	span between thumb and index	jibbali	Jibbali	ŝɛzr	ɬɛzr	ɬ ɛ z r	sheh1240	17.29154	53.99526	Afro-Asiatic	1499
5343	2901_spanofthumbtoforefinger	span of thumb to forefinger	mehri	Mehri	šɛzər	ʃɛzər	ʃ ɛ z ə r	mehr1241	16.793	52.473	Afro-Asiatic	1499
5064	2714_spanpalmofthehand	span, palm of the hand	pws	West Semitic	*ṭapḥ-	tˤapħ-	tˤ a p ħ	west2786			Afro-Asiatic	1371
4012	2064_spark	spark	syriac	Classical Syriac	balṣuṣitā	balsˤusˤitaː	b a l sˤ u sˤ i t aː	clas1252	37.1129	42.1432	Afro-Asiatic	1234
164	116_sparrow	sparrow	akkadian	Akkadian	ṣibāru	sˤibaːru	sˤ i b aː r u	akka1240	33.1	44.1	Afro-Asiatic	106
171	116_sparrow	sparrow	christianpalestinianaramaic	Christian Palestinian Aramaic	ṣpyr	sˤpjr	sˤ p j r	chri1239			Afro-Asiatic	106
179	116_sparrow	sparrow	arabic	Arabic	ˁuṣfūr-	ʕusˤfuːr-	ʕ u sˤ f uː r	arab1395			Afro-Asiatic	106
183	116_sparrow	sparrow	soqotri	Soqotri	eṣféroʰ	esˤféroʰ	e sˤ f é r oʰ	soqo1240	12.4892	53.9168	Afro-Asiatic	106
797	470_sparrowhawkhawk	sparrow hawk, hawk	amharic	Amharic	ən(ə)ḳ(ḳ)e	ənqˤe	ə n qˤ e	amha1245	11.708182	39.543456	Afro-Asiatic	364
4657	2471_spear	spear	pws	West Semitic	*rVmḥ-	r-mħ-	r m ħ	west2786			Afro-Asiatic	1305
4662	2471_spear	spear	geez	Geez	ramḥ/rəmḥ	ramħ	r a m ħ	geez1241	10.1342	40.6821	Afro-Asiatic	1305
4660	2473_spearlance	spear, lance	arabic	Arabic	rumḥ-	rumħ-	r u m ħ	arab1395			Afro-Asiatic	1305
4663	2475_spearwand	spear, wand	mehri	Mehri	rəmḥāt/rəmēḥ	rəmħaːt	r ə m ħ aː t	mehr1241	16.793	52.473	Afro-Asiatic	1305
167	119_specialbirdsparrow	special bird, sparrow	deiralla	Canaanite	ṣpr	sˤpr	sˤ p r	cana1267			Afro-Asiatic	106
5970	3274_spicefragrance	spice, fragrance	jewishbabylonianaramaic	Jewish Babylonian Aramaic (ca. 200-1200 CE)	busmā	busmaː	b u s m aː	jewi1240	32.273	44.245	Afro-Asiatic	1885
5969	3273_spiceperfume	spice, perfume	jewishpalestinianaramaic	Jewish Palestinian Aramaic	bsm	bsm	b s m	pale1261			Afro-Asiatic	1885
955	526_spider	spider	pws	West Semitic	*ˁankab(īṯ)-	ʕankab-	ʕ a n k a b	west2786			Afro-Asiatic	507
956	526_spider	spider	hebrew	Modern Hebrew	ˁakkābīš	ʕakkaːbiːʃ	ʕ a k k aː b iː ʃ	hebr1245	31.1056	35.0179	Afro-Asiatic	507
957	526_spider	spider	mandaic	Classical Mandaic	ˁankabut	ʕankabut	ʕ a n k a b u t	clas1253	36.1203	49.5659	Afro-Asiatic	507
963	526_spider	spider	tigre	Tigre	ˁankäbot (pl. ˁanäkkǝb)	ʕankæbot	ʕ a n k æ b o t	tigr1270	17.3494	38.2233	Afro-Asiatic	507
966	526_spider	spider	mehri	Mehri	ˀānšɛ̄t	ʔaːnʃɛ̄t	ʔ aː n ʃ ɛ̄ t	mehr1241	16.793	52.473	Afro-Asiatic	507
967	526_spider	spider	jibbali	Jibbali	ˁǝns̃yέt (pl. ˁonókub)	ʕǝns̃jɛt	ʕ ə n s̃ j ɛ t	sheh1240	17.29154	53.99526	Afro-Asiatic	507
968	526_spider	spider	harsusi	Harsusi	ˀanšēt	ʔanʃeːt	ʔ a n ʃ eː t	hars1241	19.6511	56.1562	Afro-Asiatic	507
5520	526_spider	spider	jibbali	Jibbali	ẓ̂eréˁ(a)t	ẓ̂eréʕt	ẓ̂ e r é ʕ t	sheh1240	17.29154	53.99526	Afro-Asiatic	1712
959	528_spiderfemale	spider (female)	arabic	Arabic	ˁankabāˀ-	ʕankabaːʔ-	ʕ a n k a b aː ʔ	arab1395			Afro-Asiatic	507
958	527_spidermale	spider (male)	arabic	Arabic	ˁankab-	ʕankab-	ʕ a n k a b	arab1395			Afro-Asiatic	507
5844	3209_spiderspiderweb	spider, spider web	syriac	Classical Syriac	ḳūtī	qˤuːtiː	qˤ uː t iː	clas1252	37.1129	42.1432	Afro-Asiatic	1824
5611	3067_spindle	spindle	pws	West Semitic	*palk-	palk-	p a l k	west2786			Afro-Asiatic	1768
5612	3067_spindle	spindle	ugaritic	Ugaritic	plk	plk	p l k	ugar1238	35.6	35.78	Afro-Asiatic	1768
5613	3067_spindle	spindle	phoenician	Phoenician	plk	plk	p l k	phoe1239	34.12	35.65	Afro-Asiatic	1768
5616	3067_spindle	spindle	jewishbabylonianaramaic	Jewish Babylonian Aramaic (ca. 200-1200 CE)	pilkā	pilkaː	p i l k aː	jewi1240	32.273	44.245	Afro-Asiatic	1768
5614	3068_spindlewhorl	spindlewhorl	hebrew	Modern Hebrew	päläk	pælæk	p æ l æ k	hebr1245	31.1056	35.0179	Afro-Asiatic	1768
357	234_spinebackloinbody	spine, back; loin; body	ugaritic	Ugaritic	gb	gb	g b	ugar1238	35.6	35.78	Afro-Asiatic	140
5214	2832_spiritsoul	spirit, soul	pcs	Central Semitic	*našam-at-	naʃam-at-	n a ʃ a m a t	cent2236			Afro-Asiatic	1417
5215	2832_spiritsoul	spirit, soul	hebrew	Modern Hebrew	nəšāmā	nəʃaːmaː	n ə ʃ aː m aː	hebr1245	31.1056	35.0179	Afro-Asiatic	1417
2655	1273_spittle	spittle	hebrew	Modern Hebrew	rōḳ	roːqˤ	r oː qˤ	hebr1245	31.1056	35.0179	Afro-Asiatic	982
2662	1273_spittle	spittle	syriac	Classical Syriac	reḳḳā, ruḳḳā	reqˤqˤaː	r e qˤ qˤ aː	clas1252	37.1129	42.1432	Afro-Asiatic	982
2665	1273_spittle	spittle	geez	Geez	raḳ	raqˤ	r a qˤ	geez1241	10.1342	40.6821	Afro-Asiatic	982
2668	1273_spittle	spittle	tigre	Tigre	mərraḳ	mərraqˤ	m ə r r a qˤ	tigr1270	17.3494	38.2233	Afro-Asiatic	982
3861	1978_spittleexpectoration	spittle, expectoration	hebrew	Modern Hebrew	tōpät	toːpæt	t oː p æ t	hebr1245	31.1056	35.0179	Afro-Asiatic	1211
2649	1267_spittlemucus	spittle, mucus	hebrew	Modern Hebrew	rīr	riːr	r iː r	hebr1245	31.1056	35.0179	Afro-Asiatic	979
2672	1277_spittlesaliva	spittle, saliva	selti	Silt'e	mərāḳ	məraːqˤ	m ə r aː qˤ	silt1240	7.77004	38.1449	Afro-Asiatic	982
2673	1277_spittlesaliva	spittle, saliva	wolane	Wolane	məraḳ	məraqˤ	m ə r a qˤ	wola1253	8.23	38.14	Afro-Asiatic	982
2674	1277_spittlesaliva	spittle, saliva	zway	Zay	məraḳ	məraqˤ	m ə r a qˤ	zayy1238	8.01148	38.8258	Afro-Asiatic	982
2675	1277_spittlesaliva	spittle, saliva	endegen	Endegegny	mənəˀ	mənəʔ	m ə n ə ʔ	eneg1238			Afro-Asiatic	982
2652	1270_spittleslaversaliva	spittle, slaver, saliva	mandaic	Classical Mandaic	rira	rira	r i r a	clas1253	36.1203	49.5659	Afro-Asiatic	979
376	249_splinter	splinter	hebrew	Modern Hebrew	ḳäṣäp	qˤæsˤæp	qˤ æ sˤ æ p	hebr1245	31.1056	35.0179	Afro-Asiatic	146
6597	3686_spoon	spoon	geez	Geez	ˁərf	ʕərf	ʕ ə r f	geez1241	10.1342	40.6821	Afro-Asiatic	2113
6596	3685_spoonhandleofaplowplow	spoon, handle of a plow, plow	pes	East Semitic	*γurp	ɣurp	ɣ u r p	east2678			Afro-Asiatic	2113
4402	2324_springsummerbeforerains	spring, summer before rains	jibbali	Jibbali	ḳoḏ̣	qˤoðˤ	qˤ o ðˤ	sheh1240	17.29154	53.99526	Afro-Asiatic	1281
867	499_sprout	sprout	arabic	Arabic	farḫ-	farx-	f a r x	arab1395			Afro-Asiatic	396
864	496_sproutflower	sprout, flower	pcs	Central Semitic	*parḫ-	parx-	p a r x	cent2236			Afro-Asiatic	396
925	517_sproutshootflowerfruit	sprout, shoot, flower, fruit	pws	West Semitic	*ˀVbb-	ʔ-bb-	ʔ b b	west2786			Afro-Asiatic	486
3256	1597_squab	squab	syriac	Classical Syriac	zugallā	zugallaː	z u g a l l aː	clas1252	37.1129	42.1432	Afro-Asiatic	1129
2755	1328_squeezing	squeezing	hebrew	Modern Hebrew	mīṣ	miːsˤ	m iː sˤ	hebr1245	31.1056	35.0179	Afro-Asiatic	997
2859	1378_stammerer	stammerer	hebrew	Modern Hebrew	ˁillēg	ʕilleːg	ʕ i l l eː g	hebr1245	31.1056	35.0179	Afro-Asiatic	1020
2858	1377_stammering	stammering	ugaritic	Ugaritic	tˁlgt	tʕlgt	t ʕ l g t	ugar1238	35.6	35.78	Afro-Asiatic	1020
3743	1925_stelaimagestatue	stela, image, statue	phoenician	Phoenician	mṣbt	msˤbt	m sˤ b t	phoe1239	34.12	35.65	Afro-Asiatic	1197
2347	1094_sterile	sterile	tigre	Tigre	mäkan	mækan	m æ k a n	tigr1270	17.3494	38.2233	Afro-Asiatic	920
2348	1094_sterile	sterile	tigrinya	Tigrinya	mäkan	mækan	m æ k a n	tigr1271	15.3359	38.9266	Afro-Asiatic	920
2349	1094_sterile	sterile	amharic	Amharic	mähan	mæhan	m æ h a n	amha1245	11.708182	39.543456	Afro-Asiatic	920
2350	1094_sterile	sterile	amharic	Amharic	mäkkan	mækkan	m æ k k a n	amha1245	11.708182	39.543456	Afro-Asiatic	920
2351	1094_sterile	sterile	zway	Zay	mähan	mæhan	m æ h a n	zayy1238	8.01148	38.8258	Afro-Asiatic	920
2352	1094_sterile	sterile	gogot	Kistane	mäkan	mækan	m æ k a n	kist1241	8.33561	38.4763	Afro-Asiatic	920
3207	1094_sterile	sterile	syriac	Classical Syriac	ˁaḳrā, ˁḳartā	ʕaqˤraː	ʕ a qˤ r aː	clas1252	37.1129	42.1432	Afro-Asiatic	1121
2345	1092_sterilechildless	sterile, childless	pes	East Semitic	*makkān-	makkaːn-	m a k k aː n	east2678			Afro-Asiatic	920
3208	1566_sterileimpotent	sterile, impotent	mandaic	Classical Mandaic	aḳra	aqˤra	a qˤ r a	clas1253	36.1203	49.5659	Afro-Asiatic	1121
4072	2090_stillasyetalso	still, as yet, also	soqotri	Soqotri	ˁad	ʕad	ʕ a d	soqo1240	12.4892	53.9168	Afro-Asiatic	1242
4071	2089_stillyetagain	still, yet, again	harsusi	Harsusi	ˀād	ʔaːd	ʔ aː d	hars1241	19.6511	56.1562	Afro-Asiatic	1242
2735	1319_stinkentostink	stinken (to stink)	argobba	Argobba	č̣eˀ	č̣eʔ	č̣ e ʔ	argo1244	10.6596	39.756	Afro-Asiatic	991
5920	3248_stomach	stomach	arabic	Arabic	qa/urqab(b)-	qa	q a	arab1395			Afro-Asiatic	1862
6452	3581_stomachofananimalbird	stomach (of an animal, bird)	pws	West Semitic	*ŝV(n)pVl-	ɬ-p-l-	ɬ p l	west2786			Afro-Asiatic	2037
5916	3245_stomachofbirds	stomach (of birds)	pcs	Central Semitic	*ḳa/urḳa/ub-	qˤa	qˤ a	cent2236			Afro-Asiatic	1862
1004	552_stoneparticlesofstonedust	stone, particles of stone, dust	arabic	Arabic	ḥiṣḥiṣ-	ħisˤħisˤ-	ħ i sˤ ħ i sˤ	arab1395			Afro-Asiatic	519
3766	1940_stonesthatareplaceduponagrave	stones that are placed upon a grave	arabic	Arabic	raǯam-	ragam-	r a g a m	arab1395			Afro-Asiatic	1199
2828	1355_stooping	stooping	tigre	Tigre	däbbas	dæbbas	d æ b b a s	tigr1270	17.3494	38.2233	Afro-Asiatic	1016
5725	3140_storaxtree	storax tree	hebrew	Modern Hebrew	ləbōnā	ləboːnaː	l ə b oː n aː	hebr1245	31.1056	35.0179	Afro-Asiatic	1796
5733	3140_storaxtree	storax tree	geez	Geez	ləbn	ləbn	l ə b n	geez1241	10.1342	40.6821	Afro-Asiatic	1796
4308	2249_strength	strength	pws	West Semitic	*ḥayl-/*ḫayl-	ħajl-	ħ a j l	west2786			Afro-Asiatic	1270
4311	2252_strengthforcepowervigor	strength, force, power, vigor	syriac	Classical Syriac	ḥaylā	ħajlaː	ħ a j l aː	clas1252	37.1129	42.1432	Afro-Asiatic	1270
4312	2253_strengthpowermight	strength, power, might	arabic	Arabic	ḥawl-/ḥayl-	ħawl-	ħ a w l	arab1395			Afro-Asiatic	1270
4113	2125_strengthvigor	strength, vigor	sabaic	Sabaic	ˁzt	ʕzt	ʕ z t	saba1279	15.42	45.35	Afro-Asiatic	1248
4309	2250_strengthvigour	strength, vigour	ugaritic	Ugaritic	ḥl	ħl	ħ l	ugar1238	35.6	35.78	Afro-Asiatic	1270
3643	1860_stringthreadbowstring	string; thread, bowstring	mehri	Mehri	ḫīṭáyt	xiːtˤájt	x iː tˤ á j t	mehr1241	16.793	52.473	Afro-Asiatic	1183
5239	2847_stripperofdealerinhides	stripper of dealer in hides	jewishbabylonianaramaic	Jewish Babylonian Aramaic (ca. 200-1200 CE)	šallāḥā	ʃallaːħaː	ʃ a l l aː ħ aː	jewi1240	32.273	44.245	Afro-Asiatic	1428
5237	2845_stripperordealerofhides	stripper or dealer of hides	jewishpalestinianaramaic	Jewish Palestinian Aramaic	šlḥ	ʃlħ	ʃ l ħ	pale1261			Afro-Asiatic	1428
2860	1379_strongmanforeignernonmuslim	strong man; foreigner, nonMuslim	arabic	Arabic	ˁilǯ	ʕilg	ʕ i l g	arab1395			Afro-Asiatic	1020
5244	2852_stubbornness	stubbornness	hebrew	Modern Hebrew	šərīrūt	ʃəriːruːt	ʃ ə r iː r uː t	hebr1245	31.1056	35.0179	Afro-Asiatic	1429
6570	3664_submergedimmerged	submerged, immerged	syriac	Classical Syriac	ˁmaš	ʕmaʃ	ʕ m a ʃ	clas1252	37.1129	42.1432	Afro-Asiatic	2105
4323	2263_substitute	substitute	akkadian	Akkadian	ḫalpu	xalpu	x a l p u	akka1240	33.1	44.1	Afro-Asiatic	1272
3350	1654_suchaonesuchamansuchawoman	such a one, such a man, such a woman	arabic	Arabic	fulān-	fulaːn-	f u l aː n	arab1395			Afro-Asiatic	1149
3351	1654_suchaonesuchamansuchawoman	such a one, such a man, such a woman	tigre	Tigre	fəllan	fəllan	f ə l l a n	tigr1270	17.3494	38.2233	Afro-Asiatic	1149
3352	1654_suchaonesuchamansuchawoman	such a one, such a man, such a woman	mehri	Mehri	fəlān, fəlāni	fəlaːn	f ə l aː n	mehr1241	16.793	52.473	Afro-Asiatic	1149
3353	1654_suchaonesuchamansuchawoman	such a one, such a man, such a woman	jibbali	Jibbali	fláni	fláni	f l á n i	sheh1240	17.29154	53.99526	Afro-Asiatic	1149
5222	2836_suckling	suckling	ugaritic	Ugaritic	mrγṯ	mrɣθ	m r ɣ θ	ugar1238	35.6	35.78	Afro-Asiatic	1422
4095	2111_sucklingyoungaminal	suckling, young aminal	hebrew	Modern Hebrew	ˁūl	ʕuːl	ʕ uː l	hebr1245	31.1056	35.0179	Afro-Asiatic	1246
1554	791_suetfromthekidney	suet from the kidney	hebrew	Modern Hebrew	pädär	pædær	p æ d æ r	hebr1245	31.1056	35.0179	Afro-Asiatic	702
4395	2317_summer	summer	pws	West Semitic	*ḳayṯ̣-	qˤajθˤ-	qˤ a j θˤ	west2786			Afro-Asiatic	1281
4398	2317_summer	summer	syriac	Classical Syriac	ḳayṭā	qˤajtˤaː	qˤ a j tˤ aː	clas1252	37.1129	42.1432	Afro-Asiatic	1281
4403	2317_summer	summer	soqotri	Soqotri	ḳíyyaṭ	qˤíjjatˤ	qˤ í j j a tˤ	soqo1240	12.4892	53.9168	Afro-Asiatic	1281
4401	2323_summerbeforetherains	summer before the rains	mehri	Mehri	ḳayḏ̣	qˤajðˤ	qˤ a j ðˤ	mehr1241	16.793	52.473	Afro-Asiatic	1281
4400	2322_summerseasonsummercrops	summer season; summer crops	sabaic	Sabaic	ḳyṯ̣	qˤjθˤ	qˤ j θˤ	saba1279	15.42	45.35	Afro-Asiatic	1281
4396	2318_summersummerfruit	summer; summer fruit	ugaritic	Ugaritic	ḳṯ̣	qˤθˤ	qˤ θˤ	ugar1238	35.6	35.78	Afro-Asiatic	1281
4397	2320_summersummerfruitsummerharvest	summer; summer fruit; summer harvest	hebrew	Modern Hebrew	ḳayiṣ	qˤajisˤ	qˤ a j i sˤ	hebr1245	31.1056	35.0179	Afro-Asiatic	1281
2006	992_sun	sun	pes	East Semitic	*ṣ̂aḥāy-	ɬˤaħaːj-	ɬˤ a ħ aː j	east2678			Afro-Asiatic	868
2007	992_sun	sun	geez	Geez	ṣ̂aḥāy	ɬˤaħaːj	ɬˤ a ħ aː j	geez1241	10.1342	40.6821	Afro-Asiatic	868
2008	992_sun	sun	tigre	Tigre	ṣäḥay	sˤæħaj	sˤ æ ħ a j	tigr1270	17.3494	38.2233	Afro-Asiatic	868
2009	992_sun	sun	tigrinya	Tigrinya	ṣäḥay	sˤæħaj	sˤ æ ħ a j	tigr1271	15.3359	38.9266	Afro-Asiatic	868
2010	992_sun	sun	amharic	Amharic	ṭäy, ṣähay	tˤæj	tˤ æ j	amha1245	11.708182	39.543456	Afro-Asiatic	868
2011	992_sun	sun	argobba	Argobba	ṭähat, č̣əhid, č̣əhed, č̣əḥet, č̣uḥet	tˤæhat	tˤ æ h a t	argo1244	10.6596	39.756	Afro-Asiatic	868
2012	992_sun	sun	chaha	Chaha	č̣et	č̣et	č̣ e t	chah1248			Afro-Asiatic	868
2013	992_sun	sun	ezha	Ezha	č̣et	č̣et	č̣ e t	ezha1238			Afro-Asiatic	868
2014	992_sun	sun	ezha	Ezha	č̣et	č̣et	č̣ e t	ezha1238			Afro-Asiatic	868
2015	992_sun	sun	gyeto	Gyeta	č̣ayt	č̣ajt	č̣ a j t	gyet1241			Afro-Asiatic	868
2016	992_sun	sun	muher	Muher	č̣et	č̣et	č̣ e t	muhe1234			Afro-Asiatic	868
2017	992_sun	sun	masqan	Mesqan	č̣et	č̣et	č̣ e t	mesq1240	8.10617	38.3386	Afro-Asiatic	868
2018	992_sun	sun	gogot	Kistane	č̣et	č̣et	č̣ e t	kist1241	8.33561	38.4763	Afro-Asiatic	868
1440	733_swarmofbees	swarm of bees	arabic	Arabic	dabr-, dibr-	dabr-	d a b r	arab1395			Afro-Asiatic	665
5972	3276_sweetodorsperfumes	sweet odors, perfumes	mandaic	Classical Mandaic	busma	busma	b u s m a	clas1253	36.1203	49.5659	Afro-Asiatic	1885
3617	1840_sword	sword	pcs	Central Semitic	*ḥarb-	ħarb-	ħ a r b	cent2236			Afro-Asiatic	1181
3619	1840_sword	sword	hebrew	Modern Hebrew	ḥäräb	ħæræb	ħ æ r æ b	hebr1245	31.1056	35.0179	Afro-Asiatic	1181
3620	1842_swordspearpointplowshare	sword; spear point; plowshare	syriac	Classical Syriac	ḥarbā	ħarbaː	ħ a r b aː	clas1252	37.1129	42.1432	Afro-Asiatic	1181
5000	2668_sacquitterdundevoirtoperformaduty	s’acquitter d’un devoir (to perform a duty)	minaean	Minaean	ṣdḳ	sˤdqˤ	sˤ d qˤ	mina1279	16.166667	44.672778	Afro-Asiatic	1358
621	379_secartaunpeu	s’écarta un peu	tigre	Tigre	fäḳ bela	fæqˤ	f æ qˤ	tigr1270	17.3494	38.2233	Afro-Asiatic	260
4163	2156_seclaircirtoclear	s’éclaircir (to clear)	tigre	Tigre	təbäyyänä	təbæjjænæ	t ə b æ j j æ n æ	tigr1270	17.3494	38.2233	Afro-Asiatic	1252
4987	2657_tabescerefaceretomeltaway	tabescere facere (to melt away)	geez	Geez	sayyaḥa	sajjaħa	s a j j a ħ a	geez1241	10.1342	40.6821	Afro-Asiatic	1356
362	239_tail	tail	jewishbabylonianaramaic	Jewish Babylonian Aramaic (ca. 200-1200 CE)	gōnbā, gnubtā	goːnbaː	g oː n b aː	jewi1240	32.273	44.245	Afro-Asiatic	140
832	239_tail	tail	syriac	Classical Syriac	ˀellītā	ʔelliːtaː	ʔ e l l iː t aː	clas1252	37.1129	42.1432	Afro-Asiatic	385
836	490_tailofsheep	tail of sheep	harari	Harari	lä̅t	læ̅t	l æ̅ t	hara1271	9.30485	42.1332	Afro-Asiatic	385
308	194_talllong	tall, long	jibbali	Jibbali	rihm	rihm	r i h m	sheh1240	17.29154	53.99526	Afro-Asiatic	128
5469	2970_tapeworm	tapeworm	endegen	Endegegny	awiyä	awijæ	a w i j æ	eneg1238			Afro-Asiatic	1622
2857	1376_tartamudear	tartamudear	ugaritic	Ugaritic	ˁlg	ʕlg	ʕ l g	ugar1238	35.6	35.78	Afro-Asiatic	1020
6244	3440_tax	tax	jewishpalestinianaramaic	Jewish Palestinian Aramaic	psˀ	psʔ	p s ʔ	pale1261			Afro-Asiatic	1966
6250	3445_taxinfoodorgrainforsoldiers	tax in food or grain for soldiers	amharic	Amharic	fäsäs	fæsæs	f æ s æ s	amha1245	11.708182	39.543456	Afro-Asiatic	1966
6249	3444_taxtributeowedbycitizenstothegovernment	tax, tribute owed by citizens to the government	tigrinya	Tigrinya	fäsäs	fæsæs	f æ s æ s	tigr1271	15.3359	38.9266	Afro-Asiatic	1966
1281	670_teamofhorseshorsesforachariothorseman	team of horses, horses for a chariot; horseman	hebrew	Modern Hebrew	pārāš	paːraːʃ	p aː r aː ʃ	hebr1245	31.1056	35.0179	Afro-Asiatic	613
1737	889_teat	teat	arabic	Arabic	ṭiby-, ṭuby	tˤibj-	tˤ i b j	arab1395			Afro-Asiatic	744
1759	889_teat	teat	harsusi	Harsusi	ḥāṭeb	ħaːtˤeb	ħ aː tˤ e b	hars1241	19.6511	56.1562	Afro-Asiatic	744
1758	895_teatofacamel	teat of a camel	jibbali	Jibbali	έṭəb	ɛtˤəb	ɛ tˤ ə b	sheh1240	17.29154	53.99526	Afro-Asiatic	744
1627	834_teatbreast	teat, breast	pcs	Central Semitic	*bizz-	bizz-	b i z z	cent2236			Afro-Asiatic	720
1736	834_teatbreast	teat, breast	pws	West Semitic	*ṭVb-	tˤ-b-	tˤ b	west2786			Afro-Asiatic	744
1757	894_teatnipple	teat, nipple	mehri	Mehri	wōṭəb	woːtˤəb	w oː tˤ ə b	mehr1241	16.793	52.473	Afro-Asiatic	744
1760	894_teatnipple	teat, nipple	soqotri	Soqotri	áˀaṭab or áṭab	áʔatˤab	á ʔ a tˤ a b	soqo1240	12.4892	53.9168	Afro-Asiatic	744
3355	1656_tenthousand	ten thousand	ebla	Eblaite	rí-PAP	rí----	r í	ebla1238	35.798	36.798	Afro-Asiatic	1150
3359	1656_tenthousand	ten thousand	syriac	Classical Syriac	rebbu	rebbu	r e b b u	clas1252	37.1129	42.1432	Afro-Asiatic	1150
3360	1656_tenthousand	ten thousand	arabic	Arabic	ribbiyy-, rabbiyy-, rubbiyy-	ribbijj-	r i b b i j j	arab1395			Afro-Asiatic	1150
3361	1656_tenthousand	ten thousand	arabic	Arabic	rabw-, rubwat-, ribwat-, rubat-	rabw-	r a b w	arab1395			Afro-Asiatic	1150
3354	1655_tenthousandmyriad	ten thousand, myriad	pcs	Central Semitic	*ribab-at-/ribb-at-, *ribw-at-	ribab-at-	r i b a b a t	cent2236			Afro-Asiatic	1150
3356	1655_tenthousandmyriad	ten thousand, myriad	ugaritic	Ugaritic	rbt	rbt	r b t	ugar1238	35.6	35.78	Afro-Asiatic	1150
1524	768_tendon	tendon	pws	West Semitic	*watar-/*watr-	watar-	w a t a r	west2786			Afro-Asiatic	694
147	101_tendonmuscleveinnerve	tendon, muscle, vein, nerve	pws	West Semitic	*ˁa/irḳ-	ʕa	ʕ a	west2786			Afro-Asiatic	102
150	104_tendonnerve	tendon, nerve	tigre	Tigre	ˁaräḳ	ʕaræqˤ	ʕ a r æ qˤ	tigr1270	17.3494	38.2233	Afro-Asiatic	102
4711	2500_tendonvein	tendon, vein	pws	West Semitic	*ˁVrḳ-	ʕ-rqˤ-	ʕ r qˤ	west2786			Afro-Asiatic	1310
1528	772_tendonbowstring	tendon; bowstring	mandaic	Classical Mandaic	iatra	iatra	i a t r a	clas1253	36.1203	49.5659	Afro-Asiatic	694
1530	774_tendonstringchord	tendon; string, chord	arabic	Arabic	watar-	watar-	w a t a r	arab1395			Afro-Asiatic	694
1491	751_termiteswhichhavewingsandleavethenestattheonsetoftherainyseasonsmalllocusts	termites which have wings and leave the nest at the onset of the rainy season; small locusts	amharic	Amharic	ašän, ašen	aʃæn	a ʃ æ n	amha1245	11.708182	39.543456	Afro-Asiatic	679
6028	3317_territoireterritory	territoire (territory)	minaean	Minaean	bṣ̂ˁ	bɬˤʕ	b ɬˤ ʕ	mina1279	16.166667	44.672778	Afro-Asiatic	1907
6511	3617_territory	territory	pes	East Semitic	*gV-	g--	g	east2678			Afro-Asiatic	2058
6512	3617_territory	territory	geez	Geez	ge	ge	g e	geez1241	10.1342	40.6821	Afro-Asiatic	2058
6513	3617_territory	territory	amharic	Amharic	ge	ge	g e	amha1245	11.708182	39.543456	Afro-Asiatic	2058
6514	3617_territory	territory	argobba	Argobba	ge	ge	g e	argo1244	10.6596	39.756	Afro-Asiatic	2058
983	542_territoryground	territory, ground	sabaic	Sabaic	mdr	mdr	m d r	saba1279	15.42	45.35	Afro-Asiatic	517
4857	2565_tertiarysyphilis	tertiary syphilis	tigre	Tigre	ˀabräṣ	ʔabræsˤ	ʔ a b r æ sˤ	tigr1270	17.3494	38.2233	Afro-Asiatic	1337
2634	1256_teschiofigcalvoskullfigbald	teschio (fig. – calvo) (skull (fig. – bald)	tigrinya	Tigrinya	ḳäränḳära	qˤærænqˤæra	qˤ æ r æ n qˤ æ r a	tigr1271	15.3359	38.9266	Afro-Asiatic	969
1917	970_testiculi	testiculi	jewishbabylonianaramaic	Jewish Babylonian Aramaic (ca. 200-1200 CE)	paḥdīn	paħdiːn	p a ħ d iː n	jewi1240	32.273	44.245	Afro-Asiatic	848
6107	3360_thatwhichisoppositethatwhichcorrespondsinfrontofbefore	that which is opposite, that which corresponds; in front of, before	hebrew	Modern Hebrew	nägäd	nægæd	n æ g æ d	hebr1245	31.1056	35.0179	Afro-Asiatic	1934
3299	1629_theabodeofthestateofperpetualexistence	the abode of the state of perpetual existence	arabic	Arabic	ḫuld-	xuld-	x u l d	arab1395			Afro-Asiatic	1136
6473	3590_thebagwhichcontainsamaleanimalsmember	the bag which contains a male animal's member	hebrew	Modern Hebrew	zubbān	zubbaːn	z u b b aː n	hebr1245	31.1056	35.0179	Afro-Asiatic	2039
3968	2033_thechestsurroundingthelungsribsasingleribthepartiesoftheabdomenboardpartition	the chest surrounding the lungs; ribs; a single rib; the parties of the abdomen; boardpartition	hebrew	Modern Hebrew	dōpān	doːpaːn	d oː p aː n	hebr1245	31.1056	35.0179	Afro-Asiatic	1227
3969	2033_thechestsurroundingthelungsribsasingleribthepartiesoftheabdomenboardpartition	the chest surrounding the lungs; ribs; a single rib; the parties of the abdomen; boardpartition	jewishbabylonianaramaic	Jewish Babylonian Aramaic (ca. 200-1200 CE)	dōpnā, dāpnā	doːpnaː	d oː p n aː	jewi1240	32.273	44.245	Afro-Asiatic	1227
6304	3477_thedistancebetweenthetipofthethumbandthatoftheindexfingerwhenheldapartorbetweentherootofthethumbandthetipoftheindexfingerwhentheformerisleaningagainstthelatter	the distance between the tip of the thumb and that of the index finger when held apart, or between the root of the thumb and the tip of the index finger when the former is leaning against the latter	hebrew	Modern Hebrew	sīṭ	siːtˤ	s iː tˤ	hebr1245	31.1056	35.0179	Afro-Asiatic	1977
3176	1547_theinteriorofearthorground	the interior of earth or ground	arabic	Arabic	ˀadamat-	ʔadamat-	ʔ a d a m a t	arab1395			Afro-Asiatic	1114
3908	1998_theinteriorpartofthemouththroat	the interior part of the mouth, throat	geez	Geez	ˀanḳar	ʔanqˤar	ʔ a n qˤ a r	geez1241	10.1342	40.6821	Afro-Asiatic	1214
5017	2679_thelikeofathing	the like of a thing	arabic	Arabic	širˁ-	ʃirʕ-	ʃ i r ʕ	arab1395			Afro-Asiatic	1362
1573	805_thelowestpartoftheneck	the lowest part of the neck	pws	West Semitic	*ṯVkm-	θ-km-	θ k m	west2786			Afro-Asiatic	709
3741	1923_theonewhostands	the one who stands	ebla	Eblaite	na-zi-bù /nāṣibu(m)/	na-zi-bù	n a z i b ù	ebla1238	35.798	36.798	Afro-Asiatic	1197
6064	3337_theotherside	the other side	amharic	Amharic	mado	mado	m a d o	amha1245	11.708182	39.543456	Afro-Asiatic	1924
5321	2895_theropes	the ropes	mandaic	Classical Mandaic	šanziria	ʃanziria	ʃ a n z i r i a	clas1253	36.1203	49.5659	Afro-Asiatic	1499
1040	576_thesoulspirit	the soul, spirit	arabic	Arabic	rūḥ-	ruːħ-	r uː ħ	arab1395			Afro-Asiatic	538
1526	770_thestraightsideofthestomachoppositetocurvedside	the straight side of the stomach (opposite to curved side)	jewishbabylonianaramaic	Jewish Babylonian Aramaic (ca. 200-1200 CE)	yitrā	jitraː	j i t r aː	jewi1240	32.273	44.245	Afro-Asiatic	694
5917	3246_thethickmuscularstomachofbirdscraw	the thick muscular stomach of birds, craw	hebrew	Modern Hebrew	ḳorḳəbān	qˤorqˤəbaːn	qˤ o r qˤ ə b aː n	hebr1245	31.1056	35.0179	Afro-Asiatic	1862
5918	3246_thethickmuscularstomachofbirdscraw	the thick muscular stomach of birds, craw	jewishbabylonianaramaic	Jewish Babylonian Aramaic (ca. 200-1200 CE)	ḳurḳəbānā	qˤurqˤəbaːnaː	qˤ u r qˤ ə b aː n aː	jewi1240	32.273	44.245	Afro-Asiatic	1862
5973	3277_thetreeofthebalsamofmekkehamyrisopobalsamum	the tree of the balsam of Mekkeh, amyris opobalsamum	arabic	Arabic	bašām-	baʃaːm-	b a ʃ aː m	arab1395			Afro-Asiatic	1885
3996	2053_thetwoendsoftheforehead	the two ends of the forehead	arabic	Arabic	ˀal-ǯabīnāni	ʔal-gabiːnaːni	ʔ a l g a b iː n aː n i	arab1395			Afro-Asiatic	1230
4053	2081_then	then	hebrew	Modern Hebrew	ˀāz	ʔaːz	ʔ aː z	hebr1245	31.1056	35.0179	Afro-Asiatic	1241
4058	2081_then	then	qatabanian	Qatabanian	ˀḏw	ʔðw	ʔ ð w	qata1238	14.8	45.733333	Afro-Asiatic	1241
6636	2081_then	then	pws	West Semitic	*pa-	pa-	p a	west2786			Afro-Asiatic	2150
4052	2080_thenandsosothen	then, and so, so then	ugaritic	Ugaritic	ˀidk	ʔidk	ʔ i d k	ugar1238	35.6	35.78	Afro-Asiatic	1241
3452	1731_there	there	pcs	Central Semitic	*ṯamma	θamma	θ a m m a	cent2236			Afro-Asiatic	1163
3453	1731_there	there	ugaritic	Ugaritic	ṯm	θm	θ m	ugar1238	35.6	35.78	Afro-Asiatic	1163
3454	1731_there	there	hebrew	Modern Hebrew	šām, šammā	ʃaːm	ʃ aː m	hebr1245	31.1056	35.0179	Afro-Asiatic	1163
3455	1731_there	there	oldaramaic	Old Aramaic (up to 700 BCE)	šm	ʃm	ʃ m	olda1246			Afro-Asiatic	1163
3456	1731_there	there	biblicalaramaic	Imperial Aramaic (700-300 BCE)	tammā	tammaː	t a m m aː	impe1235	33.905	42.185	Afro-Asiatic	1163
3457	1731_there	there	jewishbabylonianaramaic	Jewish Babylonian Aramaic (ca. 200-1200 CE)	tammān	tammaːn	t a m m aː n	jewi1240	32.273	44.245	Afro-Asiatic	1163
3458	1731_there	there	syriac	Classical Syriac	tammān	tammaːn	t a m m aː n	clas1252	37.1129	42.1432	Afro-Asiatic	1163
3460	1731_there	there	arabic	Arabic	ṯamma	θamma	θ a m m a	arab1395			Afro-Asiatic	1163
5430	2950_thereisnot	there is not	pes	East Semitic	*ˀal(a)-b-	ʔal-b-	ʔ a l b	east2678			Afro-Asiatic	1585
5365	2912_these	these	hebrew	Modern Hebrew	ˀēllǟ	ʔeːllæː	ʔ eː l l æː	hebr1245	31.1056	35.0179	Afro-Asiatic	1558
5366	2912_these	these	arabic	Arabic	ˀulāˀi	ʔulaːʔi	ʔ u l aː ʔ i	arab1395			Afro-Asiatic	1558
5377	2912_these	these	mehri	Mehri	əlyōməh	əljoːməh	ə l j oː m ə h	mehr1241	16.793	52.473	Afro-Asiatic	1558
5369	2915_thesefem	these (fem.)	sabaic	Sabaic	ˀlt	ʔlt	ʔ l t	saba1279	15.42	45.35	Afro-Asiatic	1558
5371	2915_thesefem	these (fem.)	geez	Geez	ˀəllā	ʔəllaː	ʔ ə l l aː	geez1241	10.1342	40.6821	Afro-Asiatic	1558
5376	2915_thesefem	these (fem.)	geez	Geez	ˀəllāntu	ʔəllaːntu	ʔ ə l l aː n t u	geez1241	10.1342	40.6821	Afro-Asiatic	1558
5368	2914_thesemasc	these (masc.)	sabaic	Sabaic	ˀln	ʔln	ʔ l n	saba1279	15.42	45.35	Afro-Asiatic	1558
5372	2914_thesemasc	these (masc.)	geez	Geez	ˀəllu	ʔəllu	ʔ ə l l u	geez1241	10.1342	40.6821	Afro-Asiatic	1558
5375	2914_thesemasc	these (masc.)	geez	Geez	ˀəllontu	ʔəllontu	ʔ ə l l o n t u	geez1241	10.1342	40.6821	Afro-Asiatic	1558
5364	2911_thesetheoneswhowhichthat	these; the ones who/which/that	pws	West Semitic	*ˀVlV/ˀVllV	ʔ-l-	ʔ l	west2786			Afro-Asiatic	1558
1670	859_thigh	thigh	argobba	Argobba	č̣ən	č̣ən	č̣ ə n	argo1244	10.6596	39.756	Afro-Asiatic	727
1675	859_thigh	thigh	gafat	Gafat	č̣ən	č̣ən	č̣ ə n	gafa1240	11.5764	39.5605	Afro-Asiatic	727
1902	859_thigh	thigh	ugaritic	Ugaritic	šḳ	ʃqˤ	ʃ qˤ	ugar1238	35.6	35.78	Afro-Asiatic	844
1904	859_thigh	thigh	officialaramaic	Middle-Modern Aramaic	šḳ	ʃqˤ	ʃ qˤ	midd1367			Afro-Asiatic	844
1907	859_thigh	thigh	syriac	Classical Syriac	šāḳā	ʃaːqˤaː	ʃ aː qˤ aː	clas1252	37.1129	42.1432	Afro-Asiatic	844
1920	859_thigh	thigh	sabaic	Sabaic	fḫḏ	fxð	f x ð	saba1279	15.42	45.35	Afro-Asiatic	848
1924	859_thigh	thigh	harsusi	Harsusi	efḫāḏ	efxaːð	e f x aː ð	hars1241	19.6511	56.1562	Afro-Asiatic	848
1918	971_thighbuttocks	thigh, buttocks	syriac	Classical Syriac	puḥdā	puħdaː	p u ħ d aː	clas1252	37.1129	42.1432	Afro-Asiatic	848
1903	959_thighfibulashankofananimal	thigh, fibula; shank of an animal	hebrew	Modern Hebrew	šōḳ	ʃoːqˤ	ʃ oː qˤ	hebr1245	31.1056	35.0179	Afro-Asiatic	844
1914	968_thighhaunch	thigh, haunch	hebrew	Modern Hebrew	paḥad	paħad	p a ħ a d	hebr1245	31.1056	35.0179	Afro-Asiatic	848
1669	858_thighlapthelegbetweenthekneeandthegroin	thigh, lap (the leg between the knee and the groin)	amharic	Amharic	č̣ən	č̣ən	č̣ ə n	amha1245	11.708182	39.543456	Afro-Asiatic	727
1919	972_thighthesmallestsubdivisionofatribe	thigh; the smallest subdivision of a tribe	arabic	Arabic	faḫiḏ-	faxið-	f a x i ð	arab1395			Afro-Asiatic	848
2056	998_thincloudlikeashes	thin cloud like ashes	syriac	Classical Syriac	dimtā d-ṭallā	dimtaː	d i m t aː	clas1252	37.1129	42.1432	Afro-Asiatic	874
3644	1861_thinfinethreadmadeoffibre	thin, fine thread made of fibre	jibbali	Jibbali	ḫíṭét	xítˤét	x í tˤ é t	sheh1240	17.29154	53.99526	Afro-Asiatic	1183
3367	1664_thinslender	thin, slender	syriac	Classical Syriac	raḳḳīḳā	raqˤqˤiːqˤaː	r a qˤ qˤ iː qˤ aː	clas1252	37.1129	42.1432	Afro-Asiatic	1151
4375	2304_thingsaid	thing said	arabic	Arabic	qawl-	qawl-	q a w l	arab1395			Afro-Asiatic	1277
5010	2673_thorn	thorn	pws	West Semitic	*ŝawk-/*ŝVkk-	ɬawk-	ɬ a w k	west2786			Afro-Asiatic	1361
5012	2673_thorn	thorn	hebrew	Modern Hebrew	ŝikkā	ɬikkaː	ɬ i k k aː	hebr1245	31.1056	35.0179	Afro-Asiatic	1361
5015	2677_thornthornbushspineofhedgehog	thorn, thornbush, spine (of hedgehog)	geez	Geez	ŝok	ɬok	ɬ o k	geez1241	10.1342	40.6821	Afro-Asiatic	1361
5014	2676_thornspricklesspines	thorns, prickles, spines	arabic	Arabic	šawk-	ʃawk-	ʃ a w k	arab1395			Afro-Asiatic	1361
1427	723_thorntailedlizard	thorntailed lizard	hebrew	Modern Hebrew	ṣāb	sˤaːb	sˤ aː b	hebr1245	31.1056	35.0179	Afro-Asiatic	656
5373	2917_those	those	geez	Geez	ˀəlləkku	ʔəlləkku	ʔ ə l l ə k k u	geez1241	10.1342	40.6821	Afro-Asiatic	1558
5374	2918_thosemasc	those (masc.)	geez	Geez	ˀəlləktu	ʔəlləktu	ʔ ə l l ə k t u	geez1241	10.1342	40.6821	Afro-Asiatic	1558
457	282_thousand	thousand	pws	West Semitic	*ˀalp-	ʔalp-	ʔ a l p	west2786			Afro-Asiatic	186
458	282_thousand	thousand	ugaritic	Ugaritic	ˀalp	ʔalp	ʔ a l p	ugar1238	35.6	35.78	Afro-Asiatic	186
459	282_thousand	thousand	hebrew	Modern Hebrew	ˀäläp	ʔælæp	ʔ æ l æ p	hebr1245	31.1056	35.0179	Afro-Asiatic	186
460	282_thousand	thousand	syriac	Classical Syriac	ˀalpā	ʔalpaː	ʔ a l p aː	clas1252	37.1129	42.1432	Afro-Asiatic	186
461	282_thousand	thousand	arabic	Arabic	ˀalf-	ʔalf-	ʔ a l f	arab1395			Afro-Asiatic	186
462	282_thousand	thousand	sabaic	Sabaic	ˀlf	ʔlf	ʔ l f	saba1279	15.42	45.35	Afro-Asiatic	186
463	282_thousand	thousand	minaean	Minaean	ˀlf	ʔlf	ʔ l f	mina1279	16.166667	44.672778	Afro-Asiatic	186
464	282_thousand	thousand	qatabanian	Qatabanian	ˀlf	ʔlf	ʔ l f	qata1238	14.8	45.733333	Afro-Asiatic	186
465	282_thousand	thousand	geez	Geez	ˀalf	ʔalf	ʔ a l f	geez1241	10.1342	40.6821	Afro-Asiatic	186
466	282_thousand	thousand	mehri	Mehri	ˀɛf	ʔɛf	ʔ ɛ f	mehr1241	16.793	52.473	Afro-Asiatic	186
467	282_thousand	thousand	jibbali	Jibbali	ˀɔf	ʔɔf	ʔ ɔ f	sheh1240	17.29154	53.99526	Afro-Asiatic	186
3638	1858_thread	thread	pcs	Central Semitic	*ḫawṭ-, *ḫayṭ-	xawtˤ-	x a w tˤ	cent2236			Afro-Asiatic	1183
3639	1858_thread	thread	hebrew	Modern Hebrew	ḥūṭ	ħuːtˤ	ħ uː tˤ	hebr1245	31.1056	35.0179	Afro-Asiatic	1183
3641	1858_thread	thread	syriac	Classical Syriac	ḥuṭā	ħutˤaː	ħ u tˤ aː	clas1252	37.1129	42.1432	Afro-Asiatic	1183
3642	1858_thread	thread	arabic	Arabic	ḫayṭ-	xajtˤ-	x a j tˤ	arab1395			Afro-Asiatic	1183
5031	2692_threadwreath	thread, wreath	hebrew	Modern Hebrew	ṣəpīrā	sˤəpiːraː	sˤ ə p iː r aː	hebr1245	31.1056	35.0179	Afro-Asiatic	1365
1926	975_three	three	pcs	Central Semitic	*ṯalāṯ-	θalaːθ-	θ a l aː θ	cent2236			Afro-Asiatic	853
1927	975_three	three	ugaritic	Ugaritic	ṯlṯ	θlθ	θ l θ	ugar1238	35.6	35.78	Afro-Asiatic	853
1928	975_three	three	phoenician	Phoenician	šlš	ʃlʃ	ʃ l ʃ	phoe1239	34.12	35.65	Afro-Asiatic	853
1929	975_three	three	hebrew	Modern Hebrew	šāloš	ʃaːloʃ	ʃ aː l o ʃ	hebr1245	31.1056	35.0179	Afro-Asiatic	853
1930	975_three	three	jewishbabylonianaramaic	Jewish Babylonian Aramaic (ca. 200-1200 CE)	tlāṯā	tlaːθaː	t l aː θ aː	jewi1240	32.273	44.245	Afro-Asiatic	853
1931	975_three	three	syriac	Classical Syriac	tlāṯ	tlaːθ	t l aː θ	clas1252	37.1129	42.1432	Afro-Asiatic	853
1932	975_three	three	mandaic	Classical Mandaic	tlata	tlata	t l a t a	clas1253	36.1203	49.5659	Afro-Asiatic	853
1934	975_three	three	arabic	Arabic	ṯalāṯ-	θalaːθ-	θ a l aː θ	arab1395			Afro-Asiatic	853
1935	975_three	three	sabaic	Sabaic	s₂lṯ	s₂lθ	s ² l θ	saba1279	15.42	45.35	Afro-Asiatic	853
1936	975_three	three	tigre	Tigre	salas	salas	s a l a s	tigr1270	17.3494	38.2233	Afro-Asiatic	853
1937	975_three	three	tigrinya	Tigrinya	sälästä	sælæstæ	s æ l æ s t æ	tigr1271	15.3359	38.9266	Afro-Asiatic	853
1938	975_three	three	amharic	Amharic	sost	sost	s o s t	amha1245	11.708182	39.543456	Afro-Asiatic	853
1939	975_three	three	argobba	Argobba	suˀst, sost, soˀost	suʔst	s u ʔ s t	argo1244	10.6596	39.756	Afro-Asiatic	853
1940	975_three	three	harari	Harari	šiˀišti, šīšti	ʃiʔiʃti	ʃ i ʔ i ʃ t i	hara1271	9.30485	42.1332	Afro-Asiatic	853
1941	975_three	three	selti	Silt'e	šēšt	ʃeːʃt	ʃ eː ʃ t	silt1240	7.77004	38.1449	Afro-Asiatic	853
1942	975_three	three	wolane	Wolane	šešt	ʃeʃt	ʃ e ʃ t	wola1253	8.23	38.14	Afro-Asiatic	853
1943	975_three	three	zway	Zay	šešt	ʃeʃt	ʃ e ʃ t	zayy1238	8.01148	38.8258	Afro-Asiatic	853
1944	975_three	three	gafat	Gafat	sʷostä	sʷostæ	sʷ o s t æ	gafa1240	11.5764	39.5605	Afro-Asiatic	853
1945	975_three	three	chaha	Chaha	sost	sost	s o s t	chah1248			Afro-Asiatic	853
1947	975_three	three	endegen	Endegegny	soˀost	soʔost	s o ʔ o s t	eneg1238			Afro-Asiatic	853
1948	975_three	three	ennemor	Inoric	soˀost	soʔost	s o ʔ o s t	inor1238	7.94883	37.7968	Afro-Asiatic	853
1949	975_three	three	gyeto	Gyeta	soˀost	soʔost	s o ʔ o s t	gyet1241			Afro-Asiatic	853
1950	975_three	three	muher	Muher	so̢st	so̢st	s o̢ s t	muhe1234			Afro-Asiatic	853
1951	975_three	three	masqan	Mesqan	sost	sost	s o s t	mesq1240	8.10617	38.3386	Afro-Asiatic	853
1952	975_three	three	gogot	Kistane	sost	sost	s o s t	kist1241	8.33561	38.4763	Afro-Asiatic	853
1953	975_three	three	soddo	Soddo	sost	sost	s o s t	sodd1242			Afro-Asiatic	853
1584	814_throat	throat	pws	West Semitic	*gVrgVr-at-	g-rg-r-at-	g r g r a t	west2786			Afro-Asiatic	712
1585	814_throat	throat	akkadian	Akkadian	si(g)gaggurītu, singang/urītu	sigagguriːtu	s i g a g g u r iː t u	akka1240	33.1	44.1	Afro-Asiatic	712
1586	814_throat	throat	ugaritic	Ugaritic	grgr	grgr	g r g r	ugar1238	35.6	35.78	Afro-Asiatic	712
1589	814_throat	throat	syriac	Classical Syriac	gaggartā	gaggartaː	g a g g a r t aː	clas1252	37.1129	42.1432	Afro-Asiatic	712
1593	814_throat	throat	argobba	Argobba	guroro, gororo	guroro	g u r o r o	argo1244	10.6596	39.756	Afro-Asiatic	712
1594	814_throat	throat	gafat	Gafat	gurarä, mägʷərər	guraræ	g u r a r æ	gafa1240	11.5764	39.5605	Afro-Asiatic	712
1595	814_throat	throat	chaha	Chaha	gʷärärä	gʷæræræ	gʷ æ r æ r æ	chah1248			Afro-Asiatic	712
1596	814_throat	throat	ezha	Ezha	gʷärärä	gʷæræræ	gʷ æ r æ r æ	ezha1238			Afro-Asiatic	712
1597	814_throat	throat	muher	Muher	gʷärärä	gʷæræræ	gʷ æ r æ r æ	muhe1234			Afro-Asiatic	712
1598	814_throat	throat	masqan	Mesqan	gʷärärä	gʷæræræ	gʷ æ r æ r æ	mesq1240	8.10617	38.3386	Afro-Asiatic	712
1599	814_throat	throat	gogot	Kistane	gʷärärä	gʷæræræ	gʷ æ r æ r æ	kist1241	8.33561	38.4763	Afro-Asiatic	712
1600	814_throat	throat	soddo	Soddo	gʷärärä	gʷæræræ	gʷ æ r æ r æ	sodd1242			Afro-Asiatic	712
1601	814_throat	throat	pcs	Central Semitic	*gVrān-	g-raːn-	g r aː n	cent2236			Afro-Asiatic	713
3947	814_throat	throat	syriac	Classical Syriac	bālaˁtā	baːlaʕtaː	b aː l a ʕ t aː	clas1252	37.1129	42.1432	Afro-Asiatic	1222
5709	814_throat	throat	ugaritic	Ugaritic	pḳḳ	pqˤqˤ	p qˤ qˤ	ugar1238	35.6	35.78	Afro-Asiatic	1793
5919	3247_throatofbirds	throat (of birds)	syriac	Classical Syriac	ḳa/urḳəbānā	qˤa	qˤ a	clas1252	37.1129	42.1432	Afro-Asiatic	1862
1587	815_throatgulletwindpipetrachea	throat, gullet; windpipe, trachea	hebrew	Modern Hebrew	gargärät	gargæræt	g a r g æ r æ t	hebr1245	31.1056	35.0179	Afro-Asiatic	712
1602	820_throatneck	throat, neck	hebrew	Modern Hebrew	gārōn	gaːroːn	g aː r oː n	hebr1245	31.1056	35.0179	Afro-Asiatic	713
1603	821_throatpalate	throat, palate	jewishbabylonianaramaic	Jewish Babylonian Aramaic (ca. 200-1200 CE)	grōnā	groːnaː	g r oː n aː	jewi1240	32.273	44.245	Afro-Asiatic	713
1590	817_throattonsils	throat, tonsils	mandaic	Classical Mandaic	gangarata	gangarata	g a n g a r a t a	clas1253	36.1203	49.5659	Afro-Asiatic	712
1592	819_throattrachea	throat, trachea	amharic	Amharic	gʷərorro, gurärro, gurorro	gʷərorro	gʷ ə r o r r o	amha1245	11.708182	39.543456	Afro-Asiatic	712
3907	1997_throatuvulaneck	throat, uvula, neck	pes	East Semitic	*ˁanḳar	ʕanqˤar	ʕ a n qˤ a r	east2678			Afro-Asiatic	1214
4005	2060_thumbgreattoe	thumb, great toe	hebrew	Modern Hebrew	gūdāl	guːdaːl	g uː d aː l	hebr1245	31.1056	35.0179	Afro-Asiatic	1232
3198	1561_to	to	phoenician	Phoenician	ˀl	ʔl	ʔ l	phoe1239	34.12	35.65	Afro-Asiatic	1120
1781	906_toarisespringup	to (a)rise, spring up	mandaic	Classical Mandaic	nbg	nbg	n b g	clas1253	36.1203	49.5659	Afro-Asiatic	768
2515	1158_tobeabouttovomit	to (be about to) vomit	pws	West Semitic	*gˁṯ̣	gʕθˤ	g ʕ θˤ	west2786			Afro-Asiatic	943
4151	2145_tobeseparated	to (be) separate(d)	pws	West Semitic	*byn	bjn	b j n	west2786			Afro-Asiatic	1252
4896	2593_topreposition	to (preposition)	pws	West Semitic	*li/la	li	l i	west2786			Afro-Asiatic	1347
6054	3331_toabducttosnatch	to abduct, to snatch	amharic	Amharic	ṭälläfä	tˤællæfæ	tˤ æ l l æ f æ	amha1245	11.708182	39.543456	Afro-Asiatic	1921
6053	3330_toabducttoseizetograb	to abduct; to seize, to grab	tigrinya	Tigrinya	ṭäläfä	tˤælæfæ	tˤ æ l æ f æ	tigr1271	15.3359	38.9266	Afro-Asiatic	1921
4361	2295_toaccept	to accept	sabaic	Sabaic	ḳbl	qˤbl	qˤ b l	saba1279	15.42	45.35	Afro-Asiatic	1276
4365	2295_toaccept	to accept	mehri	Mehri	ḳáybəl	qˤájbəl	qˤ á j b ə l	mehr1241	16.793	52.473	Afro-Asiatic	1276
4369	2295_toaccept	to accept	jibbali	Jibbali	ḳēl	qˤeːl	qˤ eː l	sheh1240	17.29154	53.99526	Afro-Asiatic	1276
4685	2295_toaccept	to accept	jibbali	Jibbali	ɛrẓ̂ẹ́	ɛrẓ̂eː	ɛ r ẓ̂ eː	sheh1240	17.29154	53.99526	Afro-Asiatic	1308
4405	2326_toacquire	to acquire	ugaritic	Ugaritic	ḳny	qˤnj	qˤ n j	ugar1238	35.6	35.78	Afro-Asiatic	1282
4414	2326_toacquire	to acquire	minaean	Minaean	ḳny	qˤnj	qˤ n j	mina1279	16.166667	44.672778	Afro-Asiatic	1282
4415	2326_toacquire	to acquire	qatabanian	Qatabanian	ḳny	qˤnj	qˤ n j	qata1238	14.8	45.733333	Afro-Asiatic	1282
4408	2328_toacquirebuy	to acquire, buy	hebrew	Modern Hebrew	ḳny	qˤnj	qˤ n j	hebr1245	31.1056	35.0179	Afro-Asiatic	1282
4409	2329_toacquirepossess	to acquire, possess	syriac	Classical Syriac	ḳny	qˤnj	qˤ n j	clas1252	37.1129	42.1432	Afro-Asiatic	1282
4404	2325_toacquiretopossess	to acquire, to possess	pws	West Semitic	*ḳny	qˤnj	qˤ n j	west2786			Afro-Asiatic	1282
4595	2442_toactasamessenger	to act as a messenger	arabic	Arabic	ˀlk	ʔlk	ʔ l k	arab1395			Afro-Asiatic	1299
3410	1700_toactjustly	to act justly	jibbali	Jibbali	essói	essói	e s s ó i	sheh1240	17.29154	53.99526	Afro-Asiatic	1156
6407	3557_toadd	to add	pws	West Semitic	*wsp	wsp	w s p	west2786			Afro-Asiatic	2029
6408	3557_toadd	to add	phoenician	Phoenician	ysp	jsp	j s p	phoe1239	34.12	35.65	Afro-Asiatic	2029
6410	3557_toadd	to add	moabite	Moabite	ysp	jsp	j s p	moab1234			Afro-Asiatic	2029
6422	3557_toadd	to add	soqotri	Soqotri	sef	sef	s e f	soqo1240	12.4892	53.9168	Afro-Asiatic	2029
6441	3557_toadd	to add	soqotri	Soqotri	ṣeḷ	sˤeḷ	sˤ e l̩	soqo1240	12.4892	53.9168	Afro-Asiatic	2034
6409	3558_toaddtocontinuetodo	to add, to continue to do	hebrew	Modern Hebrew	ysp	jsp	j s p	hebr1245	31.1056	35.0179	Afro-Asiatic	2029
4919	2608_toadhereapproachtobenear	to adhere, approach, to be near	pws	West Semitic	*wly	wlj	w l j	west2786			Afro-Asiatic	1348
6334	3497_toadheretoattachtobejoined	to adhere, to attach, to be joined	jewishpalestinianaramaic	Jewish Palestinian Aramaic	dbḳ	dbqˤ	d b qˤ	pale1261			Afro-Asiatic	1983
6312	3485_toadheretosticktoeachother	to adhere, to stick to each other	pws	West Semitic	*ṭbḳ	tˤbqˤ	tˤ b qˤ	west2786			Afro-Asiatic	1982
6329	3485_toadheretosticktoeachother	to adhere, to stick to each other	pws	West Semitic	*dbḳ	dbqˤ	d b qˤ	west2786			Afro-Asiatic	1983
6316	3489_toadheretosticktotocohere	to adhere, to stick to, to cohere	tigrinya	Tigrinya	ṭäbäḳä	tˤæbæqˤæ	tˤ æ b æ qˤ æ	tigr1271	15.3359	38.9266	Afro-Asiatic	1982
6335	3498_toadheretotouchtoreach	to adhere, to touch, to reach	jewishbabylonianaramaic	Jewish Babylonian Aramaic (ca. 200-1200 CE)	dbḳ	dbqˤ	d b qˤ	jewi1240	32.273	44.245	Afro-Asiatic	1983
3479	1745_toadvise	to advise	pcs	Central Semitic	*wˁṯ̣	wʕθˤ	w ʕ θˤ	cent2236			Afro-Asiatic	1166
3480	1745_toadvise	to advise	hebrew	Modern Hebrew	yˁṣ	jʕsˤ	j ʕ sˤ	hebr1245	31.1056	35.0179	Afro-Asiatic	1166
3481	1745_toadvise	to advise	biblicalaramaic	Imperial Aramaic (700-300 BCE)	yˁṭ	jʕtˤ	j ʕ tˤ	impe1235	33.905	42.185	Afro-Asiatic	1166
3482	1746_toadvisetoadmonish	to advise, to admonish	arabic	Arabic	wˁḏ̣	wʕðˤ	w ʕ ðˤ	arab1395			Afro-Asiatic	1166
5130	2766_toaidtohelptoprotect	to aid, to help, to protect	sabaic	Sabaic	h-ˁn	h-ʕn	h ʕ n	saba1279	15.42	45.35	Afro-Asiatic	1393
3401	1694_toamuse	to amuse	jibbali	Jibbali	eslé	eslé	e s l é	sheh1240	17.29154	53.99526	Afro-Asiatic	1155
3399	1692_toamuseentertain	to amuse, entertain	mehri	Mehri	sōli	soːli	s oː l i	mehr1241	16.793	52.473	Afro-Asiatic	1155
3402	1692_toamuseentertain	to amuse, entertain	jibbali	Jibbali	essóli	essóli	e s s ó l i	sheh1240	17.29154	53.99526	Afro-Asiatic	1155
4166	2159_toappear	to appear	mehri	Mehri	bəyōn	bəjoːn	b ə j oː n	mehr1241	16.793	52.473	Afro-Asiatic	1252
4167	2159_toappear	to appear	jibbali	Jibbali	bɛ̄n	bɛ̄n	b ɛ̄ n	sheh1240	17.29154	53.99526	Afro-Asiatic	1252
6405	3555_toappearinaplacewhereheitshouldremainiitodeclaretoberighttoapproveivtogorighttoreachitsgoalxtoconsidertoberight	to appear in a place where he/it should remain, (II) to declare to be right, to approve, (IV) to go right, to reach its goal’, (X) to consider to be right	arabic	Arabic	ṣwb	sˤwb	sˤ w b	arab1395			Afro-Asiatic	2028
3381	1678_toarrangeatruce	to arrange a truce	mehri	Mehri	həṣlēḥ	həsˤleːħ	h ə sˤ l eː ħ	mehr1241	16.793	52.473	Afro-Asiatic	1153
6438	3576_toarrivetobehavewithgoodnessandaffectiontohaveacloselovingcommunionwithsomebodyivtomakecometobringtodeliver	to arrive; to behave with goodness and affection, to have a close, loving communion with somebody; (IV) to make come, to bring, to deliver	arabic	Arabic	wṣl	wsˤl	w sˤ l	arab1395			Afro-Asiatic	2034
5670	3098_toassaultsuddenlyterrify	to assault suddenly, terrify	syriac	Classical Syriac	bˁt	bʕt	b ʕ t	clas1252	37.1129	42.1432	Afro-Asiatic	1777
6081	3347_toavengeblood	to avenge blood	pcs	Central Semitic	*ṯˀr	θʔr	θ ʔ r	cent2236			Afro-Asiatic	1929
6082	3347_toavengeblood	to avenge blood	ugaritic	Ugaritic	ṯˀr	θʔr	θ ʔ r	ugar1238	35.6	35.78	Afro-Asiatic	1929
5280	2869_toawake	to awake	hebrew	Modern Hebrew	yḳṣ	jqˤsˤ	j qˤ sˤ	hebr1245	31.1056	35.0179	Afro-Asiatic	1438
5283	2872_toawaketransitive	to awake (transitive)	soqotri	Soqotri	táḳiṭ	táqˤitˤ	t á qˤ i tˤ	soqo1240	12.4892	53.9168	Afro-Asiatic	1438
2236	1049_tobe	to be	pes	East Semitic	*hlw	hlw	h l w	east2678			Afro-Asiatic	906
2237	1049_tobe	to be	geez	Geez	hallawa	hallawa	h a l l a w a	geez1241	10.1342	40.6821	Afro-Asiatic	906
2238	1049_tobe	to be	tigre	Tigre	halla	halla	h a l l a	tigr1270	17.3494	38.2233	Afro-Asiatic	906
2239	1049_tobe	to be	tigrinya	Tigrinya	ˀallo	ʔallo	ʔ a l l o	tigr1271	15.3359	38.9266	Afro-Asiatic	906
2240	1049_tobe	to be	amharic	Amharic	allä	allæ	a l l æ	amha1245	11.708182	39.543456	Afro-Asiatic	906
2241	1049_tobe	to be	harari	Harari	ḥal	ħal	ħ a l	hara1271	9.30485	42.1332	Afro-Asiatic	906
2242	1049_tobe	to be	endegen	Endegegny	anä	anæ	a n æ	eneg1238			Afro-Asiatic	906
4347	1049_tobe	to be	pws	West Semitic	*kwn	kwn	k w n	west2786			Afro-Asiatic	1275
4350	1049_tobe	to be	arabic	Arabic	kwn	kwn	k w n	arab1395			Afro-Asiatic	1275
4352	1049_tobe	to be	minaean	Minaean	kwn	kwn	k w n	mina1279	16.166667	44.672778	Afro-Asiatic	1275
4353	1049_tobe	to be	qatabanian	Qatabanian	kwn	kwn	k w n	qata1238	14.8	45.733333	Afro-Asiatic	1275
4355	1049_tobe	to be	jibbali	Jibbali	kun	kun	k u n	sheh1240	17.29154	53.99526	Afro-Asiatic	1275
4348	2286_tobestablehave	to be (stable), have	ugaritic	Ugaritic	kn	kn	k n	ugar1238	35.6	35.78	Afro-Asiatic	1275
2354	1096_tobebecomechildlesstobebereft	to be / become childless; to be bereft	pcs	Central Semitic	*ṯkl	θkl	θ k l	cent2236			Afro-Asiatic	922
3894	1988_tobeaprostitute	to be a prostitute	jewishpalestinianaramaic	Jewish Palestinian Aramaic	zny	znj	z n j	pale1261			Afro-Asiatic	1213
134	92_tobeable	to be able	pws	West Semitic	*khl	khl	k h l	west2786			Afro-Asiatic	92
135	92_tobeable	to be able	oldaramaic	Old Aramaic (up to 700 BCE)	khl	khl	k h l	olda1246			Afro-Asiatic	92
138	92_tobeable	to be able	geez	Geez	kəhla	kəhla	k ə h l a	geez1241	10.1342	40.6821	Afro-Asiatic	92
140	92_tobeable	to be able	mehri	Mehri	kəhēl	kəheːl	k ə h eː l	mehr1241	16.793	52.473	Afro-Asiatic	92
141	96_tobeabletotolerate	to be able to tolerate	jibbali	Jibbali	khɛl	khɛl	k h ɛ l	sheh1240	17.29154	53.99526	Afro-Asiatic	92
1	1_tobeabundantwatertodrinkabundantly	to be abundant (water); to drink abundantly	pws	West Semitic	*rwy	rwj	r w j	west2786			Afro-Asiatic	11
4684	2495_tobeacceptableagreeable	to be acceptable, agreeable	mehri	Mehri	ráyẑi	rájɬ̬ˤi	r á j ɬ̬ˤ i	mehr1241	16.793	52.473	Afro-Asiatic	1308
2592	1218_tobeafflictedwithseniledementia	to be afflicted with senile dementia	mehri	Mehri	ḥǝyūl	ħǝjuːl	ħ ə j uː l	mehr1241	16.793	52.473	Afro-Asiatic	957
5763	3157_tobeafraid	to be afraid	pws	West Semitic	*pḥd	pħd	p ħ d	west2786			Afro-Asiatic	1803
5764	3157_tobeafraid	to be afraid	hebrew	Modern Hebrew	pḥd	pħd	p ħ d	hebr1245	31.1056	35.0179	Afro-Asiatic	1803
5765	3157_tobeafraid	to be afraid	deiralla	Canaanite	pḥd	pħd	p ħ d	cana1267			Afro-Asiatic	1803
5766	3157_tobeafraid	to be afraid	jewishpalestinianaramaic	Jewish Palestinian Aramaic	pḥd	pħd	p ħ d	pale1261			Afro-Asiatic	1803
5767	3157_tobeafraid	to be afraid	jewishbabylonianaramaic	Jewish Babylonian Aramaic (ca. 200-1200 CE)	pḥd	pħd	p ħ d	jewi1240	32.273	44.245	Afro-Asiatic	1803
5278	2867_tobealertpayattention	to be alert, pay attention	ugaritic	Ugaritic	yḳγ	jqˤɣ	j qˤ ɣ	ugar1238	35.6	35.78	Afro-Asiatic	1438
2114	1011_tobeamazingawesome	to be amazing, awesome	pes	East Semitic	*grm	grm	g r m	east2678			Afro-Asiatic	884
2115	1011_tobeamazingawesome	to be amazing, awesome	geez	Geez	garama	garama	g a r a m a	geez1241	10.1342	40.6821	Afro-Asiatic	884
2116	1011_tobeamazingawesome	to be amazing, awesome	tigre	Tigre	gärrämä	gærræmæ	g æ r r æ m æ	tigr1270	17.3494	38.2233	Afro-Asiatic	884
2117	1011_tobeamazingawesome	to be amazing, awesome	tigrinya	Tigrinya	gärämä	gæræmæ	g æ r æ m æ	tigr1271	15.3359	38.9266	Afro-Asiatic	884
2118	1011_tobeamazingawesome	to be amazing, awesome	amharic	Amharic	gärrämä	gærræmæ	g æ r r æ m æ	amha1245	11.708182	39.543456	Afro-Asiatic	884
2119	1011_tobeamazingawesome	to be amazing, awesome	selti	Silt'e	gärämä	gæræmæ	g æ r æ m æ	silt1240	7.77004	38.1449	Afro-Asiatic	884
2120	1011_tobeamazingawesome	to be amazing, awesome	soddo	Soddo	gärrämä	gærræmæ	g æ r r æ m æ	sodd1242			Afro-Asiatic	884
5668	3097_tobeanxiousafraid	to be anxious, afraid	jewishpalestinianaramaic	Jewish Palestinian Aramaic	bˁt	bʕt	b ʕ t	pale1261			Afro-Asiatic	1777
6045	3327_tobeasleep	to be asleep	pes	East Semitic	*ṭnn	tˤnn	tˤ n n	east2678			Afro-Asiatic	1920
6046	3327_tobeasleep	to be asleep	chaha	Chaha	ṭən barä	tˤən	tˤ ə n	chah1248			Afro-Asiatic	1920
6047	3327_tobeasleep	to be asleep	ezha	Ezha	ṭənn balä	tˤənn	tˤ ə n n	ezha1238			Afro-Asiatic	1920
6048	3327_tobeasleep	to be asleep	gyeto	Gyeta	ṭən barä	tˤən	tˤ ə n	gyet1241			Afro-Asiatic	1920
6049	3327_tobeasleep	to be asleep	muher	Muher	ṭənn balä	tˤənn	tˤ ə n n	muhe1234			Afro-Asiatic	1920
6050	3327_tobeasleep	to be asleep	masqan	Mesqan	ṭənn balä	tˤənn	tˤ ə n n	mesq1240	8.10617	38.3386	Afro-Asiatic	1920
3627	1848_tobeatoddswithsomeone	to be at odds with someone	mehri	Mehri	ḥōrəb	ħoːrəb	ħ oː r ə b	mehr1241	16.793	52.473	Afro-Asiatic	1181
4977	2647_tobebad	to be bad	pws	West Semitic	šwˀ	ʃwʔ	ʃ w ʔ	west2786			Afro-Asiatic	1355
5926	2647_tobebad	to be bad	pws	West Semitic	*psl	psl	p s l	west2786			Afro-Asiatic	1875
3603	1832_tobebarefoot	to be barefoot	syriac	Classical Syriac	nḥp	nħp	n ħ p	clas1252	37.1129	42.1432	Afro-Asiatic	1179
3204	1563_tobebarren	to be barren	pcs	Central Semitic	*ˁḳr	ʕqˤr	ʕ qˤ r	cent2236			Afro-Asiatic	1121
2361	1103_tobebereavedbecomechildless	to be bereaved, become childless	mandaic	Classical Mandaic	tkl	tkl	t k l	clas1253	36.1203	49.5659	Afro-Asiatic	922
2359	1101_tobebereftbereavetobechildlessconsume	to be bereft, bereave, to be childless, consume	jewishpalestinianaramaic	Jewish Palestinian Aramaic	tkl	tkl	t k l	pale1261			Afro-Asiatic	922
6553	3655_tobeblackonwhiteorwhiteonblack	to be black on white or white on black	pws	West Semitic	*ḥwr	ħwr	ħ w r	west2786			Afro-Asiatic	2100
2490	1143_tobeblind	to be blind	pws	West Semitic	*ˁwr	ʕwr	ʕ w r	west2786			Afro-Asiatic	938
2500	1143_tobeblind	to be blind	geez	Geez	ˁora	ʕora	ʕ o r a	geez1241	10.1342	40.6821	Afro-Asiatic	938
2501	1143_tobeblind	to be blind	tigre	Tigre	ˁorä	ʕoræ	ʕ o r æ	tigr1270	17.3494	38.2233	Afro-Asiatic	938
2505	1143_tobeblind	to be blind	muher	Muher	(t)awwärä	awwæræ	a w w æ r æ	muhe1234			Afro-Asiatic	938
2506	1143_tobeblind	to be blind	mehri	Mehri	ˀáywer (yāwōr)	ʔájwer	ʔ á j w e r	mehr1241	16.793	52.473	Afro-Asiatic	938
2508	1143_tobeblind	to be blind	harsusi	Harsusi	ˀáywer (yāwōr)	ʔájwer	ʔ á j w e r	hars1241	19.6511	56.1562	Afro-Asiatic	938
2495	1147_tobeblinded	to be blinded	oldaramaic	Old Aramaic (up to 700 BCE)	ˁwr	ʕwr	ʕ w r	olda1246			Afro-Asiatic	938
1121	609_tobebright	to be bright	pcs	Central Semitic	*pṣḥ	psˤħ	p sˤ ħ	cent2236			Afro-Asiatic	581
1123	609_tobebright	to be bright	hebrew	Modern Hebrew	pṣḥ	psˤħ	p sˤ ħ	hebr1245	31.1056	35.0179	Afro-Asiatic	581
1124	609_tobebright	to be bright	jewishbabylonianaramaic	Jewish Babylonian Aramaic (ca. 200-1200 CE)	pṣḥ	psˤħ	p sˤ ħ	jewi1240	32.273	44.245	Afro-Asiatic	581
1127	609_tobebright	to be bright	arabic	Arabic	fṣḥ	fsˤħ	f sˤ ħ	arab1395			Afro-Asiatic	581
3163	1536_tobebrightbrilliant	to be bright, brilliant	tigre	Tigre	bäyyäṣä	bæjjæsˤæ	b æ j j æ sˤ æ	tigr1270	17.3494	38.2233	Afro-Asiatic	1112
4639	2461_tobebroadwide	to be broad, wide	tigrinya	Tigrinya	räḥabä	ræħabæ	r æ ħ a b æ	tigr1271	15.3359	38.9266	Afro-Asiatic	1302
5416	2939_tobeburnedtoroast	to be burned, to roast	ugaritic	Ugaritic	ṣḥrr	sˤħrr	sˤ ħ r r	ugar1238	35.6	35.78	Afro-Asiatic	1582
5995	3292_tobecalm	to be calm (?)	pws	West Semitic	*pwš/pwṯ	pwʃ	p w ʃ	west2786			Afro-Asiatic	1894
3447	1726_tobeceremoniallyunclean	to be ceremonially unclean	hebrew	Modern Hebrew	ṭmˀ	tˤmʔ	tˤ m ʔ	hebr1245	31.1056	35.0179	Afro-Asiatic	1162
309	195_tobecircularroundtoroll	to be circular, round, to roll	pws	West Semitic	*ˁgl/gˁl	ʕgl	ʕ g l	west2786			Afro-Asiatic	129
3733	1919_tobeclean	to be clean	pcs	Central Semitic	*nḳy	nqˤj	n qˤ j	cent2236			Afro-Asiatic	1196
3734	1919_tobeclean	to be clean	hebrew	Modern Hebrew	nḳy	nqˤj	n qˤ j	hebr1245	31.1056	35.0179	Afro-Asiatic	1196
3735	1919_tobeclean	to be clean	jewishpalestinianaramaic	Jewish Palestinian Aramaic	nḳy	nqˤj	n qˤ j	pale1261			Afro-Asiatic	1196
3736	1919_tobeclean	to be clean	arabic	Arabic	nqy	nqj	n q j	arab1395			Afro-Asiatic	1196
3739	1919_tobeclean	to be clean	soqotri	Soqotri	néḳi	néqˤi	n é qˤ i	soqo1240	12.4892	53.9168	Afro-Asiatic	1196
5049	1919_tobeclean	to be clean	hebrew	Modern Hebrew	ṭhr	tˤhr	tˤ h r	hebr1245	31.1056	35.0179	Afro-Asiatic	1368
5201	1919_tobeclean	to be clean	tigre	Tigre	näga	næga	n æ g a	tigr1270	17.3494	38.2233	Afro-Asiatic	1413
5050	2706_tobecleanpure	to be clean, pure	arabic	Arabic	ṭhr	tˤhr	tˤ h r	arab1395			Afro-Asiatic	1368
4161	2154_tobeclearevidentiitoexplain	to be clear, evident; II. to explain	arabic	Arabic	byn	bjn	b j n	arab1395			Afro-Asiatic	1252
5097	2739_tobecleartoshine	to be clear, to shine	pws	West Semitic	*bhr	bhr	b h r	west2786			Afro-Asiatic	1380
4920	2609_tobeclose	to be close	arabic	Arabic	wly	wlj	w l j	arab1395			Afro-Asiatic	1348
5496	2994_tobecoiled	to be coiled	jibbali	Jibbali	ḥɔ́gɔ́l	ħɔ́gɔ́l	ħ ɔ́ g ɔ́ l	sheh1240	17.29154	53.99526	Afro-Asiatic	1673
110	80_tobecold	to be cold	arabic	Arabic	qrr	qrr	q r r	arab1395			Afro-Asiatic	83
113	80_tobecold	to be cold	amharic	Amharic	ḳʷärra	qˤʷærra	qʷˤ æ r r a	amha1245	11.708182	39.543456	Afro-Asiatic	83
4135	80_tobecold	to be cold	pws	West Semitic	*brd	brd	b r d	west2786			Afro-Asiatic	1251
4140	80_tobecold	to be cold	harari	Harari	bärädä	bærædæ	b æ r æ d æ	hara1271	9.30485	42.1332	Afro-Asiatic	1251
4141	80_tobecold	to be cold	selti	Silt'e	bärädä	bærædæ	b æ r æ d æ	silt1240	7.77004	38.1449	Afro-Asiatic	1251
4142	80_tobecold	to be cold	wolane	Wolane	bärädä	bærædæ	b æ r æ d æ	wola1253	8.23	38.14	Afro-Asiatic	1251
4143	80_tobecold	to be cold	zway	Zay	bärädä	bærædæ	b æ r æ d æ	zayy1238	8.01148	38.8258	Afro-Asiatic	1251
4144	80_tobecold	to be cold	chaha	Chaha	bändä	bændæ	b æ n d æ	chah1248			Afro-Asiatic	1251
4145	80_tobecold	to be cold	ezha	Ezha	bännädä	bænnædæ	b æ n n æ d æ	ezha1238			Afro-Asiatic	1251
4146	80_tobecold	to be cold	muher	Muher	bärädä	bærædæ	b æ r æ d æ	muhe1234			Afro-Asiatic	1251
4147	80_tobecold	to be cold	masqan	Mesqan	bärädä	bærædæ	b æ r æ d æ	mesq1240	8.10617	38.3386	Afro-Asiatic	1251
4148	80_tobecold	to be cold	gogot	Kistane	bärädä	bærædæ	b æ r æ d æ	kist1241	8.33561	38.4763	Afro-Asiatic	1251
4149	80_tobecold	to be cold	soddo	Soddo	bärädä	bærædæ	b æ r æ d æ	sodd1242			Afro-Asiatic	1251
107	79_tobecoldfrostytoturncold	to be cold, frosty, to turn cold	syriac	Classical Syriac	ḳrr	qˤrr	qˤ r r	clas1252	37.1129	42.1432	Afro-Asiatic	83
3815	1969_tobecomplete	to be complete	arabic	Arabic	tmm	tmm	t m m	arab1395			Afro-Asiatic	1205
3816	1969_tobecomplete	to be complete	sabaic	Sabaic	tmm	tmm	t m m	saba1279	15.42	45.35	Afro-Asiatic	1205
3817	1969_tobecomplete	to be complete	tigre	Tigre	tämmä	tæmmæ	t æ m m æ	tigr1270	17.3494	38.2233	Afro-Asiatic	1205
3820	1969_tobecomplete	to be complete	soqotri	Soqotri	tem(m)	tem	t e m	soqo1240	12.4892	53.9168	Afro-Asiatic	1205
3811	1965_tobecompleted	to be completed	pcs	Central Semitic	*tmm	tmm	t m m	cent2236			Afro-Asiatic	1205
3812	1966_tobecompletedfinished	to be completed, finished	hebrew	Modern Hebrew	tmm	tmm	t m m	hebr1245	31.1056	35.0179	Afro-Asiatic	1205
4719	2507_tobeconfoundeddisorderedtorushoutspreadabroad	to be confounded, disordered; to rush out, spread abroad	syriac	Classical Syriac	bdd	bdd	b d d	clas1252	37.1129	42.1432	Afro-Asiatic	1311
5822	3190_tobeconvincedtohaveconfidencetobelieve	to be convinced, to have confidence, to believe	mandaic	Classical Mandaic	sbr	sbr	s b r	clas1253	36.1203	49.5659	Afro-Asiatic	1816
2522	1165_tobecoupledconceivecattle	to be coupled, conceive (cattle)	chaha	Chaha	däna	dæna	d æ n a	chah1248			Afro-Asiatic	946
2523	1165_tobecoupledconceivecattle	to be coupled, conceive (cattle)	ezha	Ezha	dänna	dænna	d æ n n a	ezha1238			Afro-Asiatic	946
2524	1165_tobecoupledconceivecattle	to be coupled, conceive (cattle)	endegen	Endegegny	dätna	dætna	d æ t n a	eneg1238			Afro-Asiatic	946
2630	1252_tobecoveredwithulcers	to be covered with ulcers	arabic	Arabic	qrḥ	qrħ	q r ħ	arab1395			Afro-Asiatic	969
2836	1361_tobecrippledlame	to be crippled, lame	jibbali	Jibbali	ḏ̣élaˁ	ðˤélaʕ	ðˤ é l a ʕ	sheh1240	17.29154	53.99526	Afro-Asiatic	1017
2835	1360_tobecrippledlimp	to be crippled, limp	mehri	Mehri	ḏ̣áwla	ðˤáwla	ðˤ á w l a	mehr1241	16.793	52.473	Afro-Asiatic	1017
4889	2587_tobecured	to be cured	jibbali	Jibbali	ḥē	ħeː	ħ eː	sheh1240	17.29154	53.99526	Afro-Asiatic	1344
4888	2586_tobecuredgetbetter	to be cured, get better	mehri	Mehri	ḥáwya	ħáwja	ħ á w j a	mehr1241	16.793	52.473	Afro-Asiatic	1344
1975	980_tobecurvedbenttomakeacircularmovementtoencircle	to be curved, bent; to make a circular movement; to encircle	pws	West Semitic	*kb	kb	k b	west2786			Afro-Asiatic	862
4226	2186_tobecurvedbowedhunchback	to be curved, bowed, hunchback	pws	West Semitic	*gbn	gbn	g b n	west2786			Afro-Asiatic	1258
3172	1544_tobedampfresh	to be damp, fresh	jibbali	Jibbali	ṭériˀ	tˤériʔ	tˤ é r i ʔ	sheh1240	17.29154	53.99526	Afro-Asiatic	1113
3258	1598_tobedark	to be dark	pws	West Semitic	*γlm	ɣlm	ɣ l m	west2786			Afro-Asiatic	1130
6629	3707_tobedazzled	to be dazzled	mehri	Mehri	gəhēr	gəheːr	g ə h eː r	mehr1241	16.793	52.473	Afro-Asiatic	2148
6626	3704_tobedazzledshortsighted	to be dazzled, short-sighted	pws	West Semitic	ghr	ghr	g h r	west2786			Afro-Asiatic	2148
6630	3708_tobedazzledtohaveweakeyestobeshortsighted	to be dazzled; to have weak eyes, to be shortsighted	jibbali	Jibbali	gɛhέr	gɛhɛr	g ɛ h ɛ r	sheh1240	17.29154	53.99526	Afro-Asiatic	2148
2841	1365_tobedeaf	to be deaf	arabic	Arabic	ṣmm	sˤmm	sˤ m m	arab1395			Afro-Asiatic	1019
2844	1365_tobedeaf	to be deaf	tigre	Tigre	ṣämmä, č̣ämmä	sˤæmmæ	sˤ æ m m æ	tigr1270	17.3494	38.2233	Afro-Asiatic	1019
2842	1366_tobedeafdumbnotunderstand	to be deaf, dumb, not understand	geez	Geez	ṣamma	sˤamma	sˤ a m m a	geez1241	10.1342	40.6821	Afro-Asiatic	1019
2838	1362_tobedeaftohaveadamagedear	to be deaf, to have a damaged ear	pws	West Semitic	*ṣmm	sˤmm	sˤ m m	west2786			Afro-Asiatic	1019
6502	3610_tobedeepconcavetomakeahollow	to be deep, concave; to make a hollow	pws	West Semitic	*ḳˁr	qˤʕr	qˤ ʕ r	west2786			Afro-Asiatic	2049
6504	3612_tobedeeptohaveadeepbottomawell	to be deep, to have a deep bottom (a well)	arabic	Arabic	qˁr	qʕr	q ʕ r	arab1395			Afro-Asiatic	2049
4483	2374_tobedefeatedanenemy	to be defeated (an enemy)	arabic	Arabic	nky	nkj	n k j	arab1395			Afro-Asiatic	1288
4332	2272_tobedeficienttolose	to be deficient; to lose	pws	West Semitic	*ḫsr	xsr	x s r	west2786			Afro-Asiatic	1273
6397	3547_tobedeleteddestroyed	to be deleted, destroyed	geez	Geez	tadamsa	tadamsa	t a d a m s a	geez1241	10.1342	40.6821	Afro-Asiatic	2025
6649	3725_tobedenseforestbushes	to be dense (forest, bushes)	tigre	Tigre	šafḳa	ʃafqˤa	ʃ a f qˤ a	tigr1270	17.3494	38.2233	Afro-Asiatic	2160
6606	3690_tobedensethicktobeveryfat	to be dense, thick; to be very fat	amharic	Amharic	dännänä	dænnænæ	d æ n n æ n æ	amha1245	11.708182	39.543456	Afro-Asiatic	2142
3229	1578_tobedepressedhumbleddtohumiliate	to be depressed, humbled; D  to humiliate	ugaritic	Ugaritic	ˁny	ʕnj	ʕ n j	ugar1238	35.6	35.78	Afro-Asiatic	1123
5837	3203_tobedestroyedtobebrokencrackedorsplitinhalf	to be destroyed, to be broken, cracked or split in half	amharic	Amharic	fälläsä	fællæsæ	f æ l l æ s æ	amha1245	11.708182	39.543456	Afro-Asiatic	1820
3635	1855_tobedirtyandsmellbad	to be dirty and smell bad	mehri	Mehri	ḫátmər	xátmər	x á t m ə r	mehr1241	16.793	52.473	Afro-Asiatic	1182
4338	2278_tobedisgracedtobewasted	to be disgraced; to be wasted	geez	Geez	ḫasra	xasra	x a s r a	geez1241	10.1342	40.6821	Afro-Asiatic	1273
2535	1176_tobedissolutelustful	to be dissolute, lustful	geez	Geez	ḥab(a)la	ħabla	ħ a b l a	geez1241	10.1342	40.6821	Afro-Asiatic	950
302	188_tobedistantremotefaroff	to be distant, remote, far off	arabic	Arabic	rym	rjm	r j m	arab1395			Afro-Asiatic	128
3228	1577_tobedistressedhumbled	to be distressed, humbled	pcs	Central Semitic	*ˁny, ˁnw	ʕnj	ʕ n j	cent2236			Afro-Asiatic	1123
248	158_tobedry	to be dry	pws	West Semitic	*ybš	jbʃ	j b ʃ	west2786			Afro-Asiatic	119
644	158_tobedry	to be dry	jewishbabylonianaramaic	Jewish Babylonian Aramaic (ca. 200-1200 CE)	ṣmḳ	sˤmqˤ	sˤ m qˤ	jewi1240	32.273	44.245	Afro-Asiatic	287
6536	3638_tobedumbdtoblock	to be dumb; (D) to block	jibbali	Jibbali	ˁégəm	ʕégəm	ʕ é g ə m	sheh1240	17.29154	53.99526	Afro-Asiatic	2081
6535	3637_tobedumbgttobeblocked	to be dumb; (Gt) to be blocked	mehri	Mehri	ˀáygəm	ʔájgəm	ʔ á j g ə m	mehr1241	16.793	52.473	Afro-Asiatic	2081
5460	2963_tobeelongatedextendedlong	to be elongated, extended, long	arabic	Arabic	ṭwl	tˤwl	tˤ w l	arab1395			Afro-Asiatic	1615
4394	2316_tobeenvioustoenvy	to be envious, to envy	soqotri	Soqotri	ḳáne or ḳéne	qˤáne	qˤ á n e	soqo1240	12.4892	53.9168	Afro-Asiatic	1280
3403	1695_tobeequal	to be equal	pcs	Central Semitic	*šwy	ʃwj	ʃ w j	cent2236			Afro-Asiatic	1156
3405	1695_tobeequal	to be equal	hebrew	Modern Hebrew	šwy	ʃwj	ʃ w j	hebr1245	31.1056	35.0179	Afro-Asiatic	1156
3406	1695_tobeequal	to be equal	syriac	Classical Syriac	šwy	ʃwj	ʃ w j	clas1252	37.1129	42.1432	Afro-Asiatic	1156
3412	1695_tobeequal	to be equal	jibbali	Jibbali	s̃sē	s̃seː	s̃ s eː	sheh1240	17.29154	53.99526	Afro-Asiatic	1156
3407	1697_tobeequalevenflatplain	to be equal, even, flat, plain	arabic	Arabic	swy	swj	s w j	arab1395			Afro-Asiatic	1156
4979	2649_tobeevilbad	to be evil, bad	arabic	Arabic	swˀ	swʔ	s w ʔ	arab1395			Afro-Asiatic	1355
306	192_tobefartobelong	to be far, to be long	tigre	Tigre	remä	remæ	r e m æ	tigr1270	17.3494	38.2233	Afro-Asiatic	128
2225	1043_tobefast	to be fast	pes	East Semitic	*fṭn	ftˤn	f tˤ n	east2678			Afro-Asiatic	904
2228	1043_tobefast	to be fast	amharic	Amharic	fäṭṭänä	fætˤtˤænæ	f æ tˤ tˤ æ n æ	amha1245	11.708182	39.543456	Afro-Asiatic	904
2229	1043_tobefast	to be fast	harari	Harari	fäṭänä	fætˤænæ	f æ tˤ æ n æ	hara1271	9.30485	42.1332	Afro-Asiatic	904
2230	1043_tobefast	to be fast	soddo	Soddo	fäṭṭänä	fætˤtˤænæ	f æ tˤ tˤ æ n æ	sodd1242			Afro-Asiatic	904
2226	1044_tobefastswifttohurry	to be fast, swift, to hurry	geez	Geez	faṭana	fatˤana	f a tˤ a n a	geez1241	10.1342	40.6821	Afro-Asiatic	904
5768	3158_tobefat	to be fat	pws	West Semitic	*pˀm	pʔm	p ʔ m	west2786			Afro-Asiatic	1804
6604	3689_tobefatstout	to be fat, stout	pes	East Semitic	*dndn	dndn	d n d n	east2678			Afro-Asiatic	2142
6605	3689_tobefatstout	to be fat, stout	geez	Geez	dandana	dandana	d a n d a n a	geez1241	10.1342	40.6821	Afro-Asiatic	2142
393	262_tobefavorableauspicious	to be favorable, auspicious	qatabanian	Qatabanian	nˁm	nʕm	n ʕ m	qata1238	14.8	45.733333	Afro-Asiatic	151
391	260_tobefavorableprosperous	to be favorable, prosperous	sabaic	Sabaic	nˁm	nʕm	n ʕ m	saba1279	15.42	45.35	Afro-Asiatic	151
6354	3515_tobefedupdepressed	to be fed up, depressed	jibbali	Jibbali	éẓ̂aḥ	éẓ̂aħ	é ẓ̂ a ħ	sheh1240	17.29154	53.99526	Afro-Asiatic	1998
3818	1970_tobefinishedtofinish	to be finished; to finish	mehri	Mehri	təm	təm	t ə m	mehr1241	16.793	52.473	Afro-Asiatic	1205
3819	1970_tobefinishedtofinish	to be finished; to finish	jibbali	Jibbali	timm	timm	t i m m	sheh1240	17.29154	53.99526	Afro-Asiatic	1205
5243	2851_tobefirmhard	to be firm, hard	pcs	Central Semitic	*šrr	ʃrr	ʃ r r	cent2236			Afro-Asiatic	1429
6317	3490_tobefirmsecuretighttobeadhesivepastedorsolderedontojoinsomeonetofollowafterhim	to be firm, secure, tight; to be adhesive, pasted or soldered on; to join someone, to follow after him	amharic	Amharic	ṭäbbäḳä	tˤæbbæqˤæ	tˤ æ b b æ qˤ æ	amha1245	11.708182	39.543456	Afro-Asiatic	1982
6402	3552_tobefitting	to be fitting	pws	West Semitic	*ṣwb	sˤwb	sˤ w b	west2786			Afro-Asiatic	2028
6581	3671_tobefixedestablished	to be fixed, established	geez	Geez	ləḥda	ləħda	l ə ħ d a	geez1241	10.1342	40.6821	Afro-Asiatic	2107
3748	1930_tobefixedsettledfirm	to be fixed, settled, firm	arabic	Arabic	wṣb	wsˤb	w sˤ b	arab1395			Afro-Asiatic	1197
4295	2240_tobeforbidden	to be forbidden	qatabanian	Qatabanian	ḥrm	ħrm	ħ r m	qata1238	14.8	45.733333	Afro-Asiatic	1267
4292	2237_tobeforbiddenprohibited	to be forbidden, prohibited	arabic	Arabic	ḥrm	ħrm	ħ r m	arab1395			Afro-Asiatic	1267
3397	1690_tobeforgetfultobefreefromanxiety	to be forgetful; to be free from anxiety	arabic	Arabic	slw	slw	s l w	arab1395			Afro-Asiatic	1155
4505	2387_tobeforgottenforget	to be forgotten; forget	geez	Geez	nasaya	nasaja	n a s a j a	geez1241	10.1342	40.6821	Afro-Asiatic	1290
51	33_tobefortunate	to be fortunate	arabic	Arabic	ǯdd	gdd	g d d	arab1395			Afro-Asiatic	40
5202	2821_tobefree	to be free	mehri	Mehri	nīgi	niːgi	n iː g i	mehr1241	16.793	52.473	Afro-Asiatic	1413
3169	1541_tobefreshjuicymoist	to be fresh, juicy, moist	arabic	Arabic	ṭrw	tˤrw	tˤ r w	arab1395			Afro-Asiatic	1113
3165	1537_tobefreshrawwet	to be fresh, raw, wet	pws	West Semitic	*ṭry	tˤrj	tˤ r j	west2786			Afro-Asiatic	1113
5184	2805_tobefriendlykindconsiderateindulgentmerciful	to be friendly, kind, considerate, indulgent, merciful	arabic	Arabic	lṭf	ltˤf	l tˤ f	arab1395			Afro-Asiatic	1410
3444	1723_tobefrightened	to be frightened	syriac	Classical Syriac	srd	srd	s r d	clas1252	37.1129	42.1432	Afro-Asiatic	1161
5669	1723_tobefrightened	to be frightened	jewishbabylonianaramaic	Jewish Babylonian Aramaic (ca. 200-1200 CE)	bˁt	bʕt	b ʕ t	jewi1240	32.273	44.245	Afro-Asiatic	1777
5999	3296_tobefrightenedafraidtobeexcitedtodisturbtodisquite	to be frightened, afraid; to be excited; to disturb, to disquite	arabic	Arabic	fzz	fzz	f z z	arab1395			Afro-Asiatic	1897
4730	2516_tobefrightenedconfused	to be frightened, confused	pcs	Central Semitic	*bhl	bhl	b h l	cent2236			Afro-Asiatic	1313
4732	2518_tobefrightenedexcited	to be frightened, excited	jewishpalestinianaramaic	Jewish Palestinian Aramaic	bhl	bhl	b h l	pale1261			Afro-Asiatic	1313
4539	2412_tobefruitful	to be fruitful	syriac	Classical Syriac	pry	prj	p r j	clas1252	37.1129	42.1432	Afro-Asiatic	1294
4678	2489_tobegladsatisfied	to be glad, satisfied	pws	West Semitic	*rṣ̂w	rɬˤw	r ɬˤ w	west2786			Afro-Asiatic	1308
4686	2496_tobegladtoapprove	to be glad, to approve	soqotri	Soqotri	réẓ̂i / ríẓ̂i	réẓ̂i	r é ẓ̂ i	soqo1240	12.4892	53.9168	Afro-Asiatic	1308
3379	1676_tobegood	to be good	arabic	Arabic	ṣlḥ	sˤlħ	sˤ l ħ	arab1395			Afro-Asiatic	1153
52	34_tobegoodapprovableexcellent	to be good, approvable, excellent	arabic	Arabic	ǯwd	gwd	g w d	arab1395			Afro-Asiatic	40
44	28_tobegoodluckyexcellent	to be good, lucky, excellent	pws	West Semitic	*gd	gd	g d	west2786			Afro-Asiatic	40
2323	1082_tobegreenverdant	to be green, verdant	pes	East Semitic	*lmlm	lmlm	l m l m	east2678			Afro-Asiatic	916
2327	1082_tobegreenverdant	to be green, verdant	soddo	Soddo	ləmällämä	ləmællæmæ	l ə m æ l l æ m æ	sodd1242			Afro-Asiatic	916
3511	1770_tobeguilty	to be guilty	hebrew	Modern Hebrew	ˀšm	ʔʃm	ʔ ʃ m	hebr1245	31.1056	35.0179	Afro-Asiatic	1170
3400	1693_tobehappy	to be happy	mehri	Mehri	slū	sluː	s l uː	mehr1241	16.793	52.473	Afro-Asiatic	1155
5381	1693_tobehappy	to be happy	arabic	Arabic	ḥḏ̣y	ħðˤj	ħ ðˤ j	arab1395			Afro-Asiatic	1560
5522	3007_tobehappytorejoice	to be happy, to rejoice	geez	Geez	fakḥa	fakħa	f a k ħ a	geez1241	10.1342	40.6821	Afro-Asiatic	1742
3315	1634_tobeharsh	to be harsh	pcs	Central Semitic	*ḳšw	qˤʃw	qˤ ʃ w	cent2236			Afro-Asiatic	1139
3319	1637_tobeharshcruel	to be harsh, cruel	arabic	Arabic	qsw	qsw	q s w	arab1395			Afro-Asiatic	1139
6344	3505_tobeheavy	to be heavy	soqotri	Soqotri	édaḳ	édaqˤ	é d a qˤ	soqo1240	12.4892	53.9168	Afro-Asiatic	1994
3317	1636_tobeheavyhard	to be heavy, hard	hebrew	Modern Hebrew	ḳšy	qˤʃj	qˤ ʃ j	hebr1245	31.1056	35.0179	Afro-Asiatic	1139
3318	1636_tobeheavyhard	to be heavy, hard	syriac	Classical Syriac	ḳšy	qˤʃj	qˤ ʃ j	clas1252	37.1129	42.1432	Afro-Asiatic	1139
3261	1601_tobehiddendisappear	to be hidden, disappear	geez	Geez	taˁalma	taʕalma	t a ʕ a l m a	geez1241	10.1342	40.6821	Afro-Asiatic	1130
300	186_tobehigh	to be high	hebrew	Modern Hebrew	rwm	rwm	r w m	hebr1245	31.1056	35.0179	Afro-Asiatic	128
298	184_tobehightalllong	to be high, tall, long	pws	West Semitic	*rwm/rym	rwm	r w m	west2786			Afro-Asiatic	128
4731	2517_tobehorrifiedoutofonessenses	to be horrified, out of one’s senses	hebrew	Modern Hebrew	bhl	bhl	b h l	hebr1245	31.1056	35.0179	Afro-Asiatic	1313
2448	1134_tobehot	to be hot	tigrinya	Tigrinya	wäˁayä	wæʕajæ	w æ ʕ a j æ	tigr1271	15.3359	38.9266	Afro-Asiatic	934
2449	1134_tobehot	to be hot	harari	Harari	wəy	wəj	w ə j	hara1271	9.30485	42.1332	Afro-Asiatic	934
2450	1134_tobehot	to be hot	ennemor	Inoric	wiˀä	wiʔæ	w i ʔ æ	inor1238	7.94883	37.7968	Afro-Asiatic	934
2446	1132_tobehottoburn	to be hot, to burn	pes	East Semitic	*wˁy	wʕj	w ʕ j	east2678			Afro-Asiatic	934
3233	1582_tobehumble	to be humble	sabaic	Sabaic	ˁnw	ʕnw	ʕ n w	saba1279	15.42	45.35	Afro-Asiatic	1123
3234	1582_tobehumble	to be humble	minaean	Minaean	ˁnw	ʕnw	ʕ n w	mina1279	16.166667	44.672778	Afro-Asiatic	1123
3232	1581_tobehumblesubmissivetotoiltolabor	to be humble, submissive; to toil, to labor	arabic	Arabic	ˁnw	ʕnw	ʕ n w	arab1395			Afro-Asiatic	1123
2825	1352_tobehumpbacked	to be hump-backed	pws	West Semitic	*dbš	dbʃ	d b ʃ	west2786			Afro-Asiatic	1016
2815	1347_tobehunchbacked	to be hunchbacked	amharic	Amharic	gʷäbäbb alä	gʷæbæbb	gʷ æ b æ b b	amha1245	11.708182	39.543456	Afro-Asiatic	1014
2870	1383_tobehungry	to be hungry	pws	West Semitic	*rγb	rɣb	r ɣ b	west2786			Afro-Asiatic	1032
2872	1383_tobehungry	to be hungry	hebrew	Modern Hebrew	rˁb	rʕb	r ʕ b	hebr1245	31.1056	35.0179	Afro-Asiatic	1032
2877	1383_tobehungry	to be hungry	harari	Harari	räḥaba-	ræħaba-	r æ ħ a b a	hara1271	9.30485	42.1332	Afro-Asiatic	1032
2878	1383_tobehungry	to be hungry	selti	Silt'e	rābä	raːbæ	r aː b æ	silt1240	7.77004	38.1449	Afro-Asiatic	1032
2879	1383_tobehungry	to be hungry	wolane	Wolane	rabä	rabæ	r a b æ	wola1253	8.23	38.14	Afro-Asiatic	1032
2880	1383_tobehungry	to be hungry	zway	Zay	rābä	raːbæ	r aː b æ	zayy1238	8.01148	38.8258	Afro-Asiatic	1032
2881	1383_tobehungry	to be hungry	muher	Muher	ärabä	ærabæ	æ r a b æ	muhe1234			Afro-Asiatic	1032
2882	1383_tobehungry	to be hungry	gogot	Kistane	ärabä	ærabæ	æ r a b æ	kist1241	8.33561	38.4763	Afro-Asiatic	1032
2883	1383_tobehungry	to be hungry	soddo	Soddo	ärabä	ærabæ	æ r a b æ	sodd1242			Afro-Asiatic	1032
2875	1387_tobehungrystarveimpersonal	to be hungry, starve (impersonal)	amharic	Amharic	rabä	rabæ	r a b æ	amha1245	11.708182	39.543456	Afro-Asiatic	1032
2874	1386_tobehungrytodesiresmth	to be hungry, to desire smth.	geez	Geez	rəḫba	rəxba	r ə x b a	geez1241	10.1342	40.6821	Afro-Asiatic	1032
2121	1012_tobeill	to be ill	pes	East Semitic	*ḥmm	ħmm	ħ m m	east2678			Afro-Asiatic	885
2122	1012_tobeill	to be ill	geez	Geez	ḥamama	ħamama	ħ a m a m a	geez1241	10.1342	40.6821	Afro-Asiatic	885
2123	1012_tobeill	to be ill	tigre	Tigre	ḥammä	ħammæ	ħ a m m æ	tigr1270	17.3494	38.2233	Afro-Asiatic	885
2124	1012_tobeill	to be ill	tigrinya	Tigrinya	ḥamämä	ħamæmæ	ħ a m æ m æ	tigr1271	15.3359	38.9266	Afro-Asiatic	885
2125	1012_tobeill	to be ill	amharic	Amharic	ammämä-w, t-ammämä	ammæmæ-w	a m m æ m æ w	amha1245	11.708182	39.543456	Afro-Asiatic	885
5566	3042_tobeinconvulsionsananimalhavingbeenshotorslaughtered	to be in convulsions (an animal having been shot or slaughtered)	harari	Harari	firfir bāya	firfir	f i r f i r	hara1271	9.30485	42.1332	Afro-Asiatic	1749
2617	1240_tobeingriefunhappysorrowfulsad	to be in grief, unhappy, sorrowful, sad	arabic	Arabic	kˀb	kʔb	k ʔ b	arab1395			Afro-Asiatic	963
4765	2535_tobeinlitigation	to be in litigation	geez	Geez	tafārada	tafaːrada	t a f aː r a d a	geez1241	10.1342	40.6821	Afro-Asiatic	1317
5207	2826_tobeinmotionconvulsiontototter	to be in motion, convulsion; to totter	arabic	Arabic	nγḍ	nɣdˤ	n ɣ dˤ	arab1395			Afro-Asiatic	1414
6614	3692_tobeinorder	to be in order	pcs	Central Semitic	*tḳn	tqˤn	t qˤ n	cent2236			Afro-Asiatic	2146
2611	1236_tobeinpain	to be in pain	hebrew	Modern Hebrew	kˀb	kʔb	k ʔ b	hebr1245	31.1056	35.0179	Afro-Asiatic	963
2612	1236_tobeinpain	to be in pain	jewishpalestinianaramaic	Jewish Palestinian Aramaic	kˀb	kʔb	k ʔ b	pale1261			Afro-Asiatic	963
2613	1237_tobeinpaintogrieve	to be in pain, to grieve	jewishbabylonianaramaic	Jewish Babylonian Aramaic (ca. 200-1200 CE)	kˀb	kʔb	k ʔ b	jewi1240	32.273	44.245	Afro-Asiatic	963
5560	3036_tobeintheagonyofdeath	to be in the agony of death	jewishpalestinianaramaic	Jewish Palestinian Aramaic	prpr	prpr	p r p r	pale1261			Afro-Asiatic	1749
2528	1169_tobeintravaillabortotakeinconceive	to be in travail, labor; to take in, conceive	syriac	Classical Syriac	ḥbl	ħbl	ħ b l	clas1252	37.1129	42.1432	Afro-Asiatic	950
5984	3284_tobeinsolent	to be insolent	pws	West Semitic	*pḥz	pħz	p ħ z	west2786			Afro-Asiatic	1889
5985	3285_tobeinsolentundisciplined	to be insolent, undisciplined	hebrew	Modern Hebrew	pḥz	pħz	p ħ z	hebr1245	31.1056	35.0179	Afro-Asiatic	1889
159	111_tobeintricatecomplicatedintermixed	to be intricate, complicated, intermixed	arabic	Arabic	šǯr	ʃgr	ʃ g r	arab1395			Afro-Asiatic	103
4388	2312_tobejealous	to be jealous	pws	West Semitic	*ḳnˀ	qˤnʔ	qˤ n ʔ	west2786			Afro-Asiatic	1280
4392	2312_tobejealous	to be jealous	mehri	Mehri	ḳáynəˀ	qˤájnəʔ	qˤ á j n ə ʔ	mehr1241	16.793	52.473	Afro-Asiatic	1280
4393	2312_tobejealous	to be jealous	jibbali	Jibbali	ḳéni	qˤéni	qˤ é n i	sheh1240	17.29154	53.99526	Afro-Asiatic	1280
4994	2663_tobejust	to be just	pws	West Semitic	*ṣdḳ	sˤdqˤ	sˤ d qˤ	west2786			Afro-Asiatic	1358
4997	2663_tobejust	to be just	officialaramaic	Middle-Modern Aramaic	ṣdḳ	sˤdqˤ	sˤ d qˤ	midd1367			Afro-Asiatic	1358
5002	2663_tobejust	to be just	geez	Geez	ṣadḳa	sˤadqˤa	sˤ a d qˤ a	geez1241	10.1342	40.6821	Afro-Asiatic	1358
5182	2803_tobekind	to be kind	pcs	Central Semitic	*lṭp	ltˤp	l tˤ p	cent2236			Afro-Asiatic	1410
3515	1773_tobekindtosomeone	to be kind to someone	mehri	Mehri	šəwṯūm	ʃəwθuːm	ʃ ə w θ uː m	mehr1241	16.793	52.473	Afro-Asiatic	1170
2176	1029_tobeking	to be king	pes	East Semitic	*ngŝ	ngɬ	n g ɬ	east2678			Afro-Asiatic	896
4086	2104_tobeknockkneedandwalklimpingly	to be knockkneed and walk limpingly	tigrinya	Tigrinya	ˁeḳʷälä	ʕeqˤʷælæ	ʕ e qʷˤ æ l æ	tigr1271	15.3359	38.9266	Afro-Asiatic	1244
2536	1177_tobelame	to be lame	pes	East Semitic	*ḥks/ḥnks	ħks	ħ k s	east2678			Afro-Asiatic	953
2537	1177_tobelame	to be lame	geez	Geez	ḥankasa	ħankasa	ħ a n k a s a	geez1241	10.1342	40.6821	Afro-Asiatic	953
757	444_tobelargenumerous	to be large, numerous	pcs	Central Semitic	*rbb	rbb	r b b	cent2236			Afro-Asiatic	355
4677	2488_tobelaxslack	to be lax, slack	syriac	Classical Syriac	rpy	rpj	r p j	clas1252	37.1129	42.1432	Afro-Asiatic	1307
6076	3346_tobeleftoverremain	to be left over, remain	tigre	Tigre	tärfa	tærfa	t æ r f a	tigr1270	17.3494	38.2233	Afro-Asiatic	1928
6077	3346_tobeleftoverremain	to be left over, remain	tigrinya	Tigrinya	täräfä	tæræfæ	t æ r æ f æ	tigr1271	15.3359	38.9266	Afro-Asiatic	1928
6078	3346_tobeleftoverremain	to be left over, remain	amharic	Amharic	tärräfä	tærræfæ	t æ r r æ f æ	amha1245	11.708182	39.543456	Afro-Asiatic	1928
6079	3346_tobeleftoverremain	to be left over, remain	argobba	Argobba	tärräfa	tærræfa	t æ r r æ f a	argo1244	10.6596	39.756	Afro-Asiatic	1928
6080	3346_tobeleftoverremain	to be left over, remain	harari	Harari	täräfa	tæræfa	t æ r æ f a	hara1271	9.30485	42.1332	Afro-Asiatic	1928
6075	3345_tobeleftremainsurvive	to be left, remain, survive	geez	Geez	tarfa	tarfa	t a r f a	geez1241	10.1342	40.6821	Afro-Asiatic	1928
3408	1698_tobelevel	to be level	mehri	Mehri	əstūwi	əstuːwi	ə s t uː w i	mehr1241	16.793	52.473	Afro-Asiatic	1156
5458	2961_tobelong	to be long	pws	West Semitic	*ṭwl	tˤwl	tˤ w l	west2786			Afro-Asiatic	1615
615	373_tobelow	to be low(?)	pcs	Central Semitic	*ḥṭṭ	ħtˤtˤ	ħ tˤ tˤ	cent2236			Afro-Asiatic	256
5929	3256_tobelowbaseignoble	to be low, base, ignoble	arabic	Arabic	fsl	fsl	f s l	arab1395			Afro-Asiatic	1875
5378	2919_tobelucky	to be lucky	pws	West Semitic	*ḥṯ̣ṯ̣	ħθˤθˤ	ħ θˤ θˤ	west2786			Afro-Asiatic	1560
2593	1219_tobemad	to be mad	mehri	Mehri	ḥáywǝl	ħájwǝl	ħ á j w ə l	mehr1241	16.793	52.473	Afro-Asiatic	957
1956	979_tobemanynumerous	to be many, numerous	geez	Geez	bazḫa	bazxa	b a z x a	geez1241	10.1342	40.6821	Afro-Asiatic	861
1958	979_tobemanynumerous	to be many, numerous	tigre	Tigre	bäzḥa	bæzħa	b æ z ħ a	tigr1270	17.3494	38.2233	Afro-Asiatic	861
1960	979_tobemanynumerous	to be many, numerous	tigrinya	Tigrinya	bäzḥe	bæzħe	b æ z ħ e	tigr1271	15.3359	38.9266	Afro-Asiatic	861
1962	979_tobemanynumerous	to be many, numerous	amharic	Amharic	bäzza	bæzza	b æ z z a	amha1245	11.708182	39.543456	Afro-Asiatic	861
1963	979_tobemanynumerous	to be many, numerous	harari	Harari	bäzäḥa	bæzæħa	b æ z æ ħ a	hara1271	9.30485	42.1332	Afro-Asiatic	861
1965	979_tobemanynumerous	to be many, numerous	selti	Silt'e	bäzä	bæzæ	b æ z æ	silt1240	7.77004	38.1449	Afro-Asiatic	861
1966	979_tobemanynumerous	to be many, numerous	wolane	Wolane	bäzä	bæzæ	b æ z æ	wola1253	8.23	38.14	Afro-Asiatic	861
1967	979_tobemanynumerous	to be many, numerous	zway	Zay	bäzä	bæzæ	b æ z æ	zayy1238	8.01148	38.8258	Afro-Asiatic	861
1968	979_tobemanynumerous	to be many, numerous	chaha	Chaha	bäsa	bæsa	b æ s a	chah1248			Afro-Asiatic	861
1969	979_tobemanynumerous	to be many, numerous	ezha	Ezha	bäzza	bæzza	b æ z z a	ezha1238			Afro-Asiatic	861
1970	979_tobemanynumerous	to be many, numerous	muher	Muher	bäzza	bæzza	b æ z z a	muhe1234			Afro-Asiatic	861
1971	979_tobemanynumerous	to be many, numerous	masqan	Mesqan	bäzza	bæzza	b æ z z a	mesq1240	8.10617	38.3386	Afro-Asiatic	861
1972	979_tobemanynumerous	to be many, numerous	gogot	Kistane	bäzza	bæzza	b æ z z a	kist1241	8.33561	38.4763	Afro-Asiatic	861
1974	979_tobemanynumerous	to be many, numerous	soddo	Soddo	bäzza	bæzza	b æ z z a	sodd1242			Afro-Asiatic	861
4220	2180_tobemassivesolid	to be massive, solid	pws	West Semitic	*gbl	gbl	g b l	west2786			Afro-Asiatic	1257
4112	2124_tobemightypowerfulstrong	to be mighty, powerful, strong	arabic	Arabic	ˁzz	ʕzz	ʕ z z	arab1395			Afro-Asiatic	1248
2231	1046_tobemissing	to be missing	pes	East Semitic	*gʷdl	gʷdl	gʷ d l	east2678			Afro-Asiatic	905
2234	1046_tobemissing	to be missing	amharic	Amharic	gʷäddälä	gʷæddælæ	gʷ æ d d æ l æ	amha1245	11.708182	39.543456	Afro-Asiatic	905
2235	1046_tobemissing	to be missing	soddo	Soddo	gʷäddälä	gʷæddælæ	gʷ æ d d æ l æ	sodd1242			Afro-Asiatic	905
2232	1047_tobemissinglackbewantingbeincomplete	to be missing, lack, be wanting, be incomplete	geez	Geez	gʷadala	gʷadala	gʷ a d a l a	geez1241	10.1342	40.6821	Afro-Asiatic	905
4964	2641_tobemistaken	to be mistaken	tigre	Tigre	saḥata	saħata	s a ħ a t a	tigr1270	17.3494	38.2233	Afro-Asiatic	1353
5942	3267_tobemouldy	to be mouldy	selti	Silt'e	boše bālä	boʃe	b o ʃ e	silt1240	7.77004	38.1449	Afro-Asiatic	1884
5944	3267_tobemouldy	to be mouldy	wolane	Wolane	boš balä	boʃ	b o ʃ	wola1253	8.23	38.14	Afro-Asiatic	1884
5949	3267_tobemouldy	to be mouldy	ezha	Ezha	bʷäše barä	bʷæʃe	bʷ æ ʃ e	ezha1238			Afro-Asiatic	1884
5951	3267_tobemouldy	to be mouldy	endegen	Endegegny	bʷäšä bälä	bʷæʃæ	bʷ æ ʃ æ	eneg1238			Afro-Asiatic	1884
5953	3267_tobemouldy	to be mouldy	ennemor	Inoric	bʷäšä bälä	bʷæʃæ	bʷ æ ʃ æ	inor1238	7.94883	37.7968	Afro-Asiatic	1884
5955	3267_tobemouldy	to be mouldy	gyeto	Gyeta	bʷäšä bälä	bʷæʃæ	bʷ æ ʃ æ	gyet1241			Afro-Asiatic	1884
5957	3267_tobemouldy	to be mouldy	muher	Muher	bʷäš bälä	bʷæʃ	bʷ æ ʃ	muhe1234			Afro-Asiatic	1884
5959	3267_tobemouldy	to be mouldy	masqan	Mesqan	bʷäš bälä	bʷæʃ	bʷ æ ʃ	mesq1240	8.10617	38.3386	Afro-Asiatic	1884
5961	3267_tobemouldy	to be mouldy	gogot	Kistane	bʷäš bälä	bʷæʃ	bʷ æ ʃ	kist1241	8.33561	38.4763	Afro-Asiatic	1884
5962	3267_tobemouldy	to be mouldy	soddo	Soddo	boš bälä	boʃ	b o ʃ	sodd1242			Afro-Asiatic	1884
3371	1668_tobemovedshakenloosetobeloose	to be moved, shaken loose; to be loose	jibbali	Jibbali	rɔ́ttək	rɔ́ttək	r ɔ́ t t ə k	sheh1240	17.29154	53.99526	Afro-Asiatic	1151
2090	1006_tobenaked	to be naked	pes	East Semitic	*ˁrḳ	ʕrqˤ	ʕ r qˤ	east2678			Afro-Asiatic	880
2091	1006_tobenaked	to be naked	geez	Geez	ˁarḳä	ʕarqˤæ	ʕ a r qˤ æ	geez1241	10.1342	40.6821	Afro-Asiatic	880
2092	1006_tobenaked	to be naked	tigre	Tigre	ˁarḳä	ʕarqˤæ	ʕ a r qˤ æ	tigr1270	17.3494	38.2233	Afro-Asiatic	880
2093	1006_tobenaked	to be naked	tigrinya	Tigrinya	ˁaräḳä	ʕaræqˤæ	ʕ a r æ qˤ æ	tigr1271	15.3359	38.9266	Afro-Asiatic	880
2094	1006_tobenaked	to be naked	amharic	Amharic	arräḳä	arræqˤæ	a r r æ qˤ æ	amha1245	11.708182	39.543456	Afro-Asiatic	880
2439	1130_tobenarrow	to be narrow	pes	East Semitic	*ṣbb	sˤbb	sˤ b b	east2678			Afro-Asiatic	933
2441	1130_tobenarrow	to be narrow	tigre	Tigre	ṣäbbä	sˤæbbæ	sˤ æ b b æ	tigr1270	17.3494	38.2233	Afro-Asiatic	933
2442	1130_tobenarrow	to be narrow	tigrinya	Tigrinya	ṣäbbä	sˤæbbæ	sˤ æ b b æ	tigr1271	15.3359	38.9266	Afro-Asiatic	933
2443	1130_tobenarrow	to be narrow	amharic	Amharic	ṭäbbäbä	tˤæbbæbæ	tˤ æ b b æ b æ	amha1245	11.708182	39.543456	Afro-Asiatic	933
2444	1130_tobenarrow	to be narrow	harari	Harari	ṭäbäbä	tˤæbæbæ	tˤ æ b æ b æ	hara1271	9.30485	42.1332	Afro-Asiatic	933
2445	1130_tobenarrow	to be narrow	soddo	Soddo	ṭäbbäbä	tˤæbbæbæ	tˤ æ b b æ b æ	sodd1242			Afro-Asiatic	933
2440	1131_tobenarrowbecompressed	to be narrow, be compressed	geez	Geez	ṣabba	sˤabba	sˤ a b b a	geez1241	10.1342	40.6821	Afro-Asiatic	933
3392	1687_tobenegligentcarelessinattentive	to be negligent, careless, inattentive	akkadian	Akkadian	šelû	ʃelû	ʃ e l û	akka1240	33.1	44.1	Afro-Asiatic	1155
762	449_tobenumerous	to be numerous	hebrew	Modern Hebrew	rbb	rbb	r b b	hebr1245	31.1056	35.0179	Afro-Asiatic	355
1954	449_tobenumerous	to be numerous	pes	East Semitic	*bzḫ	bzx	b z x	east2678			Afro-Asiatic	861
1783	908_tobeold	to be old	pes	East Semitic	*ˀbr	ʔbr	ʔ b r	east2678			Afro-Asiatic	774
1788	908_tobeold	to be old	zway	Zay	ibīrī	ibiːriː	i b iː r iː	zayy1238	8.01148	38.8258	Afro-Asiatic	774
4274	908_tobeold	to be old	mehri	Mehri	ḥəkūm	ħəkuːm	ħ ə k uː m	mehr1241	16.793	52.473	Afro-Asiatic	1265
4275	908_tobeold	to be old	jibbali	Jibbali	ḥkum	ħkum	ħ k u m	sheh1240	17.29154	53.99526	Afro-Asiatic	1265
1785	910_tobeoldtogrowold	to be old, to grow old	tigre	Tigre	ˀabbärä	ʔabbæræ	ʔ a b b æ r æ	tigr1270	17.3494	38.2233	Afro-Asiatic	774
2499	1149_tobeoneeyed	to be oneeyed	arabic	Arabic	ˁwr	ʕwr	ʕ w r	arab1395			Afro-Asiatic	938
4367	2300_tobeoppositeto	to be opposite to	mehri	Mehri	šəḳābəl	ʃəqˤaːbəl	ʃ ə qˤ aː b ə l	mehr1241	16.793	52.473	Afro-Asiatic	1276
4370	2300_tobeoppositeto	to be opposite to	jibbali	Jibbali	s̃éḳēl	s̃éqˤeːl	s̃ é qˤ eː l	sheh1240	17.29154	53.99526	Afro-Asiatic	1276
4587	2434_tobeorbecomeshort	to be or become short	arabic	Arabic	qṣr	qsˤr	q sˤ r	arab1395			Afro-Asiatic	1298
389	258_tobepleasantdelightful	to be pleasant, delightful	hebrew	Modern Hebrew	nˁm	nʕm	n ʕ m	hebr1245	31.1056	35.0179	Afro-Asiatic	151
3582	1814_tobepleasantdesirable	to be pleasant, desirable	pcs	Central Semitic	*ḥmd	ħmd	ħ m d	cent2236			Afro-Asiatic	1177
4681	2492_tobepleasedcontentsatisfied	to be pleased, content, satisfied	arabic	Arabic	rḍw	rdˤw	r dˤ w	arab1395			Afro-Asiatic	1308
3370	1667_tobepoisedtofalltoshakesomethingtillitisreadytofall	to be poised to fall; to shake something till it is ready to fall	jibbali	Jibbali	rekk	rekk	r e k k	sheh1240	17.29154	53.99526	Afro-Asiatic	1151
5088	2730_tobepowerfultohaveauthority	to be powerful, to have authority	pws	West Semitic	*bwḥ	bwħ	b w ħ	west2786			Afro-Asiatic	1376
2532	1173_tobepregnant	to be pregnant	arabic	Arabic	ḥbl	ħbl	ħ b l	arab1395			Afro-Asiatic	950
2525	1166_tobepregnantconceivetohavelaborpains	to be pregnant, conceive; to have labor pains	pcs	Central Semitic	*ḥbl	ħbl	ħ b l	cent2236			Afro-Asiatic	950
1776	901_tobeprideful	to be prideful	tigrinya	Tigrinya	tänaˁrärä	tænaʕræræ	t æ n a ʕ r æ r æ	tigr1271	15.3359	38.9266	Afro-Asiatic	767
3286	1616_tobeprofane	to be profane	pcs	Central Semitic	*ḥll	ħll	ħ l l	cent2236			Afro-Asiatic	1135
5824	3192_tobeprominent	to be prominent	pcs	Central Semitic	*blṭ	bltˤ	b l tˤ	cent2236			Afro-Asiatic	1817
5826	3194_tobeprominenttoprotrude	to be prominent, to protrude	jewishbabylonianaramaic	Jewish Babylonian Aramaic (ca. 200-1200 CE)	blṭ	bltˤ	b l tˤ	jewi1240	32.273	44.245	Afro-Asiatic	1817
2365	1107_tobeproudandselfconceittowalkwithanelegantproudandselfconceitgait	to be proud and selfconceit, to walk with an elegant, proud and selfconceit gait	arabic	Arabic	mrḥ	mrħ	m r ħ	arab1395			Afro-Asiatic	923
2363	1105_tobeproudvaliant	to be proud, valiant	pws	West Semitic	*mrḥ	mrħ	m r ħ	west2786			Afro-Asiatic	923
5046	2703_tobepure	to be pure	pws	West Semitic	*ṭhr	tˤhr	tˤ h r	west2786			Afro-Asiatic	1368
5053	2703_tobepure	to be pure	geez	Geez	ṭahara	tˤahara	tˤ a h a r a	geez1241	10.1342	40.6821	Afro-Asiatic	1368
3737	1920_tobepurecleancleansed	to be pure, clean, cleansed	mehri	Mehri	náyḳi	nájqˤi	n á j qˤ i	mehr1241	16.793	52.473	Afro-Asiatic	1196
3738	1921_tobepuretobefoundinnocent	to be pure; to be found innocent	jibbali	Jibbali	níḳi	níqˤi	n í qˤ i	sheh1240	17.29154	53.99526	Afro-Asiatic	1196
314	200_tobequickhasty	to be quick, hasty	arabic	Arabic	ˁǯl	ʕgl	ʕ g l	arab1395			Afro-Asiatic	129
4257	2212_tobequiet	to be quiet	pws	West Semitic	*hdˀ	hdʔ	h d ʔ	west2786			Afro-Asiatic	1263
4734	2212_tobequiet	to be quiet	syriac	Classical Syriac	bhl	bhl	b h l	clas1252	37.1129	42.1432	Afro-Asiatic	1313
2227	1045_toberapid	to be rapid	tigrinya	Tigrinya	fäṭänä	fætˤænæ	f æ tˤ æ n æ	tigr1271	15.3359	38.9266	Afro-Asiatic	904
4508	2389_toberaw	to be raw	pws	West Semitic	*nyˀ	njʔ	n j ʔ	west2786			Afro-Asiatic	1291
5986	3286_toberecklessboisterous	to be reckless, boisterous	jewishpalestinianaramaic	Jewish Palestinian Aramaic	pḥz	pħz	p ħ z	pale1261			Afro-Asiatic	1889
6462	3588_tobereconciledtoreconcileoneself	to be reconciled, to reconcile oneself	tigre	Tigre	taˁarraḳa	taʕarraqˤa	t a ʕ a r r a qˤ a	tigr1270	17.3494	38.2233	Afro-Asiatic	2038
6465	3588_tobereconciledtoreconcileoneself	to be reconciled, to reconcile oneself	amharic	Amharic	tarräḳä	tarræqˤæ	t a r r æ qˤ æ	amha1245	11.708182	39.543456	Afro-Asiatic	2038
6466	3588_tobereconciledtoreconcileoneself	to be reconciled, to reconcile oneself	argobba	Argobba	əherräḳa, əherräḳ	əherræqˤa	ə h e r r æ qˤ a	argo1244	10.6596	39.756	Afro-Asiatic	2038
3385	1681_toberemaining	to be remaining	hebrew	Modern Hebrew	šˀr	ʃʔr	ʃ ʔ r	hebr1245	31.1056	35.0179	Afro-Asiatic	1154
2586	1212_toberestlessbecometired	to be restless, become tired	geez	Geez	taḥalala, taḫalala	taħalala	t a ħ a l a l a	geez1241	10.1342	40.6821	Afro-Asiatic	957
4996	2665_toberight	to be right	hebrew	Modern Hebrew	ṣdḳ	sˤdqˤ	sˤ d qˤ	hebr1245	31.1056	35.0179	Afro-Asiatic	1358
5054	2709_toberituallyclean	to be ritually clean	mehri	Mehri	ṭəhēr	tˤəheːr	tˤ ə h eː r	mehr1241	16.793	52.473	Afro-Asiatic	1368
5055	2709_toberituallyclean	to be ritually clean	jibbali	Jibbali	ṭɛhέr	tˤɛhɛr	tˤ ɛ h ɛ r	sheh1240	17.29154	53.99526	Afro-Asiatic	1368
5943	3268_toberottenputrid	to be rotten, putrid	selti	Silt'e	bisäbäsä	bisæbæsæ	b i s æ b æ s æ	silt1240	7.77004	38.1449	Afro-Asiatic	1884
5945	3268_toberottenputrid	to be rotten, putrid	wolane	Wolane	bəsäbäsä	bəsæbæsæ	b ə s æ b æ s æ	wola1253	8.23	38.14	Afro-Asiatic	1884
5946	3268_toberottenputrid	to be rotten, putrid	zway	Zay	bəsäbäsä	bəsæbæsæ	b ə s æ b æ s æ	zayy1238	8.01148	38.8258	Afro-Asiatic	1884
5947	3268_toberottenputrid	to be rotten, putrid	chaha	Chaha	bəsäbäsä	bəsæbæsæ	b ə s æ b æ s æ	chah1248			Afro-Asiatic	1884
5948	3268_toberottenputrid	to be rotten, putrid	ezha	Ezha	bəsäbbäsä	bəsæbbæsæ	b ə s æ b b æ s æ	ezha1238			Afro-Asiatic	1884
5950	3268_toberottenputrid	to be rotten, putrid	endegen	Endegegny	bəsäbäsä	bəsæbæsæ	b ə s æ b æ s æ	eneg1238			Afro-Asiatic	1884
5952	3268_toberottenputrid	to be rotten, putrid	ennemor	Inoric	bəsäbäsä	bəsæbæsæ	b ə s æ b æ s æ	inor1238	7.94883	37.7968	Afro-Asiatic	1884
5954	3268_toberottenputrid	to be rotten, putrid	gyeto	Gyeta	bəsäbäsä	bəsæbæsæ	b ə s æ b æ s æ	gyet1241			Afro-Asiatic	1884
5956	3268_toberottenputrid	to be rotten, putrid	muher	Muher	bəsäbbäsä	bəsæbbæsæ	b ə s æ b b æ s æ	muhe1234			Afro-Asiatic	1884
5958	3268_toberottenputrid	to be rotten, putrid	masqan	Mesqan	bəsäbbäsä	bəsæbbæsæ	b ə s æ b b æ s æ	mesq1240	8.10617	38.3386	Afro-Asiatic	1884
5960	3268_toberottenputrid	to be rotten, putrid	gogot	Kistane	bəsäbbäsä	bəsæbbæsæ	b ə s æ b b æ s æ	kist1241	8.33561	38.4763	Afro-Asiatic	1884
5963	3268_toberottenputrid	to be rotten, putrid	soddo	Soddo	bəsäbbäsä	bəsæbbæsæ	b ə s æ b b æ s æ	sodd1242			Afro-Asiatic	1884
473	288_tobesafesecure	to be safe, secure	arabic	Arabic	ˀmn	ʔmn	ʔ m n	arab1395			Afro-Asiatic	187
474	289_tobesecure	to be secure	sabaic	Sabaic	ˀmn	ʔmn	ʔ m n	saba1279	15.42	45.35	Afro-Asiatic	187
5166	2789_tobeseizedbythethroat	to be seized by the throat	mehri	Mehri	γáttəd	ɣáttəd	ɣ á t t ə d	mehr1241	16.793	52.473	Afro-Asiatic	1402
2594	1220_tobesenile	to be senile	jibbali	Jibbali	ḥɛ̄l	ħɛ̄l	ħ ɛ̄ l	sheh1240	17.29154	53.99526	Afro-Asiatic	957
4802	2539_tobeseparated	to be separated	pws	West Semitic	*prd	prd	p r d	west2786			Afro-Asiatic	1323
2096	1008_tobesharp	to be sharp	pes	East Semitic	*blḫ	blx	b l x	east2678			Afro-Asiatic	881
2097	1008_tobesharp	to be sharp	geez	Geez	balḫa	balxa	b a l x a	geez1241	10.1342	40.6821	Afro-Asiatic	881
2098	1008_tobesharp	to be sharp	tigre	Tigre	bälḫa	bælxa	b æ l x a	tigr1270	17.3494	38.2233	Afro-Asiatic	881
2099	1008_tobesharp	to be sharp	tigrinya	Tigrinya	bälḥe	bælħe	b æ l ħ e	tigr1271	15.3359	38.9266	Afro-Asiatic	881
2100	1008_tobesharp	to be sharp	harari	Harari	bäläḥa	bælæħa	b æ l æ ħ a	hara1271	9.30485	42.1332	Afro-Asiatic	881
2101	1008_tobesharp	to be sharp	soddo	Soddo	bulä	bulæ	b u l æ	sodd1242			Afro-Asiatic	881
4584	2433_tobeshort	to be short	pws	West Semitic	*ḳṣr	qˤsˤr	qˤ sˤ r	west2786			Afro-Asiatic	1298
4585	2433_tobeshort	to be short	ugaritic	Ugaritic	ḳṣr	qˤsˤr	qˤ sˤ r	ugar1238	35.6	35.78	Afro-Asiatic	1298
4586	2433_tobeshort	to be short	hebrew	Modern Hebrew	ḳṣr	qˤsˤr	qˤ sˤ r	hebr1245	31.1056	35.0179	Afro-Asiatic	1298
6270	3460_tobeshrewdcunningsmart	to be shrewd, cunning, smart	geez	Geez	balaṣa	balasˤa	b a l a sˤ a	geez1241	10.1342	40.6821	Afro-Asiatic	1971
2579	1205_tobesick	to be sick	akkadian	Akkadian	ḫalû	xalû	x a l û	akka1240	33.1	44.1	Afro-Asiatic	957
2578	1204_tobesickinfirm	to be sick, infirm	pws	West Semitic	*ḥly, *ḥll, *ḥyl	ħlj	ħ l j	west2786			Afro-Asiatic	957
4624	2447_tobesimpleinexpertgulliblepitoseduce	to be simple, inexpert, gullible; (pi.) to seduce	hebrew	Modern Hebrew	ptw	ptw	p t w	hebr1245	31.1056	35.0179	Afro-Asiatic	1301
4424	2339_tobeskilfulexperienced	to be skilful, experienced	pws	West Semitic	*mhr	mhr	m h r	west2786			Afro-Asiatic	1284
4431	2345_tobeskilledexpert	to be skilled, expert	arabic	Arabic	mhr	mhr	m h r	arab1395			Afro-Asiatic	1284
3365	1662_tobesoft	to be soft	hebrew	Modern Hebrew	rkk	rkk	r k k	hebr1245	31.1056	35.0179	Afro-Asiatic	1151
3366	1663_tobesofttender	to be soft, tender	syriac	Classical Syriac	rkk	rkk	r k k	clas1252	37.1129	42.1432	Afro-Asiatic	1151
6182	3400_tobespacious	to be spacious	pcs	Central Semitic	*pšḥ	pʃħ	p ʃ ħ	cent2236			Afro-Asiatic	1952
4634	2457_tobespaciousample	to be spacious, ample	arabic	Arabic	rḥb	rħb	r ħ b	arab1395			Afro-Asiatic	1302
6184	3402_tobespaciousroomyviitobedilatedwithjoyonesbosom	to be spacious, roomy; VII. to be dilated with joy (one's bosom)	arabic	Arabic	fsḥ	fsħ	f s ħ	arab1395			Afro-Asiatic	1952
6262	3454_tobespilled	to be spilled	masqan	Mesqan	fässäsä	fæssæsæ	f æ s s æ s æ	mesq1240	8.10617	38.3386	Afro-Asiatic	1969
3209	1567_tobesterilebarren	to be sterile, barren	arabic	Arabic	ˁqr	ʕqr	ʕ q r	arab1395			Afro-Asiatic	1121
2353	1095_tobesterilewithoutoffspringofmanandwoman	to be sterile, without offspring (of man and woman)	pws	West Semitic	*ˁḳr	ʕqˤr	ʕ qˤ r	west2786			Afro-Asiatic	921
4194	2166_tobestillsilentnumb	to be still, silent, numb	pws	West Semitic	*dmm/*dwm	dmm	d m m	west2786			Afro-Asiatic	1254
3767	1941_tobestoned	to be stoned	soqotri	Soqotri	regom	regom	r e g o m	soqo1240	12.4892	53.9168	Afro-Asiatic	1199
6607	3691_tobestoutfatthick	to be stout, fat, thick	chaha	Chaha	dərätärä	dərætæræ	d ə r æ t æ r æ	chah1248			Afro-Asiatic	2142
6608	3691_tobestoutfatthick	to be stout, fat, thick	ezha	Ezha	dəräddärä	dəræddæræ	d ə r æ d d æ r æ	ezha1238			Afro-Asiatic	2142
6609	3691_tobestoutfatthick	to be stout, fat, thick	gyeto	Gyeta	dərätärä	dərætæræ	d ə r æ t æ r æ	gyet1241			Afro-Asiatic	2142
6610	3691_tobestoutfatthick	to be stout, fat, thick	muher	Muher	dənäddänä	dənæddænæ	d ə n æ d d æ n æ	muhe1234			Afro-Asiatic	2142
6611	3691_tobestoutfatthick	to be stout, fat, thick	masqan	Mesqan	dənäddänä	dənæddænæ	d ə n æ d d æ n æ	mesq1240	8.10617	38.3386	Afro-Asiatic	2142
6612	3691_tobestoutfatthick	to be stout, fat, thick	gogot	Kistane	dənäddänä	dənæddænæ	d ə n æ d d æ n æ	kist1241	8.33561	38.4763	Afro-Asiatic	2142
6613	3691_tobestoutfatthick	to be stout, fat, thick	soddo	Soddo	dənäddänä	dənæddænæ	d ə n æ d d æ n æ	sodd1242			Afro-Asiatic	2142
6406	3556_tobestraight	to be straight	soqotri	Soqotri	éṣṭeb	ésˤtˤeb	é sˤ tˤ e b	soqo1240	12.4892	53.9168	Afro-Asiatic	2028
4108	2121_tobestrong	to be strong	pws	West Semitic	*ˁzz	ʕzz	ʕ z z	west2786			Afro-Asiatic	1248
4110	2121_tobestrong	to be strong	hebrew	Modern Hebrew	ˁzz	ʕzz	ʕ z z	hebr1245	31.1056	35.0179	Afro-Asiatic	1248
5245	2853_tobestrongfirm	to be strong, firm	syriac	Classical Syriac	šrr	ʃrr	ʃ r r	clas1252	37.1129	42.1432	Afro-Asiatic	1429
4117	2129_tobestrongmighty	to be strong, mighty	tigre	Tigre	ˁazzä	ʕazzæ	ʕ a z z æ	tigr1270	17.3494	38.2233	Afro-Asiatic	1248
4116	2128_tobestrongsteadfastvigorous	to be strong, steadfast, vigorous	geez	Geez	ˁazzaza	ʕazzaza	ʕ a z z a z a	geez1241	10.1342	40.6821	Afro-Asiatic	1248
4109	2122_tobestrongtohavepower	to be strong, to have power	ugaritic	Ugaritic	ˁzz	ʕzz	ʕ z z	ugar1238	35.6	35.78	Afro-Asiatic	1248
6339	3501_tobestuckorcementedtogether	to be stuck or cemented together	amharic	Amharic	däbbäḳä	dæbbæqˤæ	d æ b b æ qˤ æ	amha1245	11.708182	39.543456	Afro-Asiatic	1983
137	94_tobesuccessful	to be successful	sabaic	Sabaic	khl	khl	k h l	saba1279	15.42	45.35	Afro-Asiatic	92
5383	94_tobesuccessful	to be successful	sabaic	Sabaic	yḥtṯ̣yw	jħtθˤjw	j ħ t θˤ j w	saba1279	15.42	45.35	Afro-Asiatic	1560
2223	1042_tobesufficient	to be sufficient	harari	Harari	bäḳa	bæqˤa	b æ qˤ a	hara1271	9.30485	42.1332	Afro-Asiatic	903
2224	1042_tobesufficient	to be sufficient	soddo	Soddo	bäḳḳa	bæqˤqˤa	b æ qˤ qˤ a	sodd1242			Afro-Asiatic	903
6645	3722_tobesufficientcapable	to be sufficient, capable	jewishbabylonianaramaic	Jewish Babylonian Aramaic (ca. 200-1200 CE)	spḳ	spqˤ	s p qˤ	jewi1240	32.273	44.245	Afro-Asiatic	2160
6646	3722_tobesufficientcapable	to be sufficient, capable	syriac	Classical Syriac	spḳ	spqˤ	s p qˤ	clas1252	37.1129	42.1432	Afro-Asiatic	2160
6641	3718_tobesufficienttobeabundant	to be sufficient, to be abundant	pws	West Semitic	*ŝpḳ	ɬpqˤ	ɬ p qˤ	west2786			Afro-Asiatic	2160
3382	1679_tobesuitablefine	to be suitable, fine	jibbali	Jibbali	ṣélaḥ	sˤélaħ	sˤ é l a ħ	sheh1240	17.29154	53.99526	Afro-Asiatic	1153
6273	3462_tobesuperiortosurpasstoexceed	to be superior, to surpass, to exceed	selti	Silt'e	bäläṭä	bælætˤæ	b æ l æ tˤ æ	silt1240	7.77004	38.1449	Afro-Asiatic	1971
6274	3462_tobesuperiortosurpasstoexceed	to be superior, to surpass, to exceed	wolane	Wolane	bäläṭä	bælætˤæ	b æ l æ tˤ æ	wola1253	8.23	38.14	Afro-Asiatic	1971
6275	3462_tobesuperiortosurpasstoexceed	to be superior, to surpass, to exceed	zway	Zay	bäläṭä	bælætˤæ	b æ l æ tˤ æ	zayy1238	8.01148	38.8258	Afro-Asiatic	1971
6276	3462_tobesuperiortosurpasstoexceed	to be superior, to surpass, to exceed	chaha	Chaha	bänṭä	bæntˤæ	b æ n tˤ æ	chah1248			Afro-Asiatic	1971
6277	3462_tobesuperiortosurpasstoexceed	to be superior, to surpass, to exceed	ezha	Ezha	bänṭä	bæntˤæ	b æ n tˤ æ	ezha1238			Afro-Asiatic	1971
6278	3462_tobesuperiortosurpasstoexceed	to be superior, to surpass, to exceed	ezha	Ezha	bännäṭä	bænnætˤæ	b æ n n æ tˤ æ	ezha1238			Afro-Asiatic	1971
6279	3462_tobesuperiortosurpasstoexceed	to be superior, to surpass, to exceed	ennemor	Inoric	bänṭä	bæntˤæ	b æ n tˤ æ	inor1238	7.94883	37.7968	Afro-Asiatic	1971
6280	3462_tobesuperiortosurpasstoexceed	to be superior, to surpass, to exceed	muher	Muher	bälläṭä	bællætˤæ	b æ l l æ tˤ æ	muhe1234			Afro-Asiatic	1971
6281	3462_tobesuperiortosurpasstoexceed	to be superior, to surpass, to exceed	masqan	Mesqan	bälläṭä	bællætˤæ	b æ l l æ tˤ æ	mesq1240	8.10617	38.3386	Afro-Asiatic	1971
6282	3462_tobesuperiortosurpasstoexceed	to be superior, to surpass, to exceed	gogot	Kistane	bälläṭä	bællætˤæ	b æ l l æ tˤ æ	kist1241	8.33561	38.4763	Afro-Asiatic	1971
6283	3462_tobesuperiortosurpasstoexceed	to be superior, to surpass, to exceed	soddo	Soddo	bälläṭä	bællætˤæ	b æ l l æ tˤ æ	sodd1242			Afro-Asiatic	1971
4933	2621_tobesweptawaybyfloods	to be swept away (by floods) (?)	sabaic	Sabaic	s₃ḥb	s₃ħb	s ³ ħ b	saba1279	15.42	45.35	Afro-Asiatic	1351
3364	1661_tobetendersoftslender	to be tender, soft, slender	pcs	Central Semitic	*rkk	rkk	r k k	cent2236			Afro-Asiatic	1151
6192	3410_tobeterrified	to be terrified	jibbali	Jibbali	fégaˁ	fégaʕ	f é g a ʕ	sheh1240	17.29154	53.99526	Afro-Asiatic	1954
6319	3492_tobetightfirmtobegluedtosticktogether	to be tight, firm, to be glued, to stick together	selti	Silt'e	ṭäbäḳä	tˤæbæqˤæ	tˤ æ b æ qˤ æ	silt1240	7.77004	38.1449	Afro-Asiatic	1982
6320	3492_tobetightfirmtobegluedtosticktogether	to be tight, firm, to be glued, to stick together	wolane	Wolane	ṭäbäḳä	tˤæbæqˤæ	tˤ æ b æ qˤ æ	wola1253	8.23	38.14	Afro-Asiatic	1982
6321	3492_tobetightfirmtobegluedtosticktogether	to be tight, firm, to be glued, to stick together	zway	Zay	ṭäbäḳä	tˤæbæqˤæ	tˤ æ b æ qˤ æ	zayy1238	8.01148	38.8258	Afro-Asiatic	1982
6322	3492_tobetightfirmtobegluedtosticktogether	to be tight, firm, to be glued, to stick together	chaha	Chaha	ṭäbäḳä	tˤæbæqˤæ	tˤ æ b æ qˤ æ	chah1248			Afro-Asiatic	1982
6323	3492_tobetightfirmtobegluedtosticktogether	to be tight, firm, to be glued, to stick together	ezha	Ezha	ṭäbbäḳä	tˤæbbæqˤæ	tˤ æ b b æ qˤ æ	ezha1238			Afro-Asiatic	1982
6324	3492_tobetightfirmtobegluedtosticktogether	to be tight, firm, to be glued, to stick together	endegen	Endegegny	ṭäbäḳä	tˤæbæqˤæ	tˤ æ b æ qˤ æ	eneg1238			Afro-Asiatic	1982
6325	3492_tobetightfirmtobegluedtosticktogether	to be tight, firm, to be glued, to stick together	gyeto	Gyeta	ṭäbäḳä	tˤæbæqˤæ	tˤ æ b æ qˤ æ	gyet1241			Afro-Asiatic	1982
6326	3492_tobetightfirmtobegluedtosticktogether	to be tight, firm, to be glued, to stick together	muher	Muher	ṭäbbäḳä	tˤæbbæqˤæ	tˤ æ b b æ qˤ æ	muhe1234			Afro-Asiatic	1982
6327	3492_tobetightfirmtobegluedtosticktogether	to be tight, firm, to be glued, to stick together	masqan	Mesqan	ṭäbbäḳä	tˤæbbæqˤæ	tˤ æ b b æ qˤ æ	mesq1240	8.10617	38.3386	Afro-Asiatic	1982
6318	3491_tobetightstrict	to be tight, strict	harari	Harari	ṭäbäḳä	tˤæbæqˤæ	tˤ æ b æ qˤ æ	hara1271	9.30485	42.1332	Afro-Asiatic	1982
468	283_tobetruetrustworthytohavetrust	to be true, trustworthy; to have trust	pws	West Semitic	*ˀmn	ʔmn	ʔ m n	west2786			Afro-Asiatic	187
6628	3706_tobeunabletoseethesun	to be unable to see the sun	arabic	Arabic	ǯhr	ghr	g h r	arab1395			Afro-Asiatic	2148
3446	1725_tobeunclean	to be unclean	pcs	Central Semitic	*ṭmˀ	tˤmʔ	tˤ m ʔ	cent2236			Afro-Asiatic	1162
3449	1728_tobeuncleanawomanduringmenstruation	to be unclean (a woman during menstruation)	arabic	Arabic	ṭmˀ	tˤmʔ	tˤ m ʔ	arab1395			Afro-Asiatic	1162
5158	2783_tobeunderminedruined	to be undermined, ruined	ugaritic	Ugaritic	grdš	grdʃ	g r d ʃ	ugar1238	35.6	35.78	Afro-Asiatic	1401
4510	2391_tobeunsufficientlycooked	to be unsufficiently cooked	arabic	Arabic	nyˀ	njʔ	n j ʔ	arab1395			Afro-Asiatic	1291
2220	1039_tobeusefulbenefittphaveadvantagetobeappropriate	to be useful, benefit, tp have advantage, to be appropriate	geez	Geez	baḳʷˁa	baqˤʷʕa	b a qʷˤ ʕ a	geez1241	10.1342	40.6821	Afro-Asiatic	903
2324	1083_tobeverdantbudbecomesofttobetenderfresh	to be verdant, bud, become soft; to be tender, fresh	geez	Geez	lamlama	lamlama	l a m l a m a	geez1241	10.1342	40.6821	Afro-Asiatic	916
4335	2275_tobewantingdecreasetoperishtolose	to be wanting, decrease; to perish; to lose	syriac	Classical Syriac	ḥsr	ħsr	ħ s r	clas1252	37.1129	42.1432	Afro-Asiatic	1273
3369	1666_tobeweakfeeble	to be weak, feeble	arabic	Arabic	rkk	rkk	r k k	arab1395			Afro-Asiatic	1151
2581	1207_tobeweaksick	to be weak, sick	mandaic	Classical Mandaic	hla	hla	h l a	clas1253	36.1203	49.5659	Afro-Asiatic	957
3376	1673_tobewelltoprosper	to be well, to prosper	pcs	Central Semitic	*ṣlḥ	sˤlħ	sˤ l ħ	cent2236			Afro-Asiatic	1153
6650	3726_tobewellformedwelldevelopedaboutanewbornchildoranimaltobecleverintelligent	to be wellformed, welldeveloped (about a newborn child or animal); to be clever, intelligent	soqotri	Soqotri	ŝéfaḳ	ɬéfaqˤ	ɬ é f a qˤ	soqo1240	12.4892	53.9168	Afro-Asiatic	2160
5939	3264_tobewetdrenched	to be wet, drenched	geez	Geez	basbasa	basbasa	b a s b a s a	geez1241	10.1342	40.6821	Afro-Asiatic	1884
5941	3266_tobewetdrenchedsoakedtobesoggytorot	to be wet, drenched, soaked; to be soggy, to rot	amharic	Amharic	bäsäbbäsä	bæsæbbæsæ	b æ s æ b b æ s æ	amha1245	11.708182	39.543456	Afro-Asiatic	1884
1099	592_tobewhite	to be white	pws	West Semitic	*lbn	lbn	l b n	west2786			Afro-Asiatic	568
6550	3652_tobewhiteandtoshinebyitswhitenessface	to be white and to shine by its whiteness (face)	arabic	Arabic	γrr	ɣrr	ɣ r r	arab1395			Afro-Asiatic	2099
6549	3651_tobewhiteonblackorblackonwhite	to be white on black or black on white	pws	West Semitic	*γrr	ɣrr	ɣ r r	west2786			Afro-Asiatic	2099
6557	3651_tobewhiteonblackorblackonwhite	to be white on black or black on white	pws	West Semitic	*šḥr	ʃħr	ʃ ħ r	west2786			Afro-Asiatic	2101
85	59_tobewhitebright	to be white, bright	pws	West Semitic	*ŝˁl	ɬʕl	ɬ ʕ l	west2786			Afro-Asiatic	74
3160	1534_tobewhitebrightyellow	to be white, bright, yellow	pcs	Central Semitic	*byṣ̂	bjɬˤ	b j ɬˤ	cent2236			Afro-Asiatic	1112
4638	2460_tobewide	to be wide	tigre	Tigre	raḥaba	raħaba	r a ħ a b a	tigr1270	17.3494	38.2233	Afro-Asiatic	1302
4631	2454_tobewidebroad	to be wide, broad	pws	West Semitic	*rḥb	rħb	r ħ b	west2786			Afro-Asiatic	1302
4636	2459_tobewidebroadlarge	to be wide, broad, large	geez	Geez	rəḥba	rəħba	r ə ħ b a	geez1241	10.1342	40.6821	Afro-Asiatic	1302
4267	2222_tobewise	to be wise	pws	West Semitic	*ḥkm	ħkm	ħ k m	west2786			Afro-Asiatic	1265
4268	2222_tobewise	to be wise	ugaritic	Ugaritic	ḥkm	ħkm	ħ k m	ugar1238	35.6	35.78	Afro-Asiatic	1265
4269	2222_tobewise	to be wise	hebrew	Modern Hebrew	ḥkm	ħkm	ħ k m	hebr1245	31.1056	35.0179	Afro-Asiatic	1265
6072	2222_tobewise	to be wise	geez	Geez	ṭbb	tˤbb	tˤ b b	geez1241	10.1342	40.6821	Afro-Asiatic	1927
3606	1834_tobewithoutsandalsandunabletowalk	to be without sandals and unable to walk	mehri	Mehri	ḥáyfi	ħájfi	ħ á j f i	mehr1241	16.793	52.473	Afro-Asiatic	1179
2307	1070_tobewounded	to be wounded	pes	East Semitic	*ḳʷsl	qˤʷsl	qʷˤ s l	east2678			Afro-Asiatic	913
2309	1070_tobewounded	to be wounded	tigrinya	Tigrinya	ḳʷäsälä	qˤʷæsælæ	qʷˤ æ s æ l æ	tigr1271	15.3359	38.9266	Afro-Asiatic	913
2310	1070_tobewounded	to be wounded	amharic	Amharic	ḳʷässälä	qˤʷæssælæ	qʷˤ æ s s æ l æ	amha1245	11.708182	39.543456	Afro-Asiatic	913
2311	1070_tobewounded	to be wounded	soddo	Soddo	ḳʷässälä	qˤʷæssælæ	qʷˤ æ s s æ l æ	sodd1242			Afro-Asiatic	913
2308	1071_tobewoundedbeinjuredbecoveredwithsoresbeinpain	to be wounded, be injured, be covered with sores, be in pain	geez	Geez	ḳʷasla	qˤʷasla	qʷˤ a s l a	geez1241	10.1342	40.6821	Afro-Asiatic	913
2834	1359_tobewoundedbesuperficiallyhealed	to be wounded, be superficially healed	geez	Geez	ṣalˁa	sˤalʕa	sˤ a l ʕ a	geez1241	10.1342	40.6821	Afro-Asiatic	1017
6615	3693_tobecomeplacidorderlysecure	to be(come) placid, orderly, secure	akkadian	Akkadian	taqānu	taqaːnu	t a q aː n u	akka1240	33.1	44.1	Afro-Asiatic	2146
4354	2289_tobebecomeexist	to be, become, exist	geez	Geez	kona	kona	k o n a	geez1241	10.1342	40.6821	Afro-Asiatic	1275
4351	2288_tobetakeplaceoccur	to be, take place, occur	sabaic	Sabaic	kwn	kwn	k w n	saba1279	15.42	45.35	Afro-Asiatic	1275
4349	2287_tobetoexisttohappen	to be, to exist, to happen	phoenician	Phoenician	kn	kn	k n	phoe1239	34.12	35.65	Afro-Asiatic	1275
4202	2173_tobetohappentobecome	to be, to happen, to become	tigre	Tigre	gabˀa	gabʔa	g a b ʔ a	tigr1270	17.3494	38.2233	Afro-Asiatic	1256
324	208_tobearakidbeforetimegoatoranotheranimal	to bear a kid before time (goat or another animal)	soqotri	Soqotri	áˁgeḷ	áʕgeḷ	á ʕ g e l̩	soqo1240	12.4892	53.9168	Afro-Asiatic	129
4536	2410_tobearfruit	to bear fruit	pws	West Semitic	*pry	prj	p r j	west2786			Afro-Asiatic	1294
4537	2410_tobearfruit	to bear fruit	hebrew	Modern Hebrew	pry	prj	p r j	hebr1245	31.1056	35.0179	Afro-Asiatic	1294
4540	2410_tobearfruit	to bear fruit	mandaic	Classical Mandaic	pra	pra	p r a	clas1253	36.1203	49.5659	Afro-Asiatic	1294
4541	2410_tobearfruit	to bear fruit	geez	Geez	faraya	faraja	f a r a j a	geez1241	10.1342	40.6821	Afro-Asiatic	1294
4542	2410_tobearfruit	to bear fruit	tigre	Tigre	fära	færa	f æ r a	tigr1270	17.3494	38.2233	Afro-Asiatic	1294
4543	2410_tobearfruit	to bear fruit	tigrinya	Tigrinya	färäyä	færæjæ	f æ r æ j æ	tigr1271	15.3359	38.9266	Afro-Asiatic	1294
4545	2410_tobearfruit	to bear fruit	selti	Silt'e	afäre	afære	a f æ r e	silt1240	7.77004	38.1449	Afro-Asiatic	1294
4546	2410_tobearfruit	to bear fruit	wolane	Wolane	afere	afere	a f e r e	wola1253	8.23	38.14	Afro-Asiatic	1294
4547	2410_tobearfruit	to bear fruit	chaha	Chaha	afʷänä	afʷænæ	a fʷ æ n æ	chah1248			Afro-Asiatic	1294
4548	2410_tobearfruit	to bear fruit	ezha	Ezha	afʷännä	afʷænnæ	a fʷ æ n n æ	ezha1238			Afro-Asiatic	1294
4549	2410_tobearfruit	to bear fruit	endegen	Endegegny	afʷäňňä	afʷæňňæ	a fʷ æ ň ň æ	eneg1238			Afro-Asiatic	1294
4550	2410_tobearfruit	to bear fruit	gyeto	Gyeta	afʷäňä	afʷæňæ	a fʷ æ ň æ	gyet1241			Afro-Asiatic	1294
4551	2410_tobearfruit	to bear fruit	muher	Muher	afʷäňňä	afʷæňňæ	a fʷ æ ň ň æ	muhe1234			Afro-Asiatic	1294
4552	2410_tobearfruit	to bear fruit	masqan	Mesqan	färra, afärra	færra	f æ r r a	mesq1240	8.10617	38.3386	Afro-Asiatic	1294
4553	2410_tobearfruit	to bear fruit	soddo	Soddo	färra, afärra	færra	f æ r r a	sodd1242			Afro-Asiatic	1294
6345	3506_tobeattofight	to beat, to fight	pws	West Semitic	*wgy/ˀ	wgj	w g j	west2786			Afro-Asiatic	1997
6348	3509_tobeattosmite	to beat, to smite	arabic	Arabic	wǯˀ	wgʔ	w g ʔ	arab1395			Afro-Asiatic	1997
4820	2553_tobeattobattertoslaykill	to beat; to batter; to slay, kill	syriac	Classical Syriac	pˁˁ	pʕʕ	p ʕ ʕ	clas1252	37.1129	42.1432	Afro-Asiatic	1325
6191	3409_tobecomeafraid	to become afraid	mehri	Mehri	fōga	foːga	f oː g a	mehr1241	16.793	52.473	Afro-Asiatic	1954
2628	1250_tobecomebald	to become bald	syriac	Classical Syriac	ḳrḥ	qˤrħ	qˤ r ħ	clas1252	37.1129	42.1432	Afro-Asiatic	969
2637	1250_tobecomebald	to become bald	soddo	Soddo	ḳʷärrärä	qˤʷærræræ	qʷˤ æ r r æ r æ	sodd1242			Afro-Asiatic	969
6559	3659_tobecomeblack	to become black	syriac	Classical Syriac	šḥr	ʃħr	ʃ ħ r	clas1252	37.1129	42.1432	Afro-Asiatic	2101
5521	3006_tobecomebrighttoberipetobehappy	to become bright, to be ripe, to be happy	pes	East Semitic	*fkḥ	fkħ	f k ħ	east2678			Afro-Asiatic	1742
5524	3009_tobecomebrighttobloom	to become bright, to bloom	harari	Harari	fäkäḥa	fækæħa	f æ k æ ħ a	hara1271	9.30485	42.1332	Afro-Asiatic	1742
2357	1099_tobecomechildless	to become childless	hebrew	Modern Hebrew	škl	ʃkl	ʃ k l	hebr1245	31.1056	35.0179	Afro-Asiatic	922
4137	2142_tobecomecold	to become cold	tigre	Tigre	bärdä	bærdæ	b æ r d æ	tigr1270	17.3494	38.2233	Afro-Asiatic	1251
3060	1459_tobecomefat	to become fat	jewishbabylonianaramaic	Jewish Babylonian Aramaic (ca. 200-1200 CE)	dhn	dhn	d h n	jewi1240	32.273	44.245	Afro-Asiatic	1091
768	453_tobecomegreatbegreat	to become great, be great	syriac	Classical Syriac	rbb	rbb	r b b	clas1252	37.1129	42.1432	Afro-Asiatic	355
2568	1194_tobecomehealthymature	to become healthy, mature	pcs	Central Semitic	*ḥlm	ħlm	ħ l m	cent2236			Afro-Asiatic	956
3291	1621_tobecomelawfulallowablefree	to become lawful, allowable, free	arabic	Arabic	ḥll	ħll	ħ l l	arab1395			Afro-Asiatic	1135
390	259_tobecomeplentifulandeasytobegoodpleasant	to become plentiful and easy; to be good, pleasant	arabic	Arabic	nˁm	nʕm	n ʕ m	arab1395			Afro-Asiatic	151
6257	3451_tobecomeplentifultoswelltospreadverserdeleau	to become plentiful, to swell; to spread; verser (de l'eau)	tigre	Tigre	fässä	fæssæ	f æ s s æ	tigr1270	17.3494	38.2233	Afro-Asiatic	1969
2846	1369_tobecomequietsilenttohumbuzzears	to become quiet, silent; to hum, buzz (ears)	amharic	Amharic	č̣əmm alä	č̣əmm	č̣ ə m m	amha1245	11.708182	39.543456	Afro-Asiatic	1019
1132	614_tobecomered	to become red	amharic	Amharic	ḳälla	qˤælla	qˤ æ l l a	amha1245	11.708182	39.543456	Afro-Asiatic	582
4554	2414_tobecomeripetoripen	to become ripe, to ripen	jibbali	Jibbali	efréˀ	efréʔ	e f r é ʔ	sheh1240	17.29154	53.99526	Afro-Asiatic	1294
4806	2543_tobecomesolesingle	to become sole, single	arabic	Arabic	frd	frd	f r d	arab1395			Afro-Asiatic	1323
2570	1196_tobecomestronganimals	to become strong (animals)	hebrew	Modern Hebrew	ḥlm	ħlm	ħ l m	hebr1245	31.1056	35.0179	Afro-Asiatic	956
6131	3378_tobecometorntopieces	to become torn to pieces	amharic	Amharic	bäṭṭälä	bætˤtˤælæ	b æ tˤ tˤ æ l æ	amha1245	11.708182	39.543456	Afro-Asiatic	1938
4742	2524_tobecomeunarmed	to become unarmed	tigre	Tigre	(tə)bättära	bættæra	b æ t t æ r a	tigr1270	17.3494	38.2233	Afro-Asiatic	1314
2590	1216_tobecomeunconscious	to become unconscious	tigre	Tigre	täḥawälä	tæħawælæ	t æ ħ a w æ l æ	tigr1270	17.3494	38.2233	Afro-Asiatic	957
2325	1084_tobecomeverdantsendoutshoots	to become verdant, send out shoots	tigrinya	Tigrinya	lämlämä	læmlæmæ	l æ m l æ m æ	tigr1271	15.3359	38.9266	Afro-Asiatic	916
2326	1084_tobecomeverdantsendoutshoots	to become verdant, send out shoots	amharic	Amharic	lämällämä	læmællæmæ	l æ m æ l l æ m æ	amha1245	11.708182	39.543456	Afro-Asiatic	916
3464	1736_tobeginaprocesstolitigatetojudge	to begin a process, to litigate; to judge	phoenician	Phoenician	špṭ	ʃptˤ	ʃ p tˤ	phoe1239	34.12	35.65	Afro-Asiatic	1164
1091	588_tobegintoshinedawn	to begin to shine, dawn	syriac	Classical Syriac	ngh	ngh	n g h	clas1252	37.1129	42.1432	Afro-Asiatic	555
479	293_tobelieve	to believe	tigrinya	Tigrinya	ˀamänä	ʔamænæ	ʔ a m æ n æ	tigr1271	15.3359	38.9266	Afro-Asiatic	187
493	293_tobelieve	to believe	mehri	Mehri	šāmūn	ʃaːmuːn	ʃ aː m uː n	mehr1241	16.793	52.473	Afro-Asiatic	187
495	293_tobelieve	to believe	jibbali	Jibbali	s̃ĩn	s̃ĩn	s̃ ĩ n	sheh1240	17.29154	53.99526	Afro-Asiatic	187
480	294_tobelievehavefaithtotrust	to believe, have faith; to trust	amharic	Amharic	ammänä	ammænæ	a m m æ n æ	amha1245	11.708182	39.543456	Afro-Asiatic	187
477	292_tobelievetotrust	to believe, to trust	geez	Geez	ˀamna	ʔamna	ʔ a m n a	geez1241	10.1342	40.6821	Afro-Asiatic	187
478	292_tobelievetotrust	to believe, to trust	tigre	Tigre	ˀamna	ʔamna	ʔ a m n a	tigr1270	17.3494	38.2233	Afro-Asiatic	187
582	357_tobendover	to bend over	jewishpalestinianaramaic	Jewish Palestinian Aramaic	nṭy	ntˤj	n tˤ j	pale1261			Afro-Asiatic	245
6527	3630_tobind	to bind	pws	West Semitic	*ˁḳd	ʕqˤd	ʕ qˤ d	west2786			Afro-Asiatic	2080
4084	2102_tobindacamel	to bind a camel	arabic	Arabic	ˁql	ʕql	ʕ q l	arab1395			Afro-Asiatic	1244
4085	2103_tobindthefoldedlegs	to bind the folded legs	tigre	Tigre	ˁaḳlä	ʕaqˤlæ	ʕ a qˤ l æ	tigr1270	17.3494	38.2233	Afro-Asiatic	1244
5491	2989_tobindtoencircle	to bind; to encircle	pws	West Semitic	*ḥgl	ħgl	ħ g l	west2786			Afro-Asiatic	1673
2600	1225_tobleedprofuselytomakeacistern	to bleed profusely; to make a cistern	jibbali	Jibbali	aḥbéẓ̂ (caus.)	aħbéẓ̂	a ħ b é ẓ̂	sheh1240	17.29154	53.99526	Afro-Asiatic	958
2502	1150_toblind	to blind	amharic	Amharic	awwärä	awwæræ	a w w æ r æ	amha1245	11.708182	39.543456	Afro-Asiatic	938
6533	3635_toblocktostop	to block, to stop	pws	West Semitic	*ˁgm	ʕgm	ʕ g m	west2786			Afro-Asiatic	2081
4923	2612_toblow	to blow	pws	West Semitic	*rwḥ	rwħ	r w ħ	west2786			Afro-Asiatic	1350
3191	1554_toblowtobreathetosmell	to blow; to breathe; to smell	syriac	Classical Syriac	pwḥ	pwħ	p w ħ	clas1252	37.1129	42.1432	Afro-Asiatic	1118
5087	2729_toblowtowaftthroughaboutsmell	to blow; to waft through (about smell)	pws	West Semitic	*pḥḥ	pħħ	p ħ ħ	west2786			Afro-Asiatic	1375
5418	2941_toblushbeashamed	to blush, be ashamed	syriac	Classical Syriac	ṣḥr	sˤħr	sˤ ħ r	clas1252	37.1129	42.1432	Afro-Asiatic	1582
2621	1244_toborethroughperforatetopierce	to bore through, perforate; to pierce	syriac	Classical Syriac	ḳdḥ	qˤdħ	qˤ d ħ	clas1252	37.1129	42.1432	Afro-Asiatic	965
1777	902_tobounceupwardriseup	to bounce upward, rise up	amharic	Amharic	narä	naræ	n a r æ	amha1245	11.708182	39.543456	Afro-Asiatic	767
5033	2694_tobraidtoplait	to braid, to plait	geez	Geez	ṣ̂afara	ɬˤafara	ɬˤ a f a r a	geez1241	10.1342	40.6821	Afro-Asiatic	1365
6128	3375_tobranchapart	to branch apart	jewishbabylonianaramaic	Jewish Babylonian Aramaic (ca. 200-1200 CE)	bṣl	bsˤl	b sˤ l	jewi1240	32.273	44.245	Afro-Asiatic	1938
375	248_tobreak	to break	pws	West Semitic	*ḳṣp	qˤsˤp	qˤ sˤ p	west2786			Afro-Asiatic	146
5533	248_tobreak	to break	pws	West Semitic	*prk	prk	p r k	west2786			Afro-Asiatic	1745
5617	248_tobreak	to break	pws	West Semitic	*prz	prz	p r z	west2786			Afro-Asiatic	1769
5812	248_tobreak	to break	pws	West Semitic	*pṣm	psˤm	p sˤ m	west2786			Afro-Asiatic	1813
5159	2784_tobreakasticktofellalargetree	to break a stick, to fell a large tree	amharic	Amharic	gäräddäsä	gæræddæsæ	g æ r æ d d æ s æ	amha1245	11.708182	39.543456	Afro-Asiatic	1401
4822	2555_tobreakasunder	to break asunder	arabic	Arabic	fḍḍ	fdˤdˤ	f dˤ dˤ	arab1395			Afro-Asiatic	1325
5913	3243_tobreakasundertobreakopentosplit	to break asunder, to break open, to split	mandaic	Classical Mandaic	pḳa	pqˤa	p qˤ a	clas1253	36.1203	49.5659	Afro-Asiatic	1859
1779	904_tobreakforth	to break forth	jewishbabylonianaramaic	Jewish Babylonian Aramaic (ca. 200-1200 CE)	nbg	nbg	n b g	jewi1240	32.273	44.245	Afro-Asiatic	768
5102	2744_tobreakforthtocometolighttoshineforth	to break forth, to come to light, to shine forth	mandaic	Classical Mandaic	bar, bhr	bar	b a r	clas1253	36.1203	49.5659	Afro-Asiatic	1380
3374	1671_tobreakintopieces	to break into pieces	syriac	Classical Syriac	rˁˁ	rʕʕ	r ʕ ʕ	clas1252	37.1129	42.1432	Afro-Asiatic	1152
4560	1671_tobreakintopieces	to break into pieces	syriac	Classical Syriac	ptt	ptt	p t t	clas1252	37.1129	42.1432	Afro-Asiatic	1295
4818	1671_tobreakintopieces	to break into pieces	hebrew	Modern Hebrew	pṣṣ	psˤsˤ	p sˤ sˤ	hebr1245	31.1056	35.0179	Afro-Asiatic	1325
5572	3046_tobreaklooseandrunoff	to break loose and run off	tigrinya	Tigrinya	färgägä	færgægæ	f æ r g æ g æ	tigr1271	15.3359	38.9266	Afro-Asiatic	1755
5536	3019_tobreakoff	to break off	jewishbabylonianaramaic	Jewish Babylonian Aramaic (ca. 200-1200 CE)	prk	prk	p r k	jewi1240	32.273	44.245	Afro-Asiatic	1745
5931	3258_tobreakofftoseparate	to break off, to separate	pws	West Semitic	*pšḫ	pʃx	p ʃ x	west2786			Afro-Asiatic	1876
5925	3253_tobreakopentocutopentosplit	to break open, to cut open, to split	geez	Geez	faraṣa	farasˤa	f a r a sˤ a	geez1241	10.1342	40.6821	Afro-Asiatic	1868
5618	3070_tobreakthroughtoforceaway	to break through, to force a way	mandaic	Classical Mandaic	prz	prz	p r z	clas1253	36.1203	49.5659	Afro-Asiatic	1769
4805	2542_tobreakthroughtotearapart	to break through, to tear apart	mandaic	Classical Mandaic	prd	prd	p r d	clas1253	36.1203	49.5659	Afro-Asiatic	1323
5814	3182_tobreaktocrack	to break, to crack	arabic	Arabic	fṣm	fsˤm	f sˤ m	arab1395			Afro-Asiatic	1813
5546	3026_tobreaktocrush	to break, to crush	pws	West Semitic	*prpr	prpr	p r p r	west2786			Afro-Asiatic	1748
6491	3026_tobreaktocrush	to break, to crush	arabic	Arabic	dkk	dkk	d k k	arab1395			Afro-Asiatic	2044
5921	3249_tobreaktocut	to break, to cut	pws	West Semitic	*prṣ	prsˤ	p r sˤ	west2786			Afro-Asiatic	1868
5534	3017_tobreaktodamage	to break, to damage	officialaramaic	Middle-Modern Aramaic	prk	prk	p r k	midd1367			Afro-Asiatic	1745
4819	2552_tobreaktopenetrate	to break, to penetrate	jewishbabylonianaramaic	Jewish Babylonian Aramaic (ca. 200-1200 CE)	pˁpˁ	pʕpʕ	p ʕ p ʕ	jewi1240	32.273	44.245	Afro-Asiatic	1325
4032	2073_tobreaktotear	to break, to tear	geez	Geez	bataka	bataka	b a t a k a	geez1241	10.1342	40.6821	Afro-Asiatic	1237
4559	2073_tobreaktotear	to break, to tear	jewishbabylonianaramaic	Jewish Babylonian Aramaic (ca. 200-1200 CE)	ptt	ptt	p t t	jewi1240	32.273	44.245	Afro-Asiatic	1295
5932	2073_tobreaktotear	to break, to tear	jewishbabylonianaramaic	Jewish Babylonian Aramaic (ca. 200-1200 CE)	pšḥ	pʃħ	p ʃ ħ	jewi1240	32.273	44.245	Afro-Asiatic	1876
4561	2418_tobreaktotearoff	to break, to tear off	mandaic	Classical Mandaic	ptt	ptt	p t t	clas1253	36.1203	49.5659	Afro-Asiatic	1295
5535	3018_tobreakpatoremovehusksbyrubbing	to break; (pa.) to remove husks by rubbing	jewishpalestinianaramaic	Jewish Palestinian Aramaic	prk	prk	p r k	pale1261			Afro-Asiatic	1745
3190	1553_tobreathe	to breathe	jewishbabylonianaramaic	Jewish Babylonian Aramaic (ca. 200-1200 CE)	pwḥ	pwħ	p w ħ	jewi1240	32.273	44.245	Afro-Asiatic	1118
3753	1553_tobreathe	to breathe	pcs	Central Semitic	*nšm	nʃm	n ʃ m	cent2236			Afro-Asiatic	1198
3755	1553_tobreathe	to breathe	jewishbabylonianaramaic	Jewish Babylonian Aramaic (ca. 200-1200 CE)	nšm	nʃm	n ʃ m	jewi1240	32.273	44.245	Afro-Asiatic	1198
3756	1553_tobreathe	to breathe	syriac	Classical Syriac	nšm	nʃm	n ʃ m	clas1252	37.1129	42.1432	Afro-Asiatic	1198
3759	1553_tobreathe	to breathe	arabic	Arabic	nsm	nsm	n s m	arab1395			Afro-Asiatic	1198
3760	1553_tobreathe	to breathe	mehri	Mehri	hənsōm	hənsoːm	h ə n s oː m	mehr1241	16.793	52.473	Afro-Asiatic	1198
3761	1553_tobreathe	to breathe	jibbali	Jibbali	əntsím	əntsím	ə n t s í m	sheh1240	17.29154	53.99526	Afro-Asiatic	1198
3757	1936_tobreatheblow	to breathe, blow	mandaic	Classical Mandaic	nšm	nʃm	n ʃ m	clas1253	36.1203	49.5659	Afro-Asiatic	1198
3187	1550_tobreatheblowexhalesmell	to breathe, blow, exhale (smell)	pws	West Semitic	*pḫ/ḥ	px	p x	west2786			Afro-Asiatic	1118
6328	3493_tobringalongsidetodrawalongside	to bring alongside, to draw alongside	mehri	Mehri	aṭōbəḳ	atˤoːbəqˤ	a tˤ oː b ə qˤ	mehr1241	16.793	52.473	Afro-Asiatic	1982
4298	2242_tobringdisasterbydoingsomethingforbidden	to bring disaster by doing something forbidden	mehri	Mehri	ḥrūm	ħruːm	ħ r uː m	mehr1241	16.793	52.473	Afro-Asiatic	1267
6619	3697_tobringtoperfection	to bring to perfection	arabic	Arabic	tqn	tqn	t q n	arab1395			Afro-Asiatic	2146
4035	2076_tobruisetohitsomeoneleavinganinternalwoundbutnobloodflowtomakeaholeinagarmentinsect	to bruise, to hit someone leaving an internal wound but no blood flow; to make a hole in a garment (insect)	amharic	Amharic	bättäkä	bættækæ	b æ t t æ k æ	amha1245	11.708182	39.543456	Afro-Asiatic	1237
4036	2076_tobruisetohitsomeoneleavinganinternalwoundbutnobloodflowtomakeaholeinagarmentinsect	to bruise, to hit someone leaving an internal wound but no blood flow; to make a hole in a garment (insect)	amharic	Amharic	bättäkä	bættækæ	b æ t t æ k æ	amha1245	11.708182	39.543456	Afro-Asiatic	1237
6478	3595_tobruisetopoundtopulverize	to bruise, to pound, to pulverize	arabic	Arabic	dwk	dwk	d w k	arab1395			Afro-Asiatic	2042
319	204_tobuildahedgeorpalisade	to build a hedge or palisade	amharic	Amharic	aggälä	aggælæ	a g g æ l æ	amha1245	11.708182	39.543456	Afro-Asiatic	129
5140	2769_tobuildconstruct	to build, construct	sabaic	Sabaic	brˀ	brʔ	b r ʔ	saba1279	15.42	45.35	Afro-Asiatic	1394
5141	2769_tobuildconstruct	to build, construct	minaean	Minaean	brˀ	brʔ	b r ʔ	mina1279	16.166667	44.672778	Afro-Asiatic	1394
5142	2769_tobuildconstruct	to build, construct	qatabanian	Qatabanian	brˀ	brʔ	b r ʔ	qata1238	14.8	45.733333	Afro-Asiatic	1394
6495	3603_tobumpagainsttobangaholein	to bump (against); to bang a hole in	jibbali	Jibbali	dekk	dekk	d e k k	sheh1240	17.29154	53.99526	Afro-Asiatic	2044
2389	1118_toburnintr	to burn (intr.)	geez	Geez	nadda	nadda	n a d d a	geez1241	10.1342	40.6821	Afro-Asiatic	928
2390	1118_toburnintr	to burn (intr.)	tigre	Tigre	näddä	næddæ	n æ d d æ	tigr1270	17.3494	38.2233	Afro-Asiatic	928
2391	1118_toburnintr	to burn (intr.)	tigrinya	Tigrinya	nädädä	nædædæ	n æ d æ d æ	tigr1271	15.3359	38.9266	Afro-Asiatic	928
2392	1118_toburnintr	to burn (intr.)	amharic	Amharic	näddädä	næddædæ	n æ d d æ d æ	amha1245	11.708182	39.543456	Afro-Asiatic	928
2394	1118_toburnintr	to burn (intr.)	harari	Harari	nädädä	nædædæ	n æ d æ d æ	hara1271	9.30485	42.1332	Afro-Asiatic	928
2408	1118_toburnintr	to burn (intr.)	soddo	Soddo	näddädä	næddædæ	n æ d d æ d æ	sodd1242			Afro-Asiatic	928
2388	1117_toburnintransitive	to burn (intransitive)	pes	East Semitic	*ndd	ndd	n d d	east2678			Afro-Asiatic	928
2393	1117_toburnintransitive	to burn (intransitive)	argobba	Argobba	näddäda, näddäd	næddæda	n æ d d æ d a	argo1244	10.6596	39.756	Afro-Asiatic	928
2395	1117_toburnintransitive	to burn (intransitive)	selti	Silt'e	nädäda	nædæda	n æ d æ d a	silt1240	7.77004	38.1449	Afro-Asiatic	928
2396	1117_toburnintransitive	to burn (intransitive)	wolane	Wolane	nädäda	nædæda	n æ d æ d a	wola1253	8.23	38.14	Afro-Asiatic	928
2397	1117_toburnintransitive	to burn (intransitive)	zway	Zay	nädäda	nædæda	n æ d æ d a	zayy1238	8.01148	38.8258	Afro-Asiatic	928
2398	1117_toburnintransitive	to burn (intransitive)	chaha	Chaha	nädädä	nædædæ	n æ d æ d æ	chah1248			Afro-Asiatic	928
2400	1117_toburnintransitive	to burn (intransitive)	ezha	Ezha	näddädä	næddædæ	n æ d d æ d æ	ezha1238			Afro-Asiatic	928
2402	1117_toburnintransitive	to burn (intransitive)	endegen	Endegegny	nättädä	nættædæ	n æ t t æ d æ	eneg1238			Afro-Asiatic	928
2403	1117_toburnintransitive	to burn (intransitive)	ennemor	Inoric	nätädä	nætædæ	n æ t æ d æ	inor1238	7.94883	37.7968	Afro-Asiatic	928
2404	1117_toburnintransitive	to burn (intransitive)	gyeto	Gyeta	nätädä	nætædæ	n æ t æ d æ	gyet1241			Afro-Asiatic	928
2405	1117_toburnintransitive	to burn (intransitive)	muher	Muher	näddädä	næddædæ	n æ d d æ d æ	muhe1234			Afro-Asiatic	928
2406	1117_toburnintransitive	to burn (intransitive)	masqan	Mesqan	näddädä	næddædæ	n æ d d æ d æ	mesq1240	8.10617	38.3386	Afro-Asiatic	928
2407	1117_toburnintransitive	to burn (intransitive)	gogot	Kistane	näddädä	næddædæ	n æ d d æ d æ	kist1241	8.33561	38.4763	Afro-Asiatic	928
2399	1119_toburntransitivetolightafiretokindleafire	to burn (transitive), to light a fire, to kindle a fire	chaha	Chaha	arädädä	arædædæ	a r æ d æ d æ	chah1248			Afro-Asiatic	928
2401	1119_toburntransitivetolightafiretokindleafire	to burn (transitive), to light a fire, to kindle a fire	ezha	Ezha	aräddädä	aræddædæ	a r æ d d æ d æ	ezha1238			Afro-Asiatic	928
2447	1133_toburnbeconsumedbyfireblaze	to burn, be consumed by fire, blaze	geez	Geez	wəˁya	wəʕja	w ə ʕ j a	geez1241	10.1342	40.6821	Afro-Asiatic	934
5415	2938_toburntobeburnt	to burn, to be burnt	pws	West Semitic	*ṣḥr	sˤħr	sˤ ħ r	west2786			Afro-Asiatic	1582
5910	3241_toburst	to burst	jewishpalestinianaramaic	Jewish Palestinian Aramaic	pḳˁ	pqˤʕ	p qˤ ʕ	pale1261			Afro-Asiatic	1859
5619	3071_toburstforthtocrackopen	to burst forth, to crack open	geez	Geez	tafarzaza	tafarzaza	t a f a r z a z a	geez1241	10.1342	40.6821	Afro-Asiatic	1769
5620	3072_toburstopen	to burst open	amharic	Amharic	täfäräzzäzä	tæfæræzzæzæ	t æ f æ r æ z z æ z æ	amha1245	11.708182	39.543456	Afro-Asiatic	1769
5523	3008_toburstopentobloomtoberipe	to burst open, to bloom, to be ripe	amharic	Amharic	fäkka	fækka	f æ k k a	amha1245	11.708182	39.543456	Afro-Asiatic	1742
5936	3261_tobursttospread	to burst; to spread	syriac	Classical Syriac	ptḳ	ptqˤ	p t qˤ	clas1252	37.1129	42.1432	Afro-Asiatic	1878
2248	1055_tobuytopurchasetoowntopossesstogoverntoruleover	to buy, to purchase; to own, to possess; to govern, to rule over	amharic	Amharic	gäzza	gæzza	g æ z z a	amha1245	11.708182	39.543456	Afro-Asiatic	907
6623	3701_tocalculateplan	to calculate, plan	syriac	Classical Syriac	ḥšb	ħʃb	ħ ʃ b	clas1252	37.1129	42.1432	Afro-Asiatic	2147
3666	1874_tocall	to call	pcs	Central Semitic	*ḳrˀ	qˤrʔ	qˤ r ʔ	cent2236			Afro-Asiatic	1187
3667	1874_tocall	to call	ugaritic	Ugaritic	ḳrˀ	qˤrʔ	qˤ r ʔ	ugar1238	35.6	35.78	Afro-Asiatic	1187
3668	1874_tocall	to call	hebrew	Modern Hebrew	ḳrˀ	qˤrʔ	qˤ r ʔ	hebr1245	31.1056	35.0179	Afro-Asiatic	1187
3672	1874_tocall	to call	sabaic	Sabaic	ḳrˀ	qˤrʔ	qˤ r ʔ	saba1279	15.42	45.35	Afro-Asiatic	1187
3673	1874_tocall	to call	minaean	Minaean	ḳrˀ	qˤrʔ	qˤ r ʔ	mina1279	16.166667	44.672778	Afro-Asiatic	1187
6376	1874_tocall	to call	pes	East Semitic	*ṣwˁ	sˤwʕ	sˤ w ʕ	east2678			Afro-Asiatic	2013
6378	1874_tocall	to call	tigre	Tigre	ṣäwˁa	sˤæwʕa	sˤ æ w ʕ a	tigr1270	17.3494	38.2233	Afro-Asiatic	2013
3770	1943_tocallloudlyshrilly	to call loudly, shrilly	hebrew	Modern Hebrew	rnn	rnn	r n n	hebr1245	31.1056	35.0179	Afro-Asiatic	1200
6377	3533_tocalltocryout	to call, to cry out	geez	Geez	ṣawwəˁa	sˤawwəʕa	sˤ a w w ə ʕ a	geez1241	10.1342	40.6821	Afro-Asiatic	2013
3671	1877_tocalltoreadtorecite	to call, to read, to recite	arabic	Arabic	qrˀ	qrʔ	q r ʔ	arab1395			Afro-Asiatic	1187
6379	3534_tocalltosummon	to call, to summon	tigrinya	Tigrinya	ṣäwwəˁē	sˤæwwəʕeː	sˤ æ w w ə ʕ eː	tigr1271	15.3359	38.9266	Afro-Asiatic	2013
3669	1875_tocallproclaimsummon	to call; proclaim; summon	syriac	Classical Syriac	ḳry	qˤrj	qˤ r j	clas1252	37.1129	42.1432	Afro-Asiatic	1187
3293	1623_tocanceltorelieve	to cancel, to relieve	qatabanian	Qatabanian	ḥll	ħll	ħ l l	qata1238	14.8	45.733333	Afro-Asiatic	1135
6399	3549_tocanceltowipeout	to cancel, to wipe out	tigrinya	Tigrinya	dämsäsä	dæmsæsæ	d æ m s æ s æ	tigr1271	15.3359	38.9266	Afro-Asiatic	2025
3800	1957_tocapture	to capture	mehri	Mehri	səbū	səbuː	s ə b uː	mehr1241	16.793	52.473	Afro-Asiatic	1202
1578	809_tocarryonshoulders	to carry on shoulders	pes	East Semitic	*skm	skm	s k m	east2678			Afro-Asiatic	710
1579	809_tocarryonshoulders	to carry on shoulders	geez	Geez	sakama	sakama	s a k a m a	geez1241	10.1342	40.6821	Afro-Asiatic	710
1583	813_tocarryontheback	to carry on the back	argobba	Argobba	(əš)šekkäma	ʃekkæma	ʃ e k k æ m a	argo1244	10.6596	39.756	Afro-Asiatic	710
2272	813_tocarryontheback	to carry on the back	pes	East Semitic	*ḥzl	ħzl	ħ z l	east2678			Afro-Asiatic	909
2274	813_tocarryontheback	to carry on the back	tigre	Tigre	ḥazlä	ħazlæ	ħ a z l æ	tigr1270	17.3494	38.2233	Afro-Asiatic	909
2275	813_tocarryontheback	to carry on the back	tigrinya	Tigrinya	ḥazälä	ħazælæ	ħ a z æ l æ	tigr1271	15.3359	38.9266	Afro-Asiatic	909
2276	813_tocarryontheback	to carry on the back	amharic	Amharic	azzälä	azzælæ	a z z æ l æ	amha1245	11.708182	39.543456	Afro-Asiatic	909
2277	813_tocarryontheback	to carry on the back	harari	Harari	ḥazälä	ħazælæ	ħ a z æ l æ	hara1271	9.30485	42.1332	Afro-Asiatic	909
2278	813_tocarryontheback	to carry on the back	masqan	Mesqan	ezzälä	ezzælæ	e z z æ l æ	mesq1240	8.10617	38.3386	Afro-Asiatic	909
2273	1063_tocarryonthebackcarryaburden	to carry on the back; carry a burden	geez	Geez	ḥazala	ħazala	ħ a z a l a	geez1241	10.1342	40.6821	Afro-Asiatic	909
1582	812_tocarrytobear	to carry, to bear	amharic	Amharic	täšäkkämä	tæʃækkæmæ	t æ ʃ æ k k æ m æ	amha1245	11.708182	39.543456	Afro-Asiatic	710
5720	3136_tocarvetoincise	to carve, to incise	pws	West Semitic	*ḥḳḳ	ħqˤqˤ	ħ qˤ qˤ	west2786			Afro-Asiatic	1795
3781	1951_tocatchcreatures	to catch creatures	jewishbabylonianaramaic	Jewish Babylonian Aramaic (ca. 200-1200 CE)	ṣwd	sˤwd	sˤ w d	jewi1240	32.273	44.245	Afro-Asiatic	1201
160	112_tocatchinanetensnareentangle	to catch in a net, ensnare, entangle	geez	Geez	ŝagara	ɬagara	ɬ a g a r a	geez1241	10.1342	40.6821	Afro-Asiatic	103
3700	1898_tocatchtogettotake	to catch, to get, to take	mehri	Mehri	mūna	muːna	m uː n a	mehr1241	16.793	52.473	Afro-Asiatic	1190
6179	3397_tocausetorejoice	to cause to rejoice	sabaic	Sabaic	h-fs₂ḥ	h-fs₂ħ	h f s ² ħ	saba1279	15.42	45.35	Afro-Asiatic	1951
6183	3401_toceasedesist	to cease, desist	syriac	Classical Syriac	pšḥ	pʃħ	p ʃ ħ	clas1252	37.1129	42.1432	Afro-Asiatic	1952
2455	1138_tochange	to change	pes	East Semitic	*wlṭ/*lwṭ	wltˤ	w l tˤ	east2678			Afro-Asiatic	936
2457	1138_tochange	to change	tigre	Tigre	läwäṭä	læwætˤæ	l æ w æ tˤ æ	tigr1270	17.3494	38.2233	Afro-Asiatic	936
2458	1138_tochange	to change	amharic	Amharic	läwwäṭä	læwwætˤæ	l æ w w æ tˤ æ	amha1245	11.708182	39.543456	Afro-Asiatic	936
2459	1138_tochange	to change	harari	Harari	nāwäṭä	naːwætˤæ	n aː w æ tˤ æ	hara1271	9.30485	42.1332	Afro-Asiatic	936
2460	1138_tochange	to change	soddo	Soddo	liwwäṭä	liwwætˤæ	l i w w æ tˤ æ	sodd1242			Afro-Asiatic	936
4326	2266_tochangealtercompletelytosubstitutetobedifferentsuccessive	to change, alter completely; to substitute; to be different, successive	syriac	Classical Syriac	ḥlp	ħlp	ħ l p	clas1252	37.1129	42.1432	Afro-Asiatic	1272
2456	1139_tochangeexchangealterbartertotranscriberegister	to change, exchange, alter, barter; to transcribe, register	geez	Geez	wallaṭa	wallatˤa	w a l l a tˤ a	geez1241	10.1342	40.6821	Afro-Asiatic	936
4134	2140_tocheattodeceive	to cheat, to deceive	zway	Zay	(a)buǯī	bugiː	b u g iː	zayy1238	8.01148	38.8258	Afro-Asiatic	1250
4252	2208_tochoke	to choke	pws	West Semitic	*γṭ	ɣtˤ	ɣ tˤ	west2786			Afro-Asiatic	1262
4255	2211_tochokeonsomething	to choke on something	jibbali	Jibbali	γeṭṭ	ɣetˤtˤ	ɣ e tˤ tˤ	sheh1240	17.29154	53.99526	Afro-Asiatic	1262
4254	2210_tochokeonsomethingstuckinthethroat	to choke on something stuck in the throat	mehri	Mehri	γəṭ	ɣətˤ	ɣ ə tˤ	mehr1241	16.793	52.473	Afro-Asiatic	1262
4750	2526_tochop	to chop	jibbali	Jibbali	ōtər	oːtər	oː t ə r	sheh1240	17.29154	53.99526	Afro-Asiatic	1314
4249	2206_tocircumcise	to circumcise	geez	Geez	gazara	gazara	g a z a r a	geez1241	10.1342	40.6821	Afro-Asiatic	1261
5312	2887_toclapthehands	to clap the hands	geez	Geez	ṭafḥa	tˤafħa	tˤ a f ħ a	geez1241	10.1342	40.6821	Afro-Asiatic	1481
4463	2361_tocleanwipeerase	to clean, wipe, erase	ugaritic	Ugaritic	mḥw	mħw	m ħ w	ugar1238	35.6	35.78	Afro-Asiatic	1286
5104	2746_toclearupweatherafterrain	to clear up (weather) after rain	selti	Silt'e	bāre	baːre	b aː r e	silt1240	7.77004	38.1449	Afro-Asiatic	1380
5105	2746_toclearupweatherafterrain	to clear up (weather) after rain	wolane	Wolane	bare	bare	b a r e	wola1253	8.23	38.14	Afro-Asiatic	1380
5106	2746_toclearupweatherafterrain	to clear up (weather) after rain	zway	Zay	bārī	baːriː	b aː r iː	zayy1238	8.01148	38.8258	Afro-Asiatic	1380
5107	2746_toclearupweatherafterrain	to clear up (weather) after rain	muher	Muher	barrä	barræ	b a r r æ	muhe1234			Afro-Asiatic	1380
5108	2746_toclearupweatherafterrain	to clear up (weather) after rain	masqan	Mesqan	baňňä	baňňæ	b a ň ň æ	mesq1240	8.10617	38.3386	Afro-Asiatic	1380
5109	2746_toclearupweatherafterrain	to clear up (weather) after rain	gogot	Kistane	barrä	barræ	b a r r æ	kist1241	8.33561	38.4763	Afro-Asiatic	1380
5110	2746_toclearupweatherafterrain	to clear up (weather) after rain	soddo	Soddo	barrä	barræ	b a r r æ	sodd1242			Afro-Asiatic	1380
6337	3500_tocleavetotostickto	to cleave to, to stick to	mandaic	Classical Mandaic	dbḳ	dbqˤ	d b qˤ	clas1253	36.1203	49.5659	Afro-Asiatic	1983
6632	3710_tocleavetoslit	to cleave, to slit	pws	West Semitic	ˁḳḳ	ʕqˤqˤ	ʕ qˤ qˤ	west2786			Afro-Asiatic	2149
5773	3162_tocleavetosplit	to cleave, to split	pws	West Semitic	*plḥ	plħ	p l ħ	west2786			Afro-Asiatic	1807
5776	3162_tocleavetosplit	to cleave, to split	arabic	Arabic	flḥ	flħ	f l ħ	arab1395			Afro-Asiatic	1807
5914	3162_tocleavetosplit	to cleave, to split	geez	Geez	faḳˁa	faqˤʕa	f a qˤ ʕ a	geez1241	10.1342	40.6821	Afro-Asiatic	1859
6331	3495_toclingtoleavetobecontiguous	to cling, to leave, to be contiguous	officialaramaic	Middle-Modern Aramaic	dbḳ	dbqˤ	d b qˤ	midd1367			Afro-Asiatic	1983
6333	3495_toclingtoleavetobecontiguous	to cling, to leave, to be contiguous	palmyrean	Palmyrene	dbḳ	dbqˤ	d b qˤ	palm1242			Afro-Asiatic	1983
6332	3496_toclingtosticktogether	to cling, to stick together	biblicalaramaic	Imperial Aramaic (700-300 BCE)	dbḳ	dbqˤ	d b qˤ	impe1235	33.905	42.185	Afro-Asiatic	1983
4814	2548_toclosetohide	to close, to hide	geez	Geez	ˀaṣfana	ʔasˤfana	ʔ a sˤ f a n a	geez1241	10.1342	40.6821	Afro-Asiatic	1324
4816	2550_toclosetoshuttheeyestocovertheeyes	to close, to shut the eyes, to cover the eyes	amharic	Amharic	č̣äffänä	č̣æffænæ	č̣ æ f f æ n æ	amha1245	11.708182	39.543456	Afro-Asiatic	1324
6435	3573_toclothe	to clothe	arabic	Arabic	ksw	ksw	k s w	arab1395			Afro-Asiatic	2031
4221	2181_tocoagulatetoformshape	to coagulate; to form, shape	syriac	Classical Syriac	gbl	gbl	g b l	clas1252	37.1129	42.1432	Afro-Asiatic	1257
3689	1889_tocollect	to collect	arabic	Arabic	qry	qrj	q r j	arab1395			Afro-Asiatic	1189
4303	2245_tocollectfirewood	to collect firewood	arabic	Arabic	ḥṭb	ħtˤb	ħ tˤ b	arab1395			Afro-Asiatic	1269
5153	2778_tocollectfruit	to collect fruit	pcs	Central Semitic	*gny	gnj	g n j	cent2236			Afro-Asiatic	1400
3688	1888_tocollecttoputtogether	to collect, to put together	arabic	Arabic	qrˀ	qrʔ	q r ʔ	arab1395			Afro-Asiatic	1189
1479	743_tocollectpatodelouse	to collect; (pa.) to delouse	syriac	Classical Syriac	ply	plj	p l j	clas1252	37.1129	42.1432	Afro-Asiatic	673
668	417_tocome	to come	pws	West Semitic	*ˀty/*ˀtw	ʔtj	ʔ t j	west2786			Afro-Asiatic	326
670	417_tocome	to come	hebrew	Modern Hebrew	ˀty	ʔtj	ʔ t j	hebr1245	31.1056	35.0179	Afro-Asiatic	326
671	417_tocome	to come	deiralla	Canaanite	ˀty	ʔtj	ʔ t j	cana1267			Afro-Asiatic	326
673	417_tocome	to come	biblicalaramaic	Imperial Aramaic (700-300 BCE)	ˀty	ʔtj	ʔ t j	impe1235	33.905	42.185	Afro-Asiatic	326
674	417_tocome	to come	jewishpalestinianaramaic	Jewish Palestinian Aramaic	ˀty	ʔtj	ʔ t j	pale1261			Afro-Asiatic	326
675	417_tocome	to come	jewishbabylonianaramaic	Jewish Babylonian Aramaic (ca. 200-1200 CE)	ˀty	ʔtj	ʔ t j	jewi1240	32.273	44.245	Afro-Asiatic	326
676	417_tocome	to come	syriac	Classical Syriac	ˀty	ʔtj	ʔ t j	clas1252	37.1129	42.1432	Afro-Asiatic	326
677	417_tocome	to come	mandaic	Classical Mandaic	ata	ata	a t a	clas1253	36.1203	49.5659	Afro-Asiatic	326
679	417_tocome	to come	arabic	Arabic	ˀty	ʔtj	ʔ t j	arab1395			Afro-Asiatic	326
5398	417_tocome	to come	pes	East Semitic	*mṣˀ	msˤʔ	m sˤ ʔ	east2678			Afro-Asiatic	1574
5400	417_tocome	to come	tigre	Tigre	mäṣˀa	mæsˤʔa	m æ sˤ ʔ a	tigr1270	17.3494	38.2233	Afro-Asiatic	1574
5401	417_tocome	to come	tigrinya	Tigrinya	mäṣˀe	mæsˤʔe	m æ sˤ ʔ e	tigr1271	15.3359	38.9266	Afro-Asiatic	1574
5402	417_tocome	to come	amharic	Amharic	mäṭṭa	mætˤtˤa	m æ tˤ tˤ a	amha1245	11.708182	39.543456	Afro-Asiatic	1574
5403	417_tocome	to come	selti	Silt'e	mäṭa	mætˤa	m æ tˤ a	silt1240	7.77004	38.1449	Afro-Asiatic	1574
5404	417_tocome	to come	wolane	Wolane	mäṭä	mætˤæ	m æ tˤ æ	wola1253	8.23	38.14	Afro-Asiatic	1574
5405	417_tocome	to come	zway	Zay	mäṭā	mætˤaː	m æ tˤ aː	zayy1238	8.01148	38.8258	Afro-Asiatic	1574
5406	417_tocome	to come	endegen	Endegegny	maˀa	maʔa	m a ʔ a	eneg1238			Afro-Asiatic	1574
5407	417_tocome	to come	ennemor	Inoric	maˀa	maʔa	m a ʔ a	inor1238	7.94883	37.7968	Afro-Asiatic	1574
5408	417_tocome	to come	soddo	Soddo	mäṭṭa	mætˤtˤa	m æ tˤ tˤ a	sodd1242			Afro-Asiatic	1574
246	156_tocomeforthgoawayfleetooverflow	to come forth, go away; flee; to overflow	syriac	Classical Syriac	prr	prr	p r r	clas1252	37.1129	42.1432	Afro-Asiatic	118
4366	2299_tocomeforwardtoarrive	to come forward, to arrive	mehri	Mehri	həḳbūl	həqˤbuːl	h ə qˤ b uː l	mehr1241	16.793	52.473	Afro-Asiatic	1276
4368	2299_tocomeforwardtoarrive	to come forward, to arrive	jibbali	Jibbali	eḳbél	eqˤbél	e qˤ b é l	sheh1240	17.29154	53.99526	Afro-Asiatic	1276
6380	3535_tocomeintoenter	to come in, to enter	pws	West Semitic	*wkb	wkb	w k b	west2786			Afro-Asiatic	2014
6267	3457_tocomeouttobeprominent	to come out, to be prominent	pws	West Semitic	*blṣ	blsˤ	b l sˤ	west2786			Afro-Asiatic	1971
629	384_tocometovisitasickpersontoappearfrombehind	to come to visit a sick person; to appear from behind	mehri	Mehri	nəfūg	nəfuːg	n ə f uː g	mehr1241	16.793	52.473	Afro-Asiatic	262
686	425_tocomeupontohappentobe	to come upon, to happen to be	jibbali	Jibbali	íti	íti	í t i	sheh1240	17.29154	53.99526	Afro-Asiatic	326
6437	3575_tocometoattain	to come, to attain	pws	West Semitic	*wṣl	wsˤl	w sˤ l	west2786			Afro-Asiatic	2034
681	421_tocometocomeback	to come, to come back	sabaic	Sabaic	ˀty, ˀtw	ʔtj	ʔ t j	saba1279	15.42	45.35	Afro-Asiatic	326
669	418_tocometogo	to come, to go	ugaritic	Ugaritic	ˀtw	ʔtw	ʔ t w	ugar1238	35.6	35.78	Afro-Asiatic	326
672	418_tocometogo	to come, to go	oldaramaic	Old Aramaic (up to 700 BCE)	ˀty	ʔtj	ʔ t j	olda1246			Afro-Asiatic	326
5399	2932_tocometohappentotocomeupontoarise	to come, to happen to, to come upon, to arise	geez	Geez	maṣˀa	masˤʔa	m a sˤ ʔ a	geez1241	10.1342	40.6821	Afro-Asiatic	1574
682	422_tocometoreturn	to come, to return	geez	Geez	ˀatawa	ʔatawa	ʔ a t a w a	geez1241	10.1342	40.6821	Afro-Asiatic	326
335	219_tocommandtoproclaim	to command, to proclaim	qatabanian	Qatabanian	ˀmr	ʔmr	ʔ m r	qata1238	14.8	45.733333	Afro-Asiatic	130
3898	1992_tocommitadultery	to commit adultery	arabic	Arabic	zny	znj	z n j	arab1395			Afro-Asiatic	1213
3902	1995_tocommitadulteryfornicate	to commit adultery, fornicate	tigre	Tigre	zäna	zæna	z æ n a	tigr1270	17.3494	38.2233	Afro-Asiatic	1213
3904	1995_tocommitadulteryfornicate	to commit adultery, fornicate	mehri	Mehri	zənū	zənuː	z ə n uː	mehr1241	16.793	52.473	Afro-Asiatic	1213
3892	1986_tocommitfornication	to commit fornication	hebrew	Modern Hebrew	zny	znj	z n j	hebr1245	31.1056	35.0179	Afro-Asiatic	1213
3772	1945_tocomplaingossip	to complain, gossip	jewishbabylonianaramaic	Jewish Babylonian Aramaic (ca. 200-1200 CE)	rnn	rnn	r n n	jewi1240	32.273	44.245	Afro-Asiatic	1200
2520	1163_toconceivebepregnant	to conceive, be pregnant	pws	West Semitic	*dnw/y	dnw	d n w	west2786			Afro-Asiatic	946
5990	3290_toconsideroneselfgreat	to consider oneself great	arabic	Arabic	fḥz, fḫz	fħz	f ħ z	arab1395			Afro-Asiatic	1889
6622	3700_toconsiderrespect	to consider, respect	biblicalaramaic	Imperial Aramaic (700-300 BCE)	ḥšb	ħʃb	ħ ʃ b	impe1235	33.905	42.185	Afro-Asiatic	2147
6036	3324_tocontaminatetopollute	to contaminate, to pollute	tigrinya	Tigrinya	bäkkälä	bækkælæ	b æ k k æ l æ	tigr1271	15.3359	38.9266	Afro-Asiatic	1916
5206	2825_tocontractshaketobuckle	to contract, shake; to buckle	ugaritic	Ugaritic	nγṣ	nɣsˤ	n ɣ sˤ	ugar1238	35.6	35.78	Afro-Asiatic	1414
105	77_tocool	to cool	samaritan	Samaritan	ḳrr	qˤrr	qˤ r r	sama1313	32.0817	35.4487	Afro-Asiatic	83
4139	77_tocool	to cool	amharic	Amharic	bärrädä	bærrædæ	b æ r r æ d æ	amha1245	11.708182	39.543456	Afro-Asiatic	1251
106	78_tocooldown	to cool down	jewishbabylonianaramaic	Jewish Babylonian Aramaic (ca. 200-1200 CE)	ḳrr	qˤrr	qˤ r r	jewi1240	32.273	44.245	Afro-Asiatic	83
4895	2592_tocounttonumber	to count, to number	geez	Geez	ḫʷallaḳʷa	xʷallaqˤʷa	xʷ a l l a qʷˤ a	geez1241	10.1342	40.6821	Afro-Asiatic	1345
4955	2633_tocover	to cover	mehri	Mehri	sətūr	sətuːr	s ə t uː r	mehr1241	16.793	52.473	Afro-Asiatic	1352
6423	2633_tocover	to cover	pws	West Semitic	*ksw	ksw	k s w	west2786			Afro-Asiatic	2031
6424	2633_tocover	to cover	akkadian	Akkadian	kašû	kaʃû	k a ʃ û	akka1240	33.1	44.1	Afro-Asiatic	2031
6427	2633_tocover	to cover	hebrew	Modern Hebrew	ksy	ksj	k s j	hebr1245	31.1056	35.0179	Afro-Asiatic	2031
6525	3628_tocovertheface	to cover (the face)	jibbali	Jibbali	oγófən	oɣófən	o ɣ ó f ə n	sheh1240	17.29154	53.99526	Afro-Asiatic	2073
6425	3566_tocoveroneself	to cover oneself	ugaritic	Ugaritic	ksy	ksj	k s j	ugar1238	35.6	35.78	Afro-Asiatic	2031
4815	2549_tocovertheeyestobandagetheeyestowrapuptocover	to cover the eyes, to bandage the eyes, to wrap up, to cover	tigrinya	Tigrinya	č̣äffänä	č̣æffænæ	č̣ æ f f æ n æ	tigr1271	15.3359	38.9266	Afro-Asiatic	1324
6430	3569_tocoverclotheconceal	to cover, clothe, conceal	jewishpalestinianaramaic	Jewish Palestinian Aramaic	ksy	ksj	k s j	pale1261			Afro-Asiatic	2031
6432	3570_tocoverconcealdress	to cover, conceal, dress	jewishbabylonianaramaic	Jewish Babylonian Aramaic (ca. 200-1200 CE)	ksy	ksj	k s j	jewi1240	32.273	44.245	Afro-Asiatic	2031
6521	3624_tocovercoverovertobandagebindup	to cover, cover over, to bandage, bind up	tigrinya	Tigrinya	ˁaffänä	ʕaffænæ	ʕ a f f æ n æ	tigr1271	15.3359	38.9266	Afro-Asiatic	2073
4950	2629_tocovertohide	to cover, to hide	pws	West Semitic	*str	str	s t r	west2786			Afro-Asiatic	1352
4956	2629_tocovertohide	to cover, to hide	jibbali	Jibbali	stɔr	stɔr	s t ɔ r	sheh1240	17.29154	53.99526	Afro-Asiatic	1352
4953	2632_tocovertohidetoprotect	to cover, to hide, to protect	arabic	Arabic	str	str	s t r	arab1395			Afro-Asiatic	1352
637	391_tocovertoputinlayers	to cover, to put in layers	pcs	Central Semitic	*rbd	rbd	r b d	cent2236			Afro-Asiatic	281
4823	2556_tocrackopentosmash	to crack open, to smash	amharic	Amharic	fäṭäffäṭä	fætˤæffætˤæ	f æ tˤ æ f f æ tˤ æ	amha1245	11.708182	39.543456	Afro-Asiatic	1325
5813	3181_tocracktosplit	to crack, to split	hebrew	Modern Hebrew	pṣm	psˤm	p sˤ m	hebr1245	31.1056	35.0179	Afro-Asiatic	1813
4222	2182_tocreate	to create	arabic	Arabic	ǯbl	gbl	g b l	arab1395			Afro-Asiatic	1257
5135	2182_tocreate	to create	hebrew	Modern Hebrew	brˀ	brʔ	b r ʔ	hebr1245	31.1056	35.0179	Afro-Asiatic	1394
5136	2182_tocreate	to create	jewishbabylonianaramaic	Jewish Babylonian Aramaic (ca. 200-1200 CE)	bry	brj	b r j	jewi1240	32.273	44.245	Afro-Asiatic	1394
5137	2182_tocreate	to create	syriac	Classical Syriac	bry	brj	b r j	clas1252	37.1129	42.1432	Afro-Asiatic	1394
5138	2182_tocreate	to create	mandaic	Classical Mandaic	bra	bra	b r a	clas1253	36.1203	49.5659	Afro-Asiatic	1394
4556	2416_tocrumble	to crumble	hebrew	Modern Hebrew	ptt	ptt	p t t	hebr1245	31.1056	35.0179	Afro-Asiatic	1295
4573	2416_tocrumble	to crumble	mehri	Mehri	fət	fət	f ə t	mehr1241	16.793	52.473	Afro-Asiatic	1295
5539	3022_tocrumbleawaytofallaparttobreakuptodisperse	to crumble away, to fall apart, to break up, to disperse	amharic	Amharic	täfräkärräkä	tæfrækærrækæ	t æ f r æ k æ r r æ k æ	amha1245	11.708182	39.543456	Afro-Asiatic	1745
4566	2423_tocrumblebread	to crumble bread	chaha	Chaha	fətäfätä	fətæfætæ	f ə t æ f æ t æ	chah1248			Afro-Asiatic	1295
4567	2423_tocrumblebread	to crumble bread	ezha	Ezha	fətäffätä	fətæffætæ	f ə t æ f f æ t æ	ezha1238			Afro-Asiatic	1295
4568	2423_tocrumblebread	to crumble bread	endegen	Endegegny	fətäfätä	fətæfætæ	f ə t æ f æ t æ	eneg1238			Afro-Asiatic	1295
4569	2423_tocrumblebread	to crumble bread	ennemor	Inoric	fətäfätä	fətæfætæ	f ə t æ f æ t æ	inor1238	7.94883	37.7968	Afro-Asiatic	1295
4570	2423_tocrumblebread	to crumble bread	gyeto	Gyeta	fətäfätä	fətæfætæ	f ə t æ f æ t æ	gyet1241			Afro-Asiatic	1295
4571	2423_tocrumblebread	to crumble bread	muher	Muher	fətäffätä	fətæffætæ	f ə t æ f f æ t æ	muhe1234			Afro-Asiatic	1295
4572	2423_tocrumblebread	to crumble bread	gogot	Kistane	fətäffätä	fətæffætæ	f ə t æ f f æ t æ	kist1241	8.33561	38.4763	Afro-Asiatic	1295
5548	2423_tocrumblebread	to crumble bread	geez	Geez	farfara	farfara	f a r f a r a	geez1241	10.1342	40.6821	Afro-Asiatic	1748
5553	2423_tocrumblebread	to crumble bread	zway	Zay	fәräfärä	fəræfæræ	f ə r æ f æ r æ	zayy1238	8.01148	38.8258	Afro-Asiatic	1748
5554	2423_tocrumblebread	to crumble bread	endegen	Endegegny	fәräffärä	fəræffæræ	f ə r æ f f æ r æ	eneg1238			Afro-Asiatic	1748
5555	2423_tocrumblebread	to crumble bread	soddo	Soddo	fәraffärä	fəraffæræ	f ə r a f f æ r æ	sodd1242			Afro-Asiatic	1748
5552	3031_tocrumbleintosmallpieces	to crumble into small pieces	harari	Harari	firäfärä	firæfæræ	f i r æ f æ r æ	hara1271	9.30485	42.1332	Afro-Asiatic	1748
4555	2415_tocrumbletobreakintosmallpieces	to crumble, to break into small pieces	pws	West Semitic	*ptt	ptt	p t t	west2786			Afro-Asiatic	1295
5551	3030_tocrumbletobreakintosmallpiecestofurrowtoboreaholetocarvetodigintowood	to crumble, to break into small pieces; to furrow, to bore a hole; to carve, to dig into wood	amharic	Amharic	färäffärä	færæffæræ	f æ r æ f f æ r æ	amha1245	11.708182	39.543456	Afro-Asiatic	1748
3375	1672_tocrush	to crush	arabic	Arabic	rḍḍ	rdˤdˤ	r dˤ dˤ	arab1395			Afro-Asiatic	1152
6479	1672_tocrush	to crush	pws	West Semitic	*dky	dkj	d k j	west2786			Afro-Asiatic	2043
6480	1672_tocrush	to crush	hebrew	Modern Hebrew	dkˀ	dkʔ	d k ʔ	hebr1245	31.1056	35.0179	Afro-Asiatic	2043
6490	1672_tocrush	to crush	jewishpalestinianaramaic	Jewish Palestinian Aramaic	dkk	dkk	d k k	pale1261			Afro-Asiatic	2044
5794	3176_tocrushpoundtobreaktobits	to crush, pound, to break to bits	tigrinya	Tigrinya	fäč̣fäč̣ä	fæč̣fæč̣æ	f æ č̣ f æ č̣ æ	tigr1271	15.3359	38.9266	Afro-Asiatic	1810
6375	3532_tocryoutloud	to cry out loud	arabic	Arabic	ṣyḥ	sˤjħ	sˤ j ħ	arab1395			Afro-Asiatic	2012
4993	2662_tocrytoshout	to cry, to shout	soqotri	Soqotri	ṣáˁaḳ	sˤáʕaqˤ	sˤ á ʕ a qˤ	soqo1240	12.4892	53.9168	Afro-Asiatic	1357
3567	1802_tocultivate	to cultivate	qatabanian	Qatabanian	gnn	gnn	g n n	qata1238	14.8	45.733333	Afro-Asiatic	1174
4669	2480_tocurestrengthen	to cure, strengthen	syriac	Classical Syriac	rpy	rpj	r p j	clas1252	37.1129	42.1432	Afro-Asiatic	1306
5992	3291_tocuretoheal	to cure, to heal	geez	Geez	fawwasa	fawwasa	f a w w a s a	geez1241	10.1342	40.6821	Afro-Asiatic	1893
5993	3291_tocuretoheal	to cure, to heal	tigrinya	Tigrinya	fäwwäsä	fæwwæsæ	f æ w w æ s æ	tigr1271	15.3359	38.9266	Afro-Asiatic	1893
5994	3291_tocuretoheal	to cure, to heal	amharic	Amharic	fäwwäsä	fæwwæsæ	f æ w w æ s æ	amha1245	11.708182	39.543456	Afro-Asiatic	1893
4030	2071_tocut	to cut	pws	West Semitic	*btk	btk	b t k	west2786			Afro-Asiatic	1237
4243	2071_tocut	to cut	pws	West Semitic	*gzr	gzr	g z r	west2786			Afro-Asiatic	1261
4245	2071_tocut	to cut	hebrew	Modern Hebrew	gzr	gzr	g z r	hebr1245	31.1056	35.0179	Afro-Asiatic	1261
4851	2071_tocut	to cut	pws	West Semitic	*gdy	gdj	g d j	west2786			Afro-Asiatic	1334
5175	2071_tocut	to cut	pcs	Central Semitic	*hḏw	hðw	h ð w	cent2236			Afro-Asiatic	1406
6021	2071_tocut	to cut	pws	West Semitic	*bṣ̂ˁ	bɬˤʕ	b ɬˤ ʕ	west2786			Afro-Asiatic	1907
6024	2071_tocut	to cut	arabic	Arabic	bḍˁ	bdˤʕ	b dˤ ʕ	arab1395			Afro-Asiatic	1907
6042	2071_tocut	to cut	pws	West Semitic	*ṣrb	sˤrb	sˤ r b	west2786			Afro-Asiatic	1919
2639	1259_tocutallthehairoff	to cut all the hair off	jibbali	Jibbali	ḳérḥ	qˤérħ	qˤ é r ħ	sheh1240	17.29154	53.99526	Afro-Asiatic	969
4737	2520_tocutinpieces	to cut in pieces	hebrew	Modern Hebrew	btr	btr	b t r	hebr1245	31.1056	35.0179	Afro-Asiatic	1314
4248	2205_tocutoff	to cut off	arabic	Arabic	ǯzr	gzr	g z r	arab1395			Afro-Asiatic	1261
4736	2205_tocutoff	to cut off	pws	West Semitic	*btr	btr	b t r	west2786			Afro-Asiatic	1314
4739	2205_tocutoff	to cut off	arabic	Arabic	btr	btr	b t r	arab1395			Afro-Asiatic	1314
1542	783_tocutoffthehindlegsofvictims	to cut off the hind legs (of victims)	tigre	Tigre	näsˀa	næsʔa	n æ s ʔ a	tigr1270	17.3494	38.2233	Afro-Asiatic	695
4033	2074_tocutofftohewdown	to cut off, to hew down	tigre	Tigre	bätkä	bætkæ	b æ t k æ	tigr1270	17.3494	38.2233	Afro-Asiatic	1237
5933	3259_tocutofftocutinpieces	to cut off; to cut in pieces	syriac	Classical Syriac	pšḥ	pʃħ	p ʃ ħ	clas1252	37.1129	42.1432	Afro-Asiatic	1876
5213	2831_tocutouttotakedowntoreachfortoputatthedisposal	to cut out; to take down; to reach for; to put at the disposal	ugaritic	Ugaritic	nḥt	nħt	n ħ t	ugar1238	35.6	35.78	Afro-Asiatic	1416
5846	3211_tocutstone	to cut stone	pws	West Semitic	*psl	psl	p s l	west2786			Afro-Asiatic	1826
5854	3211_tocutstone	to cut stone	jewishpalestinianaramaic	Jewish Palestinian Aramaic	psl	psl	p s l	pale1261			Afro-Asiatic	1826
6297	3472_tocuttopiecesbits	to cut to pieces, bits	amharic	Amharic	bäṭaṭṭäḳä	bætˤatˤtˤæqˤæ	b æ tˤ a tˤ tˤ æ qˤ æ	amha1245	11.708182	39.543456	Afro-Asiatic	1974
5177	2798_tocutwithasword	to cut with a sword	arabic	Arabic	hḏw	hðw	h ð w	arab1395			Afro-Asiatic	1406
4304	2246_tocutwoodtosplitwoodtogatherwood	to cut wood, to split wood; to gather wood	geez	Geez	ḥaṭaba	ħatˤaba	ħ a tˤ a b a	geez1241	10.1342	40.6821	Afro-Asiatic	1269
5856	3217_tocuthew	to cut, hew	syriac	Classical Syriac	psl	psl	p s l	clas1252	37.1129	42.1432	Afro-Asiatic	1826
6294	3469_tocuttobreak	to cut, to break	pes	East Semitic	*bṭḳ	btˤqˤ	b tˤ qˤ	east2678			Afro-Asiatic	1974
5547	3027_tocuttobreaktocleavetosplit	to cut, to break, to cleave, to split	arabic	Arabic	frfr	frfr	f r f r	arab1395			Afro-Asiatic	1748
5793	3175_tocuttobreaktosplit	to cut, to break, to split	geez	Geez	faṣḥa	fasˤħa	f a sˤ ħ a	geez1241	10.1342	40.6821	Afro-Asiatic	1810
6126	3373_tocuttodivide	to cut, to divide (?)	pws	West Semitic	*bṣl	bsˤl	b sˤ l	west2786			Afro-Asiatic	1938
4741	2523_tocuttohit	to cut, to hit	geez	Geez	batara	batara	b a t a r a	geez1241	10.1342	40.6821	Afro-Asiatic	1314
5252	2858_tocuttoscratch	to cut, to scratch	pcs	Central Semitic	*wḏy	wðj	w ð j	cent2236			Afro-Asiatic	1434
4031	2072_tocuttosever	to cut, to sever	arabic	Arabic	btk	btk	b t k	arab1395			Afro-Asiatic	1237
4034	2075_tocuttoslicetosnipofftoloseeverythingandbecomepoortoreachtheendofonesgoodfortune	to cut, to slice, to snip off; to lose everything and become poor, to reach the end of one’s good fortune	tigrinya	Tigrinya	bätäkä	bætækæ	b æ t æ k æ	tigr1271	15.3359	38.9266	Afro-Asiatic	1237
5924	3252_tocuttoslittomakeahole	to cut, to slit, to make a hole	arabic	Arabic	frṣ	frsˤ	f r sˤ	arab1395			Afro-Asiatic	1868
6635	3713_tocuttowoundtofurrow	to cut, to wound, to furrow	tigre	Tigre	ˁaḳḳä	ʕaqˤqˤæ	ʕ a qˤ qˤ æ	tigr1270	17.3494	38.2233	Afro-Asiatic	2149
5077	2722_todance	to dance	pws	West Semitic	*zpn	zpn	z p n	west2786			Afro-Asiatic	1374
5078	2722_todance	to dance	arabic	Arabic	zfn	zfn	z f n	arab1395			Afro-Asiatic	1374
5079	2722_todance	to dance	geez	Geez	zafana	zafana	z a f a n a	geez1241	10.1342	40.6821	Afro-Asiatic	1374
5084	2722_todance	to dance	gafat	Gafat	zäfänä	zæfænæ	z æ f æ n æ	gafa1240	11.5764	39.5605	Afro-Asiatic	1374
4230	2190_todanceandsing	to dance (and sing)	tigre	Tigre	gola	gola	g o l a	tigr1270	17.3494	38.2233	Afro-Asiatic	1259
5080	2723_todancethefuneraldancewomantodance	to dance the funeral dance (woman), to dance	tigre	Tigre	zafna	zafna	z a f n a	tigr1270	17.3494	38.2233	Afro-Asiatic	1374
5083	2726_todancetosing	to dance, to sing	argobba	Argobba	zäffäna	zæffæna	z æ f f æ n a	argo1244	10.6596	39.756	Afro-Asiatic	1374
5811	3180_todashawaywildly	to dash away wildly	jibbali	Jibbali	fesḫ	fesx	f e s x	sheh1240	17.29154	53.99526	Afro-Asiatic	1810
5810	3179_todashmadlyaway	to dash madly away	mehri	Mehri	fəsḫ	fəsx	f ə s x	mehr1241	16.793	52.473	Afro-Asiatic	1810
1093	590_todawn	to dawn	jibbali	Jibbali	ənghɔ́t	ənghɔ́t	ə n g h ɔ́ t	sheh1240	17.29154	53.99526	Afro-Asiatic	555
1092	589_todawntogrowlight	to dawn, to grow light	geez	Geez	nagha	nagha	n a g h a	geez1241	10.1342	40.6821	Afro-Asiatic	555
3468	1739_todecide	to decide	qatabanian	Qatabanian	ṯfṭ	θftˤ	θ f tˤ	qata1238	14.8	45.733333	Afro-Asiatic	1164
4334	2274_todecrease	to decrease	hebrew	Modern Hebrew	ḥsr	ħsr	ħ s r	hebr1245	31.1056	35.0179	Afro-Asiatic	1273
4962	2639_todefeattothrowintodisorder	to defeat, to throw into disorder	sabaic	Sabaic	s₁ḥt	s₁ħt	s ¹ ħ t	saba1279	15.42	45.35	Afro-Asiatic	1353
2695	1294_todefecate	to defecate	amharic	Amharic	arra	arra	a r r a	amha1245	11.708182	39.543456	Afro-Asiatic	988
5510	1294_todefecate	to defecate	mehri	Mehri	γəb	ɣəb	ɣ ə b	mehr1241	16.793	52.473	Afro-Asiatic	1702
5512	1294_todefecate	to defecate	jibbali	Jibbali	γebb	ɣebb	ɣ e b b	sheh1240	17.29154	53.99526	Afro-Asiatic	1702
5515	1294_todefecate	to defecate	soqotri	Soqotri	ˁeb	ʕeb	ʕ e b	soqo1240	12.4892	53.9168	Afro-Asiatic	1702
3451	1730_todefiletomakeimpure	to defile, to make impure	sabaic	Sabaic	h-ṭmˀ	h-tˤmʔ	h tˤ m ʔ	saba1279	15.42	45.35	Afro-Asiatic	1162
3703	1900_todeliver	to deliver	ugaritic	Ugaritic	mnḥ	mnħ	m n ħ	ugar1238	35.6	35.78	Afro-Asiatic	1191
5444	2959_todelivertosave	to deliver, to save	samalian	Old Aramaic-Sam'alian	plṭ	pltˤ	p l tˤ	olda1245	32.84	37.0	Afro-Asiatic	1593
3476	1743_todelivertoturnover	to deliver, to turn over	qatabanian	Qatabanian	h-ṯb	h-θb	h θ b	qata1238	14.8	45.733333	Afro-Asiatic	1165
1477	741_todelouse	to delouse	pws	West Semitic	*ply	plj	p l j	west2786			Afro-Asiatic	673
1482	741_todelouse	to delouse	mehri	Mehri	fəlō	fəloː	f ə l oː	mehr1241	16.793	52.473	Afro-Asiatic	673
1483	741_todelouse	to delouse	jibbali	Jibbali	félé	félé	f é l é	sheh1240	17.29154	53.99526	Afro-Asiatic	673
1484	741_todelouse	to delouse	harsusi	Harsusi	felō	feloː	f e l oː	hars1241	19.6511	56.1562	Afro-Asiatic	673
1485	741_todelouse	to delouse	soqotri	Soqotri	fέḷe	fɛḷe	f ɛ l̩ e	soqo1240	12.4892	53.9168	Afro-Asiatic	673
2175	1028_todemandtoimposetribute	to demand, to impose tribute	qatabanian	Qatabanian	ngs₂	ngs₂	n g s ²	qata1238	14.8	45.733333	Afro-Asiatic	895
5834	3200_todemolish	to demolish	jewishbabylonianaramaic	Jewish Babylonian Aramaic (ca. 200-1200 CE)	pls	pls	p l s	jewi1240	32.273	44.245	Afro-Asiatic	1820
6401	3551_todemolishtodestroy	to demolish, to destroy	harari	Harari	(a)dāmäsä	daːmæsæ	d aː m æ s æ	hara1271	9.30485	42.1332	Afro-Asiatic	2025
3695	1894_todeprivepreventrefrain	to deprive, prevent, refrain	jewishbabylonianaramaic	Jewish Babylonian Aramaic (ca. 200-1200 CE)	mnˁ	mnʕ	m n ʕ	jewi1240	32.273	44.245	Afro-Asiatic	1190
618	376_todescend	to descend	jibbali	Jibbali	ḥeṭṭ	ħetˤtˤ	ħ e tˤ tˤ	sheh1240	17.29154	53.99526	Afro-Asiatic	256
3583	1815_todesire	to desire	ugaritic	Ugaritic	ḥmd	ħmd	ħ m d	ugar1238	35.6	35.78	Afro-Asiatic	1177
4622	1815_todesire	to desire	pws	West Semitic	*ptw	ptw	p t w	west2786			Afro-Asiatic	1301
2873	1385_todesireeagerlygreedily	to desire eagerly, greedily	arabic	Arabic	rγb	rɣb	r ɣ b	arab1395			Afro-Asiatic	1032
4074	2092_todesiresensously	to desire sensously	hebrew	Modern Hebrew	ˁgb	ʕgb	ʕ g b	hebr1245	31.1056	35.0179	Afro-Asiatic	1243
3588	1820_todesirecovet	to desire, covet	jewishpalestinianaramaic	Jewish Palestinian Aramaic	ḥmd	ħmd	ħ m d	pale1261			Afro-Asiatic	1177
4627	2450_todesiretolovetocovettolustfor	to desire, to love, to covet, to lust for	geez	Geez	fatawa	fatawa	f a t a w a	geez1241	10.1342	40.6821	Afro-Asiatic	1301
3585	1817_todesiretotakepleasurein	to desire, to take pleasure in	hebrew	Modern Hebrew	ḥmd	ħmd	ħ m d	hebr1245	31.1056	35.0179	Afro-Asiatic	1177
5981	3281_todespise	to despise	hebrew	Modern Hebrew	bzw	bzw	b z w	hebr1245	31.1056	35.0179	Afro-Asiatic	1887
5833	3199_todestroy	to destroy	pws	West Semitic	*pls	pls	p l s	west2786			Afro-Asiatic	1820
4960	2637_todestroyutterly	to destroy utterly	arabic	Arabic	sḥt	sħt	s ħ t	arab1395			Afro-Asiatic	1353
6400	3550_todestroytodemolishtowipeout	to destroy, to demolish; to wipe out	amharic	Amharic	dämässäsä	dæmæssæsæ	d æ m æ s s æ s æ	amha1245	11.708182	39.543456	Afro-Asiatic	2025
4131	2137_todevisefalsehood	to devise falsehood	officialaramaic	Middle-Modern Aramaic	bdˀ	bdʔ	b d ʔ	midd1367			Afro-Asiatic	1250
19	13_todevour	to devour	syriac	Classical Syriac	blˁ	blʕ	b l ʕ	clas1252	37.1129	42.1432	Afro-Asiatic	16
4341	2281_todig	to dig	pws	West Semitic	*kry	krj	k r j	west2786			Afro-Asiatic	1274
4345	2281_todig	to dig	arabic	Arabic	kry	krj	k r j	arab1395			Afro-Asiatic	1274
576	351_todigout	to dig (out)	pws	West Semitic	*bḳṯ	bqˤθ	b qˤ θ	west2786			Afro-Asiatic	225
578	353_todigawaytodiguptodigfor	to dig away, to dig up, to dig for	jibbali	Jibbali	bɔ́ḳɔ́ṯ	bɔ́qˤɔ́θ	b ɔ́ qˤ ɔ́ θ	sheh1240	17.29154	53.99526	Afro-Asiatic	225
5550	3029_todigout	to dig out	tigrinya	Tigrinya	färfärä	færfæræ	f æ r f æ r æ	tigr1271	15.3359	38.9266	Afro-Asiatic	1748
4037	2077_todigouttopillouttouproottopickpeasorbeans	to dig out, to pill out, to uproot; to pick peas or beans	selti	Silt'e	bätäkä	bætækæ	b æ t æ k æ	silt1240	7.77004	38.1449	Afro-Asiatic	1237
4038	2077_todigouttopillouttouproottopickpeasorbeans	to dig out, to pill out, to uproot; to pick peas or beans	wolane	Wolane	bätäkä	bætækæ	b æ t æ k æ	wola1253	8.23	38.14	Afro-Asiatic	1237
4039	2077_todigouttopillouttouproottopickpeasorbeans	to dig out, to pill out, to uproot; to pick peas or beans	zway	Zay	bätähä	bætæhæ	b æ t æ h æ	zayy1238	8.01148	38.8258	Afro-Asiatic	1237
4040	2077_todigouttopillouttouproottopickpeasorbeans	to dig out, to pill out, to uproot; to pick peas or beans	zway	Zay	bätäxä	bætæxæ	b æ t æ x æ	zayy1238	8.01148	38.8258	Afro-Asiatic	1237
4041	2077_todigouttopillouttouproottopickpeasorbeans	to dig out, to pill out, to uproot; to pick peas or beans	chaha	Chaha	bätäxä	bætæxæ	b æ t æ x æ	chah1248			Afro-Asiatic	1237
4042	2077_todigouttopillouttouproottopickpeasorbeans	to dig out, to pill out, to uproot; to pick peas or beans	ezha	Ezha	bättäxä	bættæxæ	b æ t t æ x æ	ezha1238			Afro-Asiatic	1237
4043	2077_todigouttopillouttouproottopickpeasorbeans	to dig out, to pill out, to uproot; to pick peas or beans	ennemor	Inoric	bätäxä	bætæxæ	b æ t æ x æ	inor1238	7.94883	37.7968	Afro-Asiatic	1237
4044	2077_todigouttopillouttouproottopickpeasorbeans	to dig out, to pill out, to uproot; to pick peas or beans	gyeto	Gyeta	bätäxä	bætæxæ	b æ t æ x æ	gyet1241			Afro-Asiatic	1237
4045	2077_todigouttopillouttouproottopickpeasorbeans	to dig out, to pill out, to uproot; to pick peas or beans	muher	Muher	bättäxä	bættæxæ	b æ t t æ x æ	muhe1234			Afro-Asiatic	1237
4046	2077_todigouttopillouttouproottopickpeasorbeans	to dig out, to pill out, to uproot; to pick peas or beans	masqan	Mesqan	bättäxä	bættæxæ	b æ t t æ x æ	mesq1240	8.10617	38.3386	Afro-Asiatic	1237
4047	2077_todigouttopillouttouproottopickpeasorbeans	to dig out, to pill out, to uproot; to pick peas or beans	gogot	Kistane	bättähä	bættæhæ	b æ t t æ h æ	kist1241	8.33561	38.4763	Afro-Asiatic	1237
4048	2077_todigouttopillouttouproottopickpeasorbeans	to dig out, to pill out, to uproot; to pick peas or beans	soddo	Soddo	bättäkä	bættækæ	b æ t t æ k æ	sodd1242			Afro-Asiatic	1237
4049	2077_todigouttopillouttouproottopickpeasorbeans	to dig out, to pill out, to uproot; to pick peas or beans	soddo	Soddo	bättäkä	bættækæ	b æ t t æ k æ	sodd1242			Afro-Asiatic	1237
4342	2282_todigdrivein	to dig, drive in	ugaritic	Ugaritic	kry	krj	k r j	ugar1238	35.6	35.78	Afro-Asiatic	1274
4344	2284_todigtodredge	to dig, to dredge	jewishbabylonianaramaic	Jewish Babylonian Aramaic (ca. 200-1200 CE)	kry	krj	k r j	jewi1240	32.273	44.245	Afro-Asiatic	1274
6206	3422_todilutewithwatertodissolveinwater	to dilute with water, to dissolve in water	tigrinya	Tigrinya	bäṣbäṣä	bæsˤbæsˤæ	b æ sˤ b æ sˤ æ	tigr1271	15.3359	38.9266	Afro-Asiatic	1962
2233	1048_todiminishdecreasetobemissing	to diminish, decrease; to be missing	tigrinya	Tigrinya	gʷädälä	gʷædælæ	gʷ æ d æ l æ	tigr1271	15.3359	38.9266	Afro-Asiatic	905
6574	3666_todisappear	to disappear	mehri	Mehri	γəmōs	ɣəmoːs	ɣ ə m oː s	mehr1241	16.793	52.473	Afro-Asiatic	2105
6576	3666_todisappear	to disappear	harsusi	Harsusi	γemōs	ɣemoːs	ɣ e m oː s	hars1241	19.6511	56.1562	Afro-Asiatic	2105
6575	3667_todisappearbehind	to disappear behind	jibbali	Jibbali	γŏs	ɣŏs	ɣ ŏ s	sheh1240	17.29154	53.99526	Afro-Asiatic	2105
4162	2155_todiscerntodistinguishtorecognize	to discern, to distinguish, to recognize	geez	Geez	bayyana	bajjana	b a j j a n a	geez1241	10.1342	40.6821	Afro-Asiatic	1252
133	91_todiscriminatetodiscerntoknow	to discriminate, to discern; to know	tigrinya	Tigrinya	fäläṭä	fælætˤæ	f æ l æ tˤ æ	tigr1271	15.3359	38.9266	Afro-Asiatic	91
5980	3280_todisgracetooppress	to disgrace, to oppress	pws	West Semitic	*bzw	bzw	b z w	west2786			Afro-Asiatic	1887
73	50_todisperse	to disperse	biblicalaramaic	Imperial Aramaic (700-300 BCE)	bdr	bdr	b d r	impe1235	33.905	42.185	Afro-Asiatic	54
74	51_todispersetoscatter	to disperse, to scatter	jewishpalestinianaramaic	Jewish Palestinian Aramaic	bdr	bdr	b d r	pale1261			Afro-Asiatic	54
4718	51_todispersetoscatter	to disperse, to scatter	christianpalestinianaramaic	Christian Palestinian Aramaic	bdd	bdd	b d d	chri1239			Afro-Asiatic	1311
6353	3514_todistresstomakesuffer	to distress, to make suffer	geez	Geez	waṣ̂ṣ̂əḫa	waɬˤɬˤəxa	w a ɬˤ ɬˤ ə x a	geez1241	10.1342	40.6821	Afro-Asiatic	1998
6577	3668_todiveplunge	to dive, plunge	soqotri	Soqotri	ˁámes	ʕámes	ʕ á m e s	soqo1240	12.4892	53.9168	Afro-Asiatic	2105
161	113_todiverttosetdifficultconditions	to divert; to set difficult conditions	jibbali	Jibbali	ŝɔ́gɔ́r	ɬɔ́gɔ́r	ɬ ɔ́ g ɔ́ r	sheh1240	17.29154	53.99526	Afro-Asiatic	103
4751	2527_todivideintwotosplit	to divide in two, to split	pes	East Semitic	*plṣ	plsˤ	p l sˤ	east2678			Afro-Asiatic	1315
4752	2528_todivideintwotosplittoseparate	to divide in two, to split, to separate	geez	Geez	falaṣa	falasˤa	f a l a sˤ a	geez1241	10.1342	40.6821	Afro-Asiatic	1315
4893	2590_todividedistributeapportion	to divide, distribute, apportion	syriac	Classical Syriac	ḥlḳ	ħlqˤ	ħ l qˤ	clas1252	37.1129	42.1432	Afro-Asiatic	1345
4892	2589_todividetoapportiontogiveashare	to divide, to apportion, to give a share	hebrew	Modern Hebrew	ḥlḳ	ħlqˤ	ħ l qˤ	hebr1245	31.1056	35.0179	Afro-Asiatic	1345
4891	2588_todividetomeasure	to divide, to measure	pws	West Semitic	*ḫlḳ	xlqˤ	x l qˤ	west2786			Afro-Asiatic	1345
4712	2501_todividetoseparate	to divide, to separate	pws	West Semitic	*bdd	bdd	b d d	west2786			Afro-Asiatic	1311
2304	1069_todoagain	to do again	harari	Harari	kaˁab	kaʕab	k a ʕ a b	hara1271	9.30485	42.1332	Afro-Asiatic	912
2301	1066_todoagaintodouble	to do again, to double	pes	East Semitic	*kˁb	kʕb	k ʕ b	east2678			Afro-Asiatic	912
507	307_todomake	to do, make	phoenician	Phoenician	pˁl	pʕl	p ʕ l	phoe1239	34.12	35.65	Afro-Asiatic	189
522	307_todomake	to do, make	hebrew	Modern Hebrew	ˁŝy	ʕɬj	ʕ ɬ j	hebr1245	31.1056	35.0179	Afro-Asiatic	190
523	307_todomake	to do, make	moabite	Moabite	ˁšy	ʕʃj	ʕ ʃ j	moab1234			Afro-Asiatic	190
502	303_todotomake	to do; to make	jewishpalestinianaramaic	Jewish Palestinian Aramaic	ˁbd	ʕbd	ʕ b d	pale1261			Afro-Asiatic	188
505	303_todotomake	to do; to make	pws	West Semitic	*pˁl	pʕl	p ʕ l	west2786			Afro-Asiatic	189
514	303_todotomake	to do; to make	arabic	Arabic	fˁl	fʕl	f ʕ l	arab1395			Afro-Asiatic	189
2244	1051_todominatemaster	to dominate, master	geez	Geez	gazˀa	gazʔa	g a z ʔ a	geez1241	10.1342	40.6821	Afro-Asiatic	907
2245	1052_todominatetomaster	to dominate, to master	geez	Geez	gazˀa	gazʔa	g a z ʔ a	geez1241	10.1342	40.6821	Afro-Asiatic	907
2243	1050_todominatetoowntopossess	to dominate; to own, to possess	pes	East Semitic	*gzˀ	gzʔ	g z ʔ	east2678			Afro-Asiatic	907
2303	1068_todouble	to double	tigre	Tigre	käˁabä	kæʕabæ	k æ ʕ a b æ	tigr1270	17.3494	38.2233	Afro-Asiatic	912
2305	1068_todouble	to double	wolane	Wolane	kabä	kabæ	k a b æ	wola1253	8.23	38.14	Afro-Asiatic	912
2306	1068_todouble	to double	ezha	Ezha	xabä	xabæ	x a b æ	ezha1238			Afro-Asiatic	912
4948	2628_todrag	to drag	jibbali	Jibbali	sḥab	sħab	s ħ a b	sheh1240	17.29154	53.99526	Afro-Asiatic	1351
4949	2628_todrag	to drag	soqotri	Soqotri	sḥob	sħob	s ħ o b	soqo1240	12.4892	53.9168	Afro-Asiatic	1351
4931	2619_todragaway	to drag away	hebrew	Modern Hebrew	sḥb	sħb	s ħ b	hebr1245	31.1056	35.0179	Afro-Asiatic	1351
4930	2618_todragrepeatedly	to drag repeatedly	ebla	Eblaite	tal-da-i-bù /taltaḥḥibu/	tal-da-i-bù	t a l d a i b ù	ebla1238	35.798	36.798	Afro-Asiatic	1351
4934	2622_todragpull	to drag, pull	geez	Geez	saḥaba	saħaba	s a ħ a b a	geez1241	10.1342	40.6821	Afro-Asiatic	1351
4947	2627_todragpullalong	to drag, pull along	mehri	Mehri	səḥāb	səħaːb	s ə ħ aː b	mehr1241	16.793	52.473	Afro-Asiatic	1351
4932	2620_todragtodrawalong	to drag, to draw along	arabic	Arabic	sḥb	sħb	s ħ b	arab1395			Afro-Asiatic	1351
2756	1329_todrainout	to drain out	hebrew	Modern Hebrew	mṣw	msˤw	m sˤ w	hebr1245	31.1056	35.0179	Afro-Asiatic	997
2757	1329_todrainout	to drain out	hebrew	Modern Hebrew	mṣṣ	msˤsˤ	m sˤ sˤ	hebr1245	31.1056	35.0179	Afro-Asiatic	997
6247	3442_todrawlots	to draw lots	geez	Geez	tafāsasa	tafaːsasa	t a f aː s a s a	geez1241	10.1342	40.6821	Afro-Asiatic	1966
4935	2623_todrawpull	to draw, pull	amharic	Amharic	sabä	sabæ	s a b æ	amha1245	11.708182	39.543456	Afro-Asiatic	1351
2410	1121_todrawpullouttobeextended	to draw, pull out; to be extended	syriac	Classical Syriac	ngd	ngd	n g d	clas1252	37.1129	42.1432	Afro-Asiatic	929
4929	2617_todrawtodrag	to draw, to drag	pws	West Semitic	*sḥb	sħb	s ħ b	west2786			Afro-Asiatic	1351
2544	1184_todream	to dream	phoenician	Phoenician	ḥlm	ħlm	ħ l m	phoe1239	34.12	35.65	Afro-Asiatic	954
2545	1184_todream	to dream	hebrew	Modern Hebrew	ḥlm	ħlm	ħ l m	hebr1245	31.1056	35.0179	Afro-Asiatic	954
2549	1184_todream	to dream	jewishpalestinianaramaic	Jewish Palestinian Aramaic	ḥlm	ħlm	ħ l m	pale1261			Afro-Asiatic	954
2551	1184_todream	to dream	syriac	Classical Syriac	ḥlm	ħlm	ħ l m	clas1252	37.1129	42.1432	Afro-Asiatic	954
2553	1184_todream	to dream	mandaic	Classical Mandaic	hlm	hlm	h l m	clas1253	36.1203	49.5659	Afro-Asiatic	954
2559	1184_todream	to dream	geez	Geez	ḥalama	ħalama	ħ a l a m a	geez1241	10.1342	40.6821	Afro-Asiatic	954
2560	1184_todream	to dream	tigre	Tigre	ḥalmä	ħalmæ	ħ a l m æ	tigr1270	17.3494	38.2233	Afro-Asiatic	954
2562	1184_todream	to dream	amharic	Amharic	allämä	allæmæ	a l l æ m æ	amha1245	11.708182	39.543456	Afro-Asiatic	954
2564	1184_todream	to dream	mehri	Mehri	ḥáylǝm (yǝḥlōm)	ħájlǝm	ħ á j l ə m	mehr1241	16.793	52.473	Afro-Asiatic	954
2565	1184_todream	to dream	jibbali	Jibbali	ḥélm (yaḥlúm)	ħélm	ħ é l m	sheh1240	17.29154	53.99526	Afro-Asiatic	954
2567	1184_todream	to dream	harsusi	Harsusi	ḥáylem	ħájlem	ħ á j l e m	hars1241	19.6511	56.1562	Afro-Asiatic	954
2542	1182_todreamhavenocturnalejaculationswhendreaming	to dream; have nocturnal ejaculations when dreaming	pws	West Semitic	*ḥlm	ħlm	ħ l m	west2786			Afro-Asiatic	954
5	5_todrinkonesfill	to drink one's fill	sabaic	Sabaic	h-rwy	h-rwj	h r w j	saba1279	15.42	45.35	Afro-Asiatic	11
8	5_todrinkonesfill	to drink one's fill	geez	Geez	rawaya	rawaja	r a w a j a	geez1241	10.1342	40.6821	Afro-Asiatic	11
2	2_todrinkonesfillberefreshed	to drink one's fill, be refreshed	hebrew	Modern Hebrew	rwy	rwj	r w j	hebr1245	31.1056	35.0179	Afro-Asiatic	11
4	4_todrinkonesfillsatisfyonesthirst	to drink one's fill; satisfy one's thirst	arabic	Arabic	rwy	rwj	r w j	arab1395			Afro-Asiatic	11
3	3_todrinksatietytogetdrunk	to drink satiety; to get drunk	syriac	Classical Syriac	rwy	rwj	r w j	clas1252	37.1129	42.1432	Afro-Asiatic	11
252	162_todryup	to dry up	sabaic	Sabaic	ybs₁	jbs₁	j b s ¹	saba1279	15.42	45.35	Afro-Asiatic	119
642	396_todryupwither	to dry up, wither	hebrew	Modern Hebrew	ṣmḳ	sˤmqˤ	sˤ m qˤ	hebr1245	31.1056	35.0179	Afro-Asiatic	287
3808	1964_todwell	to dwell	tigre	Tigre	säknä	sæknæ	s æ k n æ	tigr1270	17.3494	38.2233	Afro-Asiatic	1204
3809	1964_todwell	to dwell	mehri	Mehri	səkūn	səkuːn	s ə k uː n	mehr1241	16.793	52.473	Afro-Asiatic	1204
3810	1964_todwell	to dwell	jibbali	Jibbali	skun	skun	s k u n	sheh1240	17.29154	53.99526	Afro-Asiatic	1204
4238	2198_todwellasalien	to dwell as alien	hebrew	Modern Hebrew	gwr	gwr	g w r	hebr1245	31.1056	35.0179	Afro-Asiatic	1260
4234	2194_todwelltogethertobeaneighbour	to dwell together, to be a neighbour	pws	West Semitic	*gwr	gwr	g w r	west2786			Afro-Asiatic	1260
4264	2219_todwelltoreside	to dwell, to reside	geez	Geez	ḫadara	xadara	x a d a r a	geez1241	10.1342	40.6821	Afro-Asiatic	1264
534	326_todyeorcolorclothorstraw	to dye or color cloth or straw	amharic	Amharic	allälä	allælæ	a l l æ l æ	amha1245	11.708182	39.543456	Afro-Asiatic	195
533	325_todyetodipinpaint	to dye, to  dip in paint	tigrinya	Tigrinya	ˁallälä	ʕallælæ	ʕ a l l æ l æ	tigr1271	15.3359	38.9266	Afro-Asiatic	195
1801	920_toeat	to eat	pes	East Semitic	*blˁ	blʕ	b l ʕ	east2678			Afro-Asiatic	802
1802	920_toeat	to eat	geez	Geez	balˁa	balʕa	b a l ʕ a	geez1241	10.1342	40.6821	Afro-Asiatic	802
1803	920_toeat	to eat	tigre	Tigre	bälˁa	bælʕa	b æ l ʕ a	tigr1270	17.3494	38.2233	Afro-Asiatic	802
1804	920_toeat	to eat	tigrinya	Tigrinya	bälˁe	bælʕe	b æ l ʕ e	tigr1271	15.3359	38.9266	Afro-Asiatic	802
1805	920_toeat	to eat	amharic	Amharic	bälla	bælla	b æ l l a	amha1245	11.708182	39.543456	Afro-Asiatic	802
1806	920_toeat	to eat	argobba	Argobba	bälla, bälläˁa, bällaˁ, wällaˁ	bælla	b æ l l a	argo1244	10.6596	39.756	Afro-Asiatic	802
1807	920_toeat	to eat	harari	Harari	bälaˀa	bælaʔa	b æ l a ʔ a	hara1271	9.30485	42.1332	Afro-Asiatic	802
1808	920_toeat	to eat	selti	Silt'e	bäla	bæla	b æ l a	silt1240	7.77004	38.1449	Afro-Asiatic	802
1809	920_toeat	to eat	selti	Silt'e	bäla	bæla	b æ l a	silt1240	7.77004	38.1449	Afro-Asiatic	802
1810	920_toeat	to eat	wolane	Wolane	bälä	bælæ	b æ l æ	wola1253	8.23	38.14	Afro-Asiatic	802
1811	920_toeat	to eat	zway	Zay	bälä	bælæ	b æ l æ	zayy1238	8.01148	38.8258	Afro-Asiatic	802
1812	920_toeat	to eat	gafat	Gafat	bällä, bäla	bællæ	b æ l l æ	gafa1240	11.5764	39.5605	Afro-Asiatic	802
1813	920_toeat	to eat	chaha	Chaha	bäna	bæna	b æ n a	chah1248			Afro-Asiatic	802
1814	920_toeat	to eat	ezha	Ezha	bänna	bænna	b æ n n a	ezha1238			Afro-Asiatic	802
1815	920_toeat	to eat	endegen	Endegegny	bätna	bætna	b æ t n a	eneg1238			Afro-Asiatic	802
1816	920_toeat	to eat	ennemor	Inoric	bänˀa	bænʔa	b æ n ʔ a	inor1238	7.94883	37.7968	Afro-Asiatic	802
1817	920_toeat	to eat	gyeto	Gyeta	bänˀa	bænʔa	b æ n ʔ a	gyet1241			Afro-Asiatic	802
1818	920_toeat	to eat	muher	Muher	bänna	bænna	b æ n n a	muhe1234			Afro-Asiatic	802
1819	920_toeat	to eat	masqan	Mesqan	bänna	bænna	b æ n n a	mesq1240	8.10617	38.3386	Afro-Asiatic	802
1820	920_toeat	to eat	gogot	Kistane	bänna	bænna	b æ n n a	kist1241	8.33561	38.4763	Afro-Asiatic	802
1821	920_toeat	to eat	soddo	Soddo	bäla	bæla	b æ l a	sodd1242			Afro-Asiatic	802
2089	1005_toeatoffthefleshfromthebone	to eat off the flesh from the bone	arabic	Arabic	ˁrq	ʕrq	ʕ r q	arab1395			Afro-Asiatic	879
4652	2467_toembroider	to embroider	pws	West Semitic	*rḳm	rqˤm	r qˤ m	west2786			Afro-Asiatic	1304
4653	2467_toembroider	to embroider	hebrew	Modern Hebrew	rḳm	rqˤm	r qˤ m	hebr1245	31.1056	35.0179	Afro-Asiatic	1304
4656	2470_toembroidermakefiguresonparchmentwrite	to embroider, make figures on parchment; write	geez	Geez	raḳama	raqˤama	r a qˤ a m a	geez1241	10.1342	40.6821	Afro-Asiatic	1304
630	385_toemerge	to emerge	jibbali	Jibbali	nfɔg	nfɔg	n f ɔ g	sheh1240	17.29154	53.99526	Afro-Asiatic	262
6233	3430_toemigrate	to emigrate	pes	East Semitic	*fls	fls	f l s	east2678			Afro-Asiatic	1964
6234	3430_toemigrate	to emigrate	geez	Geez	falasa	falasa	f a l a s a	geez1241	10.1342	40.6821	Afro-Asiatic	1964
6235	3431_toemigratebedrivenaway	to emigrate, be driven away	tigre	Tigre	fälsa	fælsa	f æ l s a	tigr1270	17.3494	38.2233	Afro-Asiatic	1964
6237	3433_toemigratebeuprooted	to emigrate, be uprooted	amharic	Amharic	fälläsä	fællæsæ	f æ l l æ s æ	amha1245	11.708182	39.543456	Afro-Asiatic	1964
4928	2616_toemitanodortobefragrant	to emit an odor, to be fragrant	geez	Geez	rəḥya	rəħja	r ə ħ j a	geez1241	10.1342	40.6821	Afro-Asiatic	1350
5484	2984_toencircletosurround	to encircle, to surround	pcs	Central Semitic	*ḥgr	ħgr	ħ g r	cent2236			Afro-Asiatic	1672
3581	1813_toenclose	to enclose	soqotri	Soqotri	ḥébos	ħébos	ħ é b o s	soqo1240	12.4892	53.9168	Afro-Asiatic	1176
4588	2435_toenclosewithawalltoblockadetodelimit	to enclose with a wall, to blockade, to delimit	geez	Geez	ḳaṣara	qˤasˤara	qˤ a sˤ a r a	geez1241	10.1342	40.6821	Afro-Asiatic	1298
5497	2995_toenclosewithstonestosupportwithstones	to enclose with stones, to support with stones	soqotri	Soqotri	ḥégoḷ	ħégoḷ	ħ é g o l̩	soqo1240	12.4892	53.9168	Afro-Asiatic	1673
5783	3168_toenjoyasoftdelicatelife	to enjoy a soft, delicate life	arabic	Arabic	fnq	fnq	f n q	arab1395			Afro-Asiatic	1808
6185	3403_toenlargeastructure	to enlarge a structure	sabaic	Sabaic	h-fs₁ḥ	h-fs₁ħ	h f s ¹ ħ	saba1279	15.42	45.35	Afro-Asiatic	1952
158	110_toentangletointerweave	to entangle, to interweave	pws	West Semitic	*ŝgr	ɬgr	ɬ g r	west2786			Afro-Asiatic	103
530	322_toenter	to enter	deiralla	Canaanite	ˁll	ʕll	ʕ l l	cana1267			Afro-Asiatic	195
6385	322_toenter	to enter	mehri	Mehri	wəkūb	wəkuːb	w ə k uː b	mehr1241	16.793	52.473	Afro-Asiatic	2014
6386	322_toenter	to enter	soqotri	Soqotri	ékob	ékob	é k o b	soqo1240	12.4892	53.9168	Afro-Asiatic	2014
6139	3383_toenterthewildernesstotaketothewoodstofleetoescapetorun	to enter the wilderness, to take to the woods; to flee, to escape, to run	geez	Geez	barrəḥa	barrəħa	b a r r ə ħ a	geez1241	10.1342	40.6821	Afro-Asiatic	1939
683	423_toentertocome	to enter, to come	tigre	Tigre	ˀatā	ʔataː	ʔ a t aː	tigr1270	17.3494	38.2233	Afro-Asiatic	326
684	423_toentertocome	to enter, to come	tigrinya	Tigrinya	ˀatäwä	ʔatæwæ	ʔ a t æ w æ	tigr1271	15.3359	38.9266	Afro-Asiatic	326
4207	2178_toentertocomein	to enter, to come in	selti	Silt'e	gäba	gæba	g æ b a	silt1240	7.77004	38.1449	Afro-Asiatic	1256
4208	2178_toentertocomein	to enter, to come in	wolane	Wolane	gäbä	gæbæ	g æ b æ	wola1253	8.23	38.14	Afro-Asiatic	1256
4209	2178_toentertocomein	to enter, to come in	zway	Zay	gäbā	gæbaː	g æ b aː	zayy1238	8.01148	38.8258	Afro-Asiatic	1256
4211	2178_toentertocomein	to enter, to come in	chaha	Chaha	gäpa	gæpa	g æ p a	chah1248			Afro-Asiatic	1256
4212	2178_toentertocomein	to enter, to come in	ezha	Ezha	gäbba	gæbba	g æ b b a	ezha1238			Afro-Asiatic	1256
4213	2178_toentertocomein	to enter, to come in	endegen	Endegegny	gäppaˀa	gæppaʔa	g æ p p a ʔ a	eneg1238			Afro-Asiatic	1256
4214	2178_toentertocomein	to enter, to come in	ennemor	Inoric	gäpa	gæpa	g æ p a	inor1238	7.94883	37.7968	Afro-Asiatic	1256
4215	2178_toentertocomein	to enter, to come in	gyeto	Gyeta	gäpa	gæpa	g æ p a	gyet1241			Afro-Asiatic	1256
4216	2178_toentertocomein	to enter, to come in	muher	Muher	gäbba	gæbba	g æ b b a	muhe1234			Afro-Asiatic	1256
4217	2178_toentertocomein	to enter, to come in	masqan	Mesqan	gäbba	gæbba	g æ b b a	mesq1240	8.10617	38.3386	Afro-Asiatic	1256
4218	2178_toentertocomein	to enter, to come in	gogot	Kistane	gäbba	gæbba	g æ b b a	kist1241	8.33561	38.4763	Afro-Asiatic	1256
4219	2178_toentertocomein	to enter, to come in	soddo	Soddo	gäbba	gæbba	g æ b b a	sodd1242			Afro-Asiatic	1256
4204	2175_toentertogoinsidetocomein	to enter, to go inside, to come in	amharic	Amharic	gäbba	gæbba	g æ b b a	amha1245	11.708182	39.543456	Afro-Asiatic	1256
4205	2176_toentertosetsun	to enter, to set (sun)	argobba	Argobba	gäbba, gebba	gæbba	g æ b b a	argo1244	10.6596	39.756	Afro-Asiatic	1256
531	323_toentertocausetoenter	to enter; to cause to enter	arabic	Arabic	γll	ɣll	ɣ l l	arab1395			Afro-Asiatic	195
4389	2313_toenvybejealous	to envy, be jealous	hebrew	Modern Hebrew	ḳnˀ	qˤnʔ	qˤ n ʔ	hebr1245	31.1056	35.0179	Afro-Asiatic	1280
4465	2363_toeraseefface	to erase, efface	arabic	Arabic	mḥw	mħw	m ħ w	arab1395			Afro-Asiatic	1286
3742	1924_toerecttofix	to erect, to fix	ugaritic	Ugaritic	nṣb	nsˤb	n sˤ b	ugar1238	35.6	35.78	Afro-Asiatic	1197
4966	2643_toerrstraytobemistaken	to err, stray, to be mistaken	amharic	Amharic	satä	satæ	s a t æ	amha1245	11.708182	39.543456	Afro-Asiatic	1353
4958	2635_toerrtobecorrupt	to err, to be corrupt	pws	West Semitic	*šḥt	ʃħt	ʃ ħ t	west2786			Afro-Asiatic	1353
4968	2645_toerrtobemistaken	to err, to be mistaken	chaha	Chaha	satä	satæ	s a t æ	chah1248			Afro-Asiatic	1353
4969	2645_toerrtobemistaken	to err, to be mistaken	ezha	Ezha	satä	satæ	s a t æ	ezha1238			Afro-Asiatic	1353
4970	2645_toerrtobemistaken	to err, to be mistaken	endegen	Endegegny	sādä	saːdæ	s aː d æ	eneg1238			Afro-Asiatic	1353
4971	2645_toerrtobemistaken	to err, to be mistaken	ennemor	Inoric	sādä	saːdæ	s aː d æ	inor1238	7.94883	37.7968	Afro-Asiatic	1353
4972	2645_toerrtobemistaken	to err, to be mistaken	muher	Muher	satä	satæ	s a t æ	muhe1234			Afro-Asiatic	1353
4973	2645_toerrtobemistaken	to err, to be mistaken	masqan	Mesqan	satä	satæ	s a t æ	mesq1240	8.10617	38.3386	Afro-Asiatic	1353
4974	2645_toerrtobemistaken	to err, to be mistaken	gogot	Kistane	satä	satæ	s a t æ	kist1241	8.33561	38.4763	Afro-Asiatic	1353
4975	2645_toerrtobemistaken	to err, to be mistaken	soddo	Soddo	satä	satæ	s a t æ	sodd1242			Afro-Asiatic	1353
5441	2958_toescape	to escape	pws	West Semitic	*plṭ	pltˤ	p l tˤ	west2786			Afro-Asiatic	1593
5442	2958_toescape	to escape	ugaritic	Ugaritic	plṭ	pltˤ	p l tˤ	ugar1238	35.6	35.78	Afro-Asiatic	1593
5443	2958_toescape	to escape	hebrew	Modern Hebrew	plṭ	pltˤ	p l tˤ	hebr1245	31.1056	35.0179	Afro-Asiatic	1593
5445	2958_toescape	to escape	jewishpalestinianaramaic	Jewish Palestinian Aramaic	plṭ	pltˤ	p l tˤ	pale1261			Afro-Asiatic	1593
5446	2958_toescape	to escape	jewishbabylonianaramaic	Jewish Babylonian Aramaic (ca. 200-1200 CE)	plṭ	pltˤ	p l tˤ	jewi1240	32.273	44.245	Afro-Asiatic	1593
5447	2958_toescape	to escape	syriac	Classical Syriac	plṭ	pltˤ	p l tˤ	clas1252	37.1129	42.1432	Afro-Asiatic	1593
5449	2958_toescape	to escape	arabic	Arabic	flt	flt	f l t	arab1395			Afro-Asiatic	1593
5448	2960_toescapetoslipaway	to escape, to slip away	mandaic	Classical Mandaic	plṭ	pltˤ	p l tˤ	clas1253	36.1203	49.5659	Afro-Asiatic	1593
6618	3696_toestablishproperly	to establish properly	syriac	Classical Syriac	tḳn	tqˤn	t qˤ n	clas1252	37.1129	42.1432	Afro-Asiatic	2146
6369	3528_toexclaimshouttoinvintetoclaim	to exclaim, shout; to invinte; to claim	ugaritic	Ugaritic	ṣyḥ	sˤjħ	sˤ j ħ	ugar1238	35.6	35.78	Afro-Asiatic	2012
2725	1310_toexcrete	to excrete	akkadian	Akkadian	ezû	ezû	e z û	akka1240	33.1	44.1	Afro-Asiatic	991
5514	1310_toexcrete	to excrete	harsusi	Harsusi	γeb	ɣeb	ɣ e b	hars1241	19.6511	56.1562	Afro-Asiatic	1702
3531	1785_toexcuse	to excuse	mehri	Mehri	hāḏōr	haːðoːr	h aː ð oː r	mehr1241	16.793	52.473	Afro-Asiatic	1171
3532	1785_toexcuse	to excuse	jibbali	Jibbali	ˁɔ́ḏɔ́r	ʕɔ́ðɔ́r	ʕ ɔ́ ð ɔ́ r	sheh1240	17.29154	53.99526	Afro-Asiatic	1171
3526	1780_toexcusetofreetoexemptfromblame	to excuse, to free, to exempt from blame	arabic	Arabic	ˁḏr	ʕðr	ʕ ð r	arab1395			Afro-Asiatic	1171
3193	1556_toexhaleodour	to exhale odour	arabic	Arabic	fwḥ	fwħ	f w ħ	arab1395			Afro-Asiatic	1118
5982	3282_toexposetoscorntodisgrace	to expose, to scorn, to disgrace	jewishpalestinianaramaic	Jewish Palestinian Aramaic	bzy	bzj	b z j	pale1261			Afro-Asiatic	1887
4160	2153_toexpoundtoexplaintoteach	to expound, to explain, to teach	mandaic	Classical Mandaic	bwn	bwn	b w n	clas1253	36.1203	49.5659	Afro-Asiatic	1252
4520	2401_toextend	to extend	palmyrean	Palmyrene	prs	prs	p r s	palm1242			Afro-Asiatic	1293
5461	2964_toextendstretch	to extend, stretch	sabaic	Sabaic	ṭwl	tˤwl	tˤ w l	saba1279	15.42	45.35	Afro-Asiatic	1615
4518	2399_toextendtoapplyacoatofamaterial	to extend, to apply a coat of a material	ugaritic	Ugaritic	prš	prʃ	p r ʃ	ugar1238	35.6	35.78	Afro-Asiatic	1293
4356	2290_tofacetobeinfrontof	to face, to be in front of	pws	West Semitic	*ḳbl	qˤbl	qˤ b l	west2786			Afro-Asiatic	1276
4333	2273_tofailtobemissing	to fail, to be missing	ugaritic	Ugaritic	ḫsr	xsr	x s r	ugar1238	35.6	35.78	Afro-Asiatic	1273
3338	1646_tofall	to fall	pcs	Central Semitic	*npl	npl	n p l	cent2236			Afro-Asiatic	1147
3339	1646_tofall	to fall	ugaritic	Ugaritic	npl	npl	n p l	ugar1238	35.6	35.78	Afro-Asiatic	1147
3341	1646_tofall	to fall	syriac	Classical Syriac	npl	npl	n p l	clas1252	37.1129	42.1432	Afro-Asiatic	1147
3342	1646_tofall	to fall	sabaic	Sabaic	nfl	nfl	n f l	saba1279	15.42	45.35	Afro-Asiatic	1147
6340	1646_tofall	to fall	pws	West Semitic	*wdḳ	wdqˤ	w d qˤ	west2786			Afro-Asiatic	1994
3340	1647_tofallaccidentally	to fall accidentally	hebrew	Modern Hebrew	npl	npl	n p l	hebr1245	31.1056	35.0179	Afro-Asiatic	1147
4821	2554_tofallapart	to fall apart	mandaic	Classical Mandaic	paa	paa	p a a	clas1253	36.1203	49.5659	Afro-Asiatic	1325
5160	2785_tofalldown	to fall down	mehri	Mehri	əngərdōŝ	əngərdoːɬ	ə n g ə r d oː ɬ	mehr1241	16.793	52.473	Afro-Asiatic	1401
5161	2785_tofalldown	to fall down	jibbali	Jibbali	əngɛrdéŝ	əngɛrdéɬ	ə n g ɛ r d é ɬ	sheh1240	17.29154	53.99526	Afro-Asiatic	1401
6295	3470_tofallhardfromaheightandbreakonesbones	to fall hard from a height and break one’s bones	tigrinya	Tigrinya	bäṭäḳ bälä	bætˤæqˤ	b æ tˤ æ qˤ	tigr1271	15.3359	38.9266	Afro-Asiatic	1974
6341	3502_tofallindrops	to fall in drops	arabic	Arabic	wdq	wdq	w d q	arab1395			Afro-Asiatic	1994
3510	1769_tofallintodebt	to fall into debt	ugaritic	Ugaritic	ˀṯm	ʔθm	ʔ θ m	ugar1238	35.6	35.78	Afro-Asiatic	1170
3509	1768_tofallintodebttobeguilty	to fall into debt, to be guilty	pcs	Central Semitic	*ˀṯm	ʔθm	ʔ θ m	cent2236			Afro-Asiatic	1170
3512	1771_tofallintosintodowhatisunlawful	to fall into sin, to do what is unlawful	arabic	Arabic	ˀṯm	ʔθm	ʔ θ m	arab1395			Afro-Asiatic	1170
4589	2436_tofallshortinaracetogiveshortmeasure	to fall short (in a race), to give short measure	mehri	Mehri	ḳəṣawr	qˤəsˤawr	qˤ ə sˤ a w r	mehr1241	16.793	52.473	Afro-Asiatic	1298
4590	2437_tofallshortnottokeepuptogiveshortmeasure	to fall short, not to keep up; to give short measure	jibbali	Jibbali	ḳɔ́ṣɔ́r	qˤɔ́sˤɔ́r	qˤ ɔ́ sˤ ɔ́ r	sheh1240	17.29154	53.99526	Afro-Asiatic	1298
5157	2782_tofalltobreak	to fall, to break (?)	pcs	Central Semitic	*grdš	grdʃ	g r d ʃ	cent2236			Afro-Asiatic	1401
6342	3503_tofalltocollapse	to fall, to collapse	sabaic	Sabaic	wdḳ	wdqˤ	w d qˤ	saba1279	15.42	45.35	Afro-Asiatic	1994
6343	3504_tofalltofalldown	to fall, to fall down	geez	Geez	wadḳa, wadaḳa	wadqˤa	w a d qˤ a	geez1241	10.1342	40.6821	Afro-Asiatic	1994
4927	2615_tofan	to fan	geez	Geez	roḥa	roħa	r o ħ a	geez1241	10.1342	40.6821	Afro-Asiatic	1350
3188	1551_tofantowaftthrough	to fan, to waft through	hebrew	Modern Hebrew	pwḥ	pwħ	p w ħ	hebr1245	31.1056	35.0179	Afro-Asiatic	1118
634	389_tofear	to fear	pcs	Central Semitic	*ḏḥl	ðħl	ð ħ l	cent2236			Afro-Asiatic	275
635	389_tofear	to fear	ugaritic	Ugaritic	dḥl	dħl	d ħ l	ugar1238	35.6	35.78	Afro-Asiatic	275
5169	2792_tofeed	to feed	pcs	Central Semitic	*γḏw	ɣðw	ɣ ð w	cent2236			Afro-Asiatic	1403
5171	2794_tofeedtonourish	to feed, to nourish	arabic	Arabic	γḏw/γḏy	ɣðw	ɣ ð w	arab1395			Afro-Asiatic	1403
6352	3513_tofeelpain	to feel pain	pws	West Semitic	*wṣ̂ḥ	wɬˤħ	w ɬˤ ħ	west2786			Afro-Asiatic	1998
6355	3516_tofeelpaintosuffer	to feel pain, to suffer	soqotri	Soqotri	éẓ̂aḥ	éẓ̂aħ	é ẓ̂ a ħ	soqo1240	12.4892	53.9168	Afro-Asiatic	1998
3517	1775_tofeelsorrytofeelguiltyaboutanunfulfilledobligation	to feel sorry; to feel guilty about an unfulfilled obligation	jibbali	Jibbali	s̃ēṯəm	s̃eːθəm	s̃ eː θ ə m	sheh1240	17.29154	53.99526	Afro-Asiatic	1170
3545	1791_tofencein	to fence in	jewishbabylonianaramaic	Jewish Babylonian Aramaic (ca. 200-1200 CE)	gdr	gdr	g d r	jewi1240	32.273	44.245	Afro-Asiatic	1173
3634	1854_tofermenttoturnsour	to ferment, to turn sour	tigre	Tigre	ḥamrä	ħamræ	ħ a m r æ	tigr1270	17.3494	38.2233	Afro-Asiatic	1182
6546	3648_tofetchwatertoscoopupwatertotakethecreamoffmilk	to fetch (water); to scoop up (water); to take the cream off milk	mehri	Mehri	γəróf	ɣəróf	ɣ ə r ó f	mehr1241	16.793	52.473	Afro-Asiatic	2098
6548	3650_tofetchwater	to fetch water	harsusi	Harsusi	γerōf	ɣeroːf	ɣ e r oː f	hars1241	19.6511	56.1562	Afro-Asiatic	2098
4306	2248_tofetchwood	to fetch wood	jibbali	Jibbali	ḥɔ́ṭɔ́b	ħɔ́tˤɔ́b	ħ ɔ́ tˤ ɔ́ b	sheh1240	17.29154	53.99526	Afro-Asiatic	1269
4305	2247_tofetchcollectfirewood	to fetch, collect firewood	mehri	Mehri	ḥəṭáwb	ħətˤáwb	ħ ə tˤ á w b	mehr1241	16.793	52.473	Afro-Asiatic	1269
3624	1846_tofight	to fight	tigre	Tigre	täḥaräbä	tæħaræbæ	t æ ħ a r æ b æ	tigr1270	17.3494	38.2233	Afro-Asiatic	1181
3628	1846_tofight	to fight	jibbali	Jibbali	oḥúrb	oħúrb	o ħ ú r b	sheh1240	17.29154	53.99526	Afro-Asiatic	1181
5392	1846_tofight	to fight	pws	West Semitic	*lḥm	lħm	l ħ m	west2786			Afro-Asiatic	1572
5395	1846_tofight	to fight	hebrew	Modern Hebrew	lḥm	lħm	l ħ m	hebr1245	31.1056	35.0179	Afro-Asiatic	1572
5393	2930_tofightagainstsomeone	to fight (against someone)	ugaritic	Ugaritic	lḥm	lħm	l ħ m	ugar1238	35.6	35.78	Afro-Asiatic	1572
2184	1032_tofind	to find	geez	Geez	rakaba	rakaba	r a k a b a	geez1241	10.1342	40.6821	Afro-Asiatic	898
2185	1032_tofind	to find	tigre	Tigre	räkbä	rækbæ	r æ k b æ	tigr1270	17.3494	38.2233	Afro-Asiatic	898
2186	1032_tofind	to find	tigrinya	Tigrinya	räkäbä	rækæbæ	r æ k æ b æ	tigr1271	15.3359	38.9266	Afro-Asiatic	898
2187	1032_tofind	to find	amharic	Amharic	räkkäbä	rækkæbæ	r æ k k æ b æ	amha1245	11.708182	39.543456	Afro-Asiatic	898
2188	1032_tofind	to find	selti	Silt'e	räkäbä	rækæbæ	r æ k æ b æ	silt1240	7.77004	38.1449	Afro-Asiatic	898
2189	1032_tofind	to find	masqan	Mesqan	räkkäbä	rækkæbæ	r æ k k æ b æ	mesq1240	8.10617	38.3386	Afro-Asiatic	898
5226	1032_tofind	to find	pcs	Central Semitic	*škḥ	ʃkħ	ʃ k ħ	cent2236			Afro-Asiatic	1425
5230	1032_tofind	to find	nabataean	Nabatean	škḥ	ʃkħ	ʃ k ħ	naba1259			Afro-Asiatic	1425
6070	3341_tofindouttoknow	to find out, to know	syriac	Classical Syriac	ṭbb	tˤbb	tˤ b b	clas1252	37.1129	42.1432	Afro-Asiatic	1927
5228	2840_tofindmeet	to find, meet	officialaramaic	Middle-Modern Aramaic	škḥ	ʃkħ	ʃ k ħ	midd1367			Afro-Asiatic	1425
5229	2840_tofindmeet	to find, meet	palmyrean	Palmyrene	škḥ	ʃkħ	ʃ k ħ	palm1242			Afro-Asiatic	1425
5231	2841_tofindtobeable	to find; to be able	jewishpalestinianaramaic	Jewish Palestinian Aramaic	škḥ	ʃkħ	ʃ k ħ	pale1261			Afro-Asiatic	1425
3790	1955_tofish	to fish	mehri	Mehri	əṣtəyūd	əsˤtəjuːd	ə sˤ t ə j uː d	mehr1241	16.793	52.473	Afro-Asiatic	1201
3792	1955_tofish	to fish	jibbali	Jibbali	əṣtɔ́d	əsˤtɔ́d	ə sˤ t ɔ́ d	sheh1240	17.29154	53.99526	Afro-Asiatic	1201
2219	1038_tofittobesufficient	to fit, to be sufficient	pes	East Semitic	*bḳʷˁ	bqˤʷʕ	b qʷˤ ʕ	east2678			Afro-Asiatic	903
3499	1760_tofixintothegroundtoerect	to fix into the ground, to erect	tigre	Tigre	wätdä	wætdæ	w æ t d æ	tigr1270	17.3494	38.2233	Afro-Asiatic	1168
6360	3521_tofixtofastentoplant	to fix, to fasten, to plant	pes	East Semitic	*tkl	tkl	t k l	east2678			Afro-Asiatic	2001
4014	2066_toflashtoglitter	to flash, to glitter	tigre	Tigre	bäläč̣ belä	bælæč̣	b æ l æ č̣	tigr1270	17.3494	38.2233	Afro-Asiatic	1234
4018	2070_toflashtoscintillatetolighten	to flash, to scintillate, to lighten	selti	Silt'e	bəlləč̣ balä	bəlləč̣	b ə l l ə č̣	silt1240	7.77004	38.1449	Afro-Asiatic	1234
4019	2070_toflashtoscintillatetolighten	to flash, to scintillate, to lighten	wolane	Wolane	bəlləč̣ balä	bəlləč̣	b ə l l ə č̣	wola1253	8.23	38.14	Afro-Asiatic	1234
4020	2070_toflashtoscintillatetolighten	to flash, to scintillate, to lighten	zway	Zay	bəlləč̣ balä	bəlləč̣	b ə l l ə č̣	zayy1238	8.01148	38.8258	Afro-Asiatic	1234
4021	2070_toflashtoscintillatetolighten	to flash, to scintillate, to lighten	chaha	Chaha	bərč̣ balä	bərč̣	b ə r č̣	chah1248			Afro-Asiatic	1234
4022	2070_toflashtoscintillatetolighten	to flash, to scintillate, to lighten	ezha	Ezha	bərč̣ balä	bərč̣	b ə r č̣	ezha1238			Afro-Asiatic	1234
4023	2070_toflashtoscintillatetolighten	to flash, to scintillate, to lighten	endegen	Endegegny	bəlləč̣ balä	bəlləč̣	b ə l l ə č̣	eneg1238			Afro-Asiatic	1234
4024	2070_toflashtoscintillatetolighten	to flash, to scintillate, to lighten	ennemor	Inoric	bələč̣ barä	bələč̣	b ə l ə č̣	inor1238	7.94883	37.7968	Afro-Asiatic	1234
4025	2070_toflashtoscintillatetolighten	to flash, to scintillate, to lighten	gyeto	Gyeta	bərč̣ balä	bərč̣	b ə r č̣	gyet1241			Afro-Asiatic	1234
4026	2070_toflashtoscintillatetolighten	to flash, to scintillate, to lighten	muher	Muher	bəlləč̣ balä	bəlləč̣	b ə l l ə č̣	muhe1234			Afro-Asiatic	1234
4027	2070_toflashtoscintillatetolighten	to flash, to scintillate, to lighten	masqan	Mesqan	bələč̣ barä	bələč̣	b ə l ə č̣	mesq1240	8.10617	38.3386	Afro-Asiatic	1234
4028	2070_toflashtoscintillatetolighten	to flash, to scintillate, to lighten	gogot	Kistane	bəlləč̣ balä	bəlləč̣	b ə l l ə č̣	kist1241	8.33561	38.4763	Afro-Asiatic	1234
4029	2070_toflashtoscintillatetolighten	to flash, to scintillate, to lighten	soddo	Soddo	bəlləč̣ balä	bəlləč̣	b ə l l ə č̣	sodd1242			Afro-Asiatic	1234
247	157_toflee	to flee	arabic	Arabic	frr	frr	f r r	arab1395			Afro-Asiatic	118
6133	157_toflee	to flee	pws	West Semitic	*brḥ	brħ	b r ħ	west2786			Afro-Asiatic	1939
6135	157_toflee	to flee	phoenician	Phoenician	brḥ	brħ	b r ħ	phoe1239	34.12	35.65	Afro-Asiatic	1939
3441	1720_tofleeaway	to flee away	pcs	Central Semitic	*ŝrd	ɬrd	ɬ r d	cent2236			Afro-Asiatic	1161
4105	2120_tofly	to fly	pws	West Semitic	*ˁwp	ʕwp	ʕ w p	west2786			Afro-Asiatic	1247
4106	2120_tofly	to fly	ugaritic	Ugaritic	ˁp	ʕp	ʕ p	ugar1238	35.6	35.78	Afro-Asiatic	1247
4107	2120_tofly	to fly	hebrew	Modern Hebrew	ˁwp	ʕwp	ʕ w p	hebr1245	31.1056	35.0179	Afro-Asiatic	1247
3631	1851_tofoam	to foam	hebrew	Modern Hebrew	ḥmr	ħmr	ħ m r	hebr1245	31.1056	35.0179	Afro-Asiatic	1182
3630	1850_tofoamtoferment	to foam, to ferment	pws	West Semitic	*ḫmr	xmr	x m r	west2786			Afro-Asiatic	1182
5043	2701_tofollow	to follow	pws	West Semitic	*tlw	tlw	t l w	west2786			Afro-Asiatic	1367
5045	2701_tofollow	to follow	tigre	Tigre	talā	talaː	t a l aː	tigr1270	17.3494	38.2233	Afro-Asiatic	1367
4331	2271_tofollowtoreplace	to follow, to replace	soqotri	Soqotri	ḥéḷef	ħéḷef	ħ é l̩ e f	soqo1240	12.4892	53.9168	Afro-Asiatic	1272
4327	2267_tofollowtosucceed	to follow, to succeed	arabic	Arabic	ḫlf	xlf	x l f	arab1395			Afro-Asiatic	1272
4289	2234_toforbid	to forbid	pws	West Semitic	*ḥrm	ħrm	ħ r m	west2786			Afro-Asiatic	1267
4296	2234_toforbid	to forbid	geez	Geez	ḥarama	ħarama	ħ a r a m a	geez1241	10.1342	40.6821	Afro-Asiatic	1267
4299	2234_toforbid	to forbid	jibbali	Jibbali	aḥrím	aħrím	a ħ r í m	sheh1240	17.29154	53.99526	Afro-Asiatic	1267
4565	2422_toforceopentobreakin	to force open, to break in	tigre	Tigre	fätfätä	fætfætæ	f æ t f æ t æ	tigr1270	17.3494	38.2233	Afro-Asiatic	1295
4580	2430_toforetellpracticedivination	to foretell, practice divination	syriac	Classical Syriac	ḳṣm	qˤsˤm	qˤ sˤ m	clas1252	37.1129	42.1432	Afro-Asiatic	1297
2190	1033_toforget	to forget	pes	East Semitic	*rsˁ	rsʕ	r s ʕ	east2678			Afro-Asiatic	899
2191	1033_toforget	to forget	geez	Geez	rasˁa	rasʕa	r a s ʕ a	geez1241	10.1342	40.6821	Afro-Asiatic	899
2192	1033_toforget	to forget	tigre	Tigre	tərässəˁa	təræssəʕa	t ə r æ s s ə ʕ a	tigr1270	17.3494	38.2233	Afro-Asiatic	899
2193	1033_toforget	to forget	tigrinya	Tigrinya	rässəˁe	ræssəʕe	r æ s s ə ʕ e	tigr1271	15.3359	38.9266	Afro-Asiatic	899
2194	1033_toforget	to forget	amharic	Amharic	rässa	ræssa	r æ s s a	amha1245	11.708182	39.543456	Afro-Asiatic	899
2196	1033_toforget	to forget	harari	Harari	räsaˀa	ræsaʔa	r æ s a ʔ a	hara1271	9.30485	42.1332	Afro-Asiatic	899
2197	1033_toforget	to forget	selti	Silt'e	räsa	ræsa	r æ s a	silt1240	7.77004	38.1449	Afro-Asiatic	899
2198	1033_toforget	to forget	wolane	Wolane	räsä	ræsæ	r æ s æ	wola1253	8.23	38.14	Afro-Asiatic	899
2199	1033_toforget	to forget	zway	Zay	räsä	ræsæ	r æ s æ	zayy1238	8.01148	38.8258	Afro-Asiatic	899
2200	1033_toforget	to forget	chaha	Chaha	täräsa-	tæræsa-	t æ r æ s a	chah1248			Afro-Asiatic	899
2201	1033_toforget	to forget	ezha	Ezha	tärässa-	tæræssa-	t æ r æ s s a	ezha1238			Afro-Asiatic	899
2202	1033_toforget	to forget	endegen	Endegegny	tänässaˀa-	tænæssaʔa-	t æ n æ s s a ʔ a	eneg1238			Afro-Asiatic	899
2203	1033_toforget	to forget	ennemor	Inoric	tärä̃sa-	tæræ̃sa-	t æ r æ̃ s a	inor1238	7.94883	37.7968	Afro-Asiatic	899
2204	1033_toforget	to forget	gyeto	Gyeta	täräsa-	tæræsa-	t æ r æ s a	gyet1241			Afro-Asiatic	899
2205	1033_toforget	to forget	muher	Muher	tärässa-	tæræssa-	t æ r æ s s a	muhe1234			Afro-Asiatic	899
2206	1033_toforget	to forget	masqan	Mesqan	rässa	ræssa	r æ s s a	mesq1240	8.10617	38.3386	Afro-Asiatic	899
2207	1033_toforget	to forget	gogot	Kistane	rässa	ræssa	r æ s s a	kist1241	8.33561	38.4763	Afro-Asiatic	899
2208	1033_toforget	to forget	soddo	Soddo	ärässa	æræssa	æ r æ s s a	sodd1242			Afro-Asiatic	899
4499	1033_toforget	to forget	pws	West Semitic	*nšy	nʃj	n ʃ j	west2786			Afro-Asiatic	1290
4500	1033_toforget	to forget	hebrew	Modern Hebrew	nšy	nʃj	n ʃ j	hebr1245	31.1056	35.0179	Afro-Asiatic	1290
4501	1033_toforget	to forget	syriac	Classical Syriac	nšy	nʃj	n ʃ j	clas1252	37.1129	42.1432	Afro-Asiatic	1290
4502	1033_toforget	to forget	mandaic	Classical Mandaic	nša	nʃa	n ʃ a	clas1253	36.1203	49.5659	Afro-Asiatic	1290
4503	1033_toforget	to forget	arabic	Arabic	nsy	nsj	n s j	arab1395			Afro-Asiatic	1290
4507	1033_toforget	to forget	soqotri	Soqotri	níši	níʃi	n í ʃ i	soqo1240	12.4892	53.9168	Afro-Asiatic	1290
4506	2388_toforgetleavebehind	to forget, leave behind	mehri	Mehri	náyhi	nájhi	n á j h i	mehr1241	16.793	52.473	Afro-Asiatic	1290
4504	2386_toforgetneglectoverlook	to forget, neglect, overlook	geez	Geez	nāḥsaya	naːħsaja	n aː ħ s a j a	geez1241	10.1342	40.6821	Afro-Asiatic	1290
2334	1086_toforgive	to forgive (?)	pws	West Semitic	*mḥl	mħl	m ħ l	west2786			Afro-Asiatic	918
5352	2910_toforgivepardon	to forgive, pardon	selti	Silt'e	mārä	maːræ	m aː r æ	silt1240	7.77004	38.1449	Afro-Asiatic	1508
5353	2910_toforgivepardon	to forgive, pardon	wolane	Wolane	marä	maræ	m a r æ	wola1253	8.23	38.14	Afro-Asiatic	1508
5354	2910_toforgivepardon	to forgive, pardon	zway	Zay	mārä	maːræ	m aː r æ	zayy1238	8.01148	38.8258	Afro-Asiatic	1508
5355	2910_toforgivepardon	to forgive, pardon	chaha	Chaha	marä	maræ	m a r æ	chah1248			Afro-Asiatic	1508
5356	2910_toforgivepardon	to forgive, pardon	ezha	Ezha	marä	maræ	m a r æ	ezha1238			Afro-Asiatic	1508
5357	2910_toforgivepardon	to forgive, pardon	endegen	Endegegny	mārä	maːræ	m aː r æ	eneg1238			Afro-Asiatic	1508
5358	2910_toforgivepardon	to forgive, pardon	ennemor	Inoric	mārä	maːræ	m aː r æ	inor1238	7.94883	37.7968	Afro-Asiatic	1508
5359	2910_toforgivepardon	to forgive, pardon	gyeto	Gyeta	mārä	maːræ	m aː r æ	gyet1241			Afro-Asiatic	1508
5360	2910_toforgivepardon	to forgive, pardon	muher	Muher	marä	maræ	m a r æ	muhe1234			Afro-Asiatic	1508
5361	2910_toforgivepardon	to forgive, pardon	masqan	Mesqan	marä	maræ	m a r æ	mesq1240	8.10617	38.3386	Afro-Asiatic	1508
5362	2910_toforgivepardon	to forgive, pardon	gogot	Kistane	marä	maræ	m a r æ	kist1241	8.33561	38.4763	Afro-Asiatic	1508
5363	2910_toforgivepardon	to forgive, pardon	soddo	Soddo	marä	maræ	m a r æ	sodd1242			Afro-Asiatic	1508
2335	1087_toforgivetopardon	to forgive, to pardon	hebrew	Modern Hebrew	mḥl	mħl	m ħ l	hebr1245	31.1056	35.0179	Afro-Asiatic	918
3296	1626_toforgivetomakelegal	to forgive; to make legal	jibbali	Jibbali	aḥlél	aħlél	a ħ l é l	sheh1240	17.29154	53.99526	Afro-Asiatic	1135
2336	1088_toforgotoremitadebt	to forgo, to remit a debt	jewishpalestinianaramaic	Jewish Palestinian Aramaic	mḥl	mħl	m ħ l	pale1261			Afro-Asiatic	918
4228	2188_toformacircle	to form a circle	hebrew	Modern Hebrew	gyl	gjl	g j l	hebr1245	31.1056	35.0179	Afro-Asiatic	1259
4247	2204_toformfashiontocuttoexcise	to form, fashion; to cut; to excise	syriac	Classical Syriac	gzr	gzr	g z r	clas1252	37.1129	42.1432	Afro-Asiatic	1261
5139	2768_toformtofashionbycuttingtoshapeout	to form, to fashion by cutting, to shape out	arabic	Arabic	bry	brj	b r j	arab1395			Afro-Asiatic	1394
2509	1152_tofornicate	to fornicate	pws	West Semitic	*ḏmm	ðmm	ð m m	west2786			Afro-Asiatic	941
3890	1152_tofornicate	to fornicate	pws	West Semitic	*z/ḏny	z	z	west2786			Afro-Asiatic	1213
3900	1152_tofornicate	to fornicate	geez	Geez	zanaya	zanaja	z a n a j a	geez1241	10.1342	40.6821	Afro-Asiatic	1213
3905	1152_tofornicate	to fornicate	jibbali	Jibbali	zíni	zíni	z í n i	sheh1240	17.29154	53.99526	Afro-Asiatic	1213
3906	1152_tofornicate	to fornicate	harsusi	Harsusi	zenō	zenoː	z e n oː	hars1241	19.6511	56.1562	Afro-Asiatic	1213
3897	1991_tofornicatebeunchasteadulterous	to fornicate, be unchaste, adulterous	mandaic	Classical Mandaic	zna	zna	z n a	clas1253	36.1203	49.5659	Afro-Asiatic	1213
2513	1156_tofornicatecommitadulterycommitwhoredomhaveillicitintercourse	to fornicate, commit adultery, commit whoredom, have illicit intercourse	geez	Geez	zammawa	zammawa	z a m m a w a	geez1241	10.1342	40.6821	Afro-Asiatic	941
3486	1750_tofoundestablish	to found, establish	hebrew	Modern Hebrew	ysd	jsd	j s d	hebr1245	31.1056	35.0179	Afro-Asiatic	1167
6403	3553_tofrequenttovisit	to frequent, to visit	jewishbabylonianaramaic	Jewish Babylonian Aramaic (ca. 200-1200 CE)	ṣwb	sˤwb	sˤ w b	jewi1240	32.273	44.245	Afro-Asiatic	2028
2173	1026_togaincontrol	to gain control	sabaic	Sabaic	ngs₂	ngs₂	n g s ²	saba1279	15.42	45.35	Afro-Asiatic	895
4111	2123_togainforcebecomeintensetobecomestrongtoattackrushinwithforce	to gain force, become intense; to become strong; to attack, rush in with force	syriac	Classical Syriac	ˁzz	ʕzz	ʕ z z	clas1252	37.1129	42.1432	Afro-Asiatic	1248
4411	2331_togaintoacquire	to gain, to acquire	arabic	Arabic	qny	qnj	q n j	arab1395			Afro-Asiatic	1282
5094	2736_togapeyawn	to gape, yawn	syriac	Classical Syriac	pˁr	pʕr	p ʕ r	clas1252	37.1129	42.1432	Afro-Asiatic	1378
4225	2185_togatherbooty	to gather booty	tigre	Tigre	gäbbälä	gæbbælæ	g æ b b æ l æ	tigr1270	17.3494	38.2233	Afro-Asiatic	1257
4300	2243_togatherfirewood	to gather firewood	pws	West Semitic	*ḥṭb	ħtˤb	ħ tˤ b	west2786			Afro-Asiatic	1269
4302	2243_togatherfirewood	to gather firewood	hebrew	Modern Hebrew	ḥṭb	ħtˤb	ħ tˤ b	hebr1245	31.1056	35.0179	Afro-Asiatic	1269
4307	2243_togatherfirewood	to gather firewood	soqotri	Soqotri	ḥéṭab	ħétˤab	ħ é tˤ a b	soqo1240	12.4892	53.9168	Afro-Asiatic	1269
5154	2779_togathertopluckthefruit	to gather, to pluck the fruit	arabic	Arabic	ǯny	gnj	g n j	arab1395			Afro-Asiatic	1400
3088	1477_togetalotofmilkatonemilking	to get a lot of milk at one milking	jibbali	Jibbali	edrer	edrer	e d r e r	sheh1240	17.29154	53.99526	Afro-Asiatic	1094
6238	3434_togetrevenge	to get revenge	pes	East Semitic	*bḳl	bqˤl	b qˤ l	east2678			Afro-Asiatic	1965
6241	3437_togetrevengetoseekrevenge	to get revenge, to seek revenge	amharic	Amharic	täbäḳḳälä	tæbæqˤqˤælæ	t æ b æ qˤ qˤ æ l æ	amha1245	11.708182	39.543456	Afro-Asiatic	1965
3171	1543_togetwetdamptobefresh	to get wet, damp; to be fresh	mehri	Mehri	ṭáyri	tˤájri	tˤ á j r i	mehr1241	16.793	52.473	Afro-Asiatic	1113
5485	2985_togird	to gird	ugaritic	Ugaritic	ḥgr	ħgr	ħ g r	ugar1238	35.6	35.78	Afro-Asiatic	1672
5487	2985_togird	to gird	hebrew	Modern Hebrew	ḥāgar	ħaːgar	ħ aː g a r	hebr1245	31.1056	35.0179	Afro-Asiatic	1672
719	435_togive	to give	pws	West Semitic	*whb	whb	w h b	west2786			Afro-Asiatic	340
721	435_togive	to give	samalian	Old Aramaic-Sam'alian	yhb	jhb	j h b	olda1245	32.84	37.0	Afro-Asiatic	340
722	435_togive	to give	deiralla	Canaanite	yhb	jhb	j h b	cana1267			Afro-Asiatic	340
723	435_togive	to give	oldaramaic	Old Aramaic (up to 700 BCE)	yhb	jhb	j h b	olda1246			Afro-Asiatic	340
724	435_togive	to give	biblicalaramaic	Imperial Aramaic (700-300 BCE)	yhb	jhb	j h b	impe1235	33.905	42.185	Afro-Asiatic	340
725	435_togive	to give	jewishpalestinianaramaic	Jewish Palestinian Aramaic	yhb	jhb	j h b	pale1261			Afro-Asiatic	340
726	435_togive	to give	jewishbabylonianaramaic	Jewish Babylonian Aramaic (ca. 200-1200 CE)	yhb	jhb	j h b	jewi1240	32.273	44.245	Afro-Asiatic	340
727	435_togive	to give	syriac	Classical Syriac	yhb	jhb	j h b	clas1252	37.1129	42.1432	Afro-Asiatic	340
728	435_togive	to give	mandaic	Classical Mandaic	yhb	jhb	j h b	clas1253	36.1203	49.5659	Afro-Asiatic	340
736	435_togive	to give	tigre	Tigre	habä	habæ	h a b æ	tigr1270	17.3494	38.2233	Afro-Asiatic	340
737	435_togive	to give	tigrinya	Tigrinya	habä	habæ	h a b æ	tigr1271	15.3359	38.9266	Afro-Asiatic	340
738	435_togive	to give	argobba	Argobba	hawa	hawa	h a w a	argo1244	10.6596	39.756	Afro-Asiatic	340
739	435_togive	to give	selti	Silt'e	wābä	waːbæ	w aː b æ	silt1240	7.77004	38.1449	Afro-Asiatic	340
740	435_togive	to give	zway	Zay	wābä	waːbæ	w aː b æ	zayy1238	8.01148	38.8258	Afro-Asiatic	340
741	435_togive	to give	chaha	Chaha	abä	abæ	a b æ	chah1248			Afro-Asiatic	340
742	435_togive	to give	ezha	Ezha	abä	abæ	a b æ	ezha1238			Afro-Asiatic	340
743	435_togive	to give	muher	Muher	abä	abæ	a b æ	muhe1234			Afro-Asiatic	340
744	435_togive	to give	masqan	Mesqan	abä	abæ	a b æ	mesq1240	8.10617	38.3386	Afro-Asiatic	340
745	435_togive	to give	gogot	Kistane	abä	abæ	a b æ	kist1241	8.33561	38.4763	Afro-Asiatic	340
746	435_togive	to give	soddo	Soddo	abä	abæ	a b æ	sodd1242			Afro-Asiatic	340
3717	435_togive	to give	arabic	Arabic	nḥl	nħl	n ħ l	arab1395			Afro-Asiatic	1194
4165	2158_togiveaverdict	to give a verdict	amharic	Amharic	bäyyänä	bæjjænæ	b æ j j æ n æ	amha1245	11.708182	39.543456	Afro-Asiatic	1252
3029	1445_togivebacktoputontoreturngobacktobeconnected	to give back; to put on; to return, go back; to be connected	syriac	Classical Syriac	ˁṭf	ʕtˤf	ʕ tˤ f	clas1252	37.1129	42.1432	Afro-Asiatic	1086
3068	1466_togivebutterasapresentorasatribute	to give butter as a present or as a tribute	tigre	Tigre	dähanä	dæhanæ	d æ h a n æ	tigr1270	17.3494	38.2233	Afro-Asiatic	1091
4271	2224_togivejudgmenttoordertodecreetobewisetopreventtorestraintowitholdfromevil	to give judgment; to order, to decree; to be wise; to prevent, to restrain, to withold from evil	arabic	Arabic	ḥkm	ħkm	ħ k m	arab1395			Afro-Asiatic	1265
3425	1710_togivemuchmilkaftershortage	to give much milk after shortage	mehri	Mehri	ŝəkūr	ɬəkuːr	ɬ ə k uː r	mehr1241	16.793	52.473	Afro-Asiatic	1158
5738	3144_togiveoneselftobadlifeprostitutionofawomanandlibertinageofaman	to give oneself to bad life, prostitution (of a woman) and libertinage (of a man)	tigrinya	Tigrinya	faytätä	fajtætæ	f a j t æ t æ	tigr1271	15.3359	38.9266	Afro-Asiatic	1797
3723	1916_togiveonessonhisportionofoneslivestock	to give one’s son his portion of one’s livestock	mehri	Mehri	nəḥāl	nəħaːl	n ə ħ aː l	mehr1241	16.793	52.473	Afro-Asiatic	1194
3724	1916_togiveonessonhisportionofoneslivestock	to give one’s son his portion of one’s livestock	jibbali	Jibbali	naḥál	naħál	n a ħ á l	sheh1240	17.29154	53.99526	Afro-Asiatic	1194
5198	2818_togiveout	to give out	sabaic	Sabaic	ngw	ngw	n g w	saba1279	15.42	45.35	Afro-Asiatic	1413
4564	2421_togiveoutappointaportion	to give out, appoint a portion	geezepigraphic	Geez	*ftt	ftt	f t t	geez1241	10.1342	40.6821	Afro-Asiatic	1295
6269	3459_togiveouttodischargetocomeout	to give out, to discharge, to come out	mandaic	Classical Mandaic	blṣ	blsˤ	b l sˤ	clas1253	36.1203	49.5659	Afro-Asiatic	1971
3380	1677_togiveprosperity	to give prosperity	sabaic	Sabaic	ṣlḥ	sˤlħ	sˤ l ħ	saba1279	15.42	45.35	Afro-Asiatic	1153
734	442_togivegrant	to give, grant	qatabanian	Qatabanian	whb	whb	w h b	qata1238	14.8	45.733333	Afro-Asiatic	340
732	440_togivetogrant	to give, to grant	sabaic	Sabaic	whb	whb	w h b	saba1279	15.42	45.35	Afro-Asiatic	340
735	440_togivetogrant	to give, to grant	geez	Geez	wahaba	wahaba	w a h a b a	geez1241	10.1342	40.6821	Afro-Asiatic	340
3702	440_togivetogrant	to give, to grant	pcs	Central Semitic	*mnḥ	mnħ	m n ħ	cent2236			Afro-Asiatic	1191
1090	587_togleamtoshine	to gleam, to shine	hebrew	Modern Hebrew	ngh	ngh	n g h	hebr1245	31.1056	35.0179	Afro-Asiatic	555
4015	2067_toglittertoshine	to glitter, to shine	tigrinya	Tigrinya	bəlləč̣ bälä	bəlləč̣	b ə l l ə č̣	tigr1271	15.3359	38.9266	Afro-Asiatic	1234
4010	2062_toglowtoshinetoappear	to glow, to shine, to appear	pws	West Semitic	*blṣ	blsˤ	b l sˤ	west2786			Afro-Asiatic	1234
5549	3028_tognawapart	to gnaw apart	tigre	Tigre	färfärä	færfæræ	f æ r f æ r æ	tigr1270	17.3494	38.2233	Afro-Asiatic	1748
2087	1003_tognawaway	to gnaw away	hebrew	Modern Hebrew	ˁrḳ	ʕrqˤ	ʕ r qˤ	hebr1245	31.1056	35.0179	Afro-Asiatic	879
2086	1002_tognawtostripaway	to gnaw, to strip away	pws	West Semitic	*ˁrḳ	ʕrqˤ	ʕ r qˤ	west2786			Afro-Asiatic	879
2267	1061_togo	to go	pes	East Semitic	*ḥwr	ħwr	ħ w r	east2678			Afro-Asiatic	908
2269	1061_togo	to go	harari	Harari	ḥārä	ħaːræ	ħ aː r æ	hara1271	9.30485	42.1332	Afro-Asiatic	908
2270	1061_togo	to go	gafat	Gafat	horä	horæ	h o r æ	gafa1240	11.5764	39.5605	Afro-Asiatic	908
2271	1061_togo	to go	endegen	Endegegny	wǟrä	wæːræ	w æː r æ	eneg1238			Afro-Asiatic	908
4092	2108_togoaroundtoturnaround	to go around, to turn around	geez	Geez	ˁoda	ʕoda	ʕ o d a	geez1241	10.1342	40.6821	Afro-Asiatic	1245
5391	2929_togoastray	to go astray	geez	Geez	sakʷaya	sakʷaja	s a kʷ a j a	geez1241	10.1342	40.6821	Afro-Asiatic	1561
121	84_togoatmiddayspendmidday	to go at midday, spend midday	mehri	Mehri	həḳráwr	həqˤráwr	h ə qˤ r á w r	mehr1241	16.793	52.473	Afro-Asiatic	83
5195	2815_togoawaydepart	to go away, depart	ugaritic	Ugaritic	ng	ng	n g	ugar1238	35.6	35.78	Afro-Asiatic	1413
6137	3381_togoawaytodeparttowithdrawtoceasetodosomething	to go away, to depart, to withdraw; to cease to do something	arabic	Arabic	brḥ	brħ	b r ħ	arab1395			Afro-Asiatic	1939
3605	1833_togobarefoot	to go barefoot	arabic	Arabic	ḥfy	ħfj	ħ f j	arab1395			Afro-Asiatic	1179
2507	1151_togoblind	to go blind	jibbali	Jibbali	ˁēr (yaˁbɔ́r)	ʕeːr	ʕ eː r	sheh1240	17.29154	53.99526	Afro-Asiatic	938
5212	2830_togodown	to go down	pcs	Central Semitic	*nḥt	nħt	n ħ t	cent2236			Afro-Asiatic	1416
2413	1124_togoonajourneytotraveltogoonpilgrimategoabroad	to go on a journey, to travel; to go on pilgrimate, go abroad	geez	Geez	nagada	nagada	n a g a d a	geez1241	10.1342	40.6821	Afro-Asiatic	930
2414	1125_togoonapilgrimage	to go on a pilgrimage	tigre	Tigre	nägdä	nægdæ	n æ g d æ	tigr1270	17.3494	38.2233	Afro-Asiatic	930
2415	1125_togoonapilgrimage	to go on a pilgrimage	tigre	Tigre	nägdä	nægdæ	n æ g d æ	tigr1270	17.3494	38.2233	Afro-Asiatic	930
3283	1614_togoonhajj	to go on ḥajj	mehri	Mehri	ḥəg	ħəg	ħ ə g	mehr1241	16.793	52.473	Afro-Asiatic	1134
3284	1614_togoonhajj	to go on ḥajj	jibbali	Jibbali	ḥegg	ħegg	ħ e g g	sheh1240	17.29154	53.99526	Afro-Asiatic	1134
628	383_togoout	to go out (?)	pws	West Semitic	*npg	npg	n p g	west2786			Afro-Asiatic	262
1782	907_togooutapartridgefromitsden	to go out (a partridge from its den)	arabic	Arabic	nbǯ	nbg	n b g	arab1395			Afro-Asiatic	768
4364	2298_togoouttomeettoapproachtoreceive	to go out to meet, to approach, to receive	geez	Geez	taḳabbala	taqˤabbala	t a qˤ a b b a l a	geez1241	10.1342	40.6821	Afro-Asiatic	1276
5194	2814_togooutaway	to go out, away	pcs	Central Semitic	*ngw	ngw	n g w	cent2236			Afro-Asiatic	1413
5196	2816_togoouttoescape	to go out, to escape	arabic	Arabic	nǯw	ngw	n g w	arab1395			Afro-Asiatic	1413
6062	3335_togoover	to go over	tigre	Tigre	ˁadā	ʕadaː	ʕ a d aː	tigr1270	17.3494	38.2233	Afro-Asiatic	1924
3636	1856_togorottentofermenttobedirtyandsmellbad	to go rotten, to ferment; to be dirty and smell bad	jibbali	Jibbali	ḫɔ́tmər	xɔ́tmər	x ɔ́ t m ə r	sheh1240	17.29154	53.99526	Afro-Asiatic	1182
4229	2189_togoround	to go round	arabic	Arabic	ǯwl	gwl	g w l	arab1395			Afro-Asiatic	1259
4358	2292_togotowardsmeettoopposebeinfront	to go towards, meet; to oppose, be in front	syriac	Classical Syriac	ḳbl	qˤbl	qˤ b l	clas1252	37.1129	42.1432	Afro-Asiatic	1276
2268	1062_togogoforthtodeparttohavesexualintercourse	to go, go forth; to depart; to have sexual intercourse	geez	Geez	ḥora	ħora	ħ o r a	geez1241	10.1342	40.6821	Afro-Asiatic	908
397	266_tograntafavor	to grant a favor	mehri	Mehri	hənáwm	hənáwm	h ə n á w m	mehr1241	16.793	52.473	Afro-Asiatic	151
3718	1911_tograntlease	to grant lease	sabaic	Sabaic	nḥl	nħl	n ħ l	saba1279	15.42	45.35	Afro-Asiatic	1194
3722	1915_tograntleasetogiveapartoftosharetodistribute	to grant lease, to give a part of, to share, to distribute	qatabanian	Qatabanian	nḥl	nħl	n ħ l	qata1238	14.8	45.733333	Afro-Asiatic	1194
5001	2669_tograntonehisdue	to grant one his due	qatabanian	Qatabanian	ṣdḳ	sˤdqˤ	sˤ d qˤ	qata1238	14.8	45.733333	Afro-Asiatic	1358
5111	2747_tograntofferagift	to grant, offer a gift	pcs	Central Semitic	ˀwš	ʔwʃ	ʔ w ʃ	cent2236			Afro-Asiatic	1384
5113	2749_togranttoreward	to grant, to reward	hebrew	Modern Hebrew	ˀwš	ʔwʃ	ʔ w ʃ	hebr1245	31.1056	35.0179	Afro-Asiatic	1384
731	439_togranttogiveasafreegiftdisinterestedly	to grant; to give as a free gift, disinterestedly	arabic	Arabic	whb	whb	w h b	arab1395			Afro-Asiatic	340
5796	3177_togrindgrain	to grind grain	amharic	Amharic	fäč̣č̣ä	fæč̣č̣æ	f æ č̣ č̣ æ	amha1245	11.708182	39.543456	Afro-Asiatic	1810
5798	3177_togrindgrain	to grind grain	argobba	Argobba	fäč̣č̣a	fæč̣č̣a	f æ č̣ č̣ a	argo1244	10.6596	39.756	Afro-Asiatic	1810
5799	3177_togrindgrain	to grind grain	harari	Harari	fäč̣a	fæč̣a	f æ č̣ a	hara1271	9.30485	42.1332	Afro-Asiatic	1810
5800	3177_togrindgrain	to grind grain	selti	Silt'e	fäč̣e	fæč̣e	f æ č̣ e	silt1240	7.77004	38.1449	Afro-Asiatic	1810
5801	3177_togrindgrain	to grind grain	wolane	Wolane	fäč̣e	fæč̣e	f æ č̣ e	wola1253	8.23	38.14	Afro-Asiatic	1810
5802	3177_togrindgrain	to grind grain	zway	Zay	fäč̣ī	fæč̣iː	f æ č̣ iː	zayy1238	8.01148	38.8258	Afro-Asiatic	1810
5803	3177_togrindgrain	to grind grain	chaha	Chaha	fäč̣ä	fæč̣æ	f æ č̣ æ	chah1248			Afro-Asiatic	1810
5804	3177_togrindgrain	to grind grain	ezha	Ezha	fäč̣č̣ä	fæč̣č̣æ	f æ č̣ č̣ æ	ezha1238			Afro-Asiatic	1810
5805	3177_togrindgrain	to grind grain	gyeto	Gyeta	fäč̣ä	fæč̣æ	f æ č̣ æ	gyet1241			Afro-Asiatic	1810
5806	3177_togrindgrain	to grind grain	muher	Muher	fäč̣č̣ä	fæč̣č̣æ	f æ č̣ č̣ æ	muhe1234			Afro-Asiatic	1810
5807	3177_togrindgrain	to grind grain	masqan	Mesqan	fäč̣č̣ä	fæč̣č̣æ	f æ č̣ č̣ æ	mesq1240	8.10617	38.3386	Afro-Asiatic	1810
5808	3177_togrindgrain	to grind grain	gogot	Kistane	fäč̣č̣ä	fæč̣č̣æ	f æ č̣ č̣ æ	kist1241	8.33561	38.4763	Afro-Asiatic	1810
5809	3177_togrindgrain	to grind grain	soddo	Soddo	fäč̣č̣ä	fæč̣č̣æ	f æ č̣ č̣ æ	sodd1242			Afro-Asiatic	1810
5797	3178_togrindtocrush	to grind, to crush	amharic	Amharic	fäčč̣ä	fæčč̣æ	f æ č č̣ æ	amha1245	11.708182	39.543456	Afro-Asiatic	1810
4138	2143_togrowcold	to grow cold	tigrinya	Tigrinya	bärädä	bærædæ	b æ r æ d æ	tigr1271	15.3359	38.9266	Afro-Asiatic	1251
3063	1461_togrowfatbefat	to grow fat, be fat	mandaic	Classical Mandaic	dhn	dhn	d h n	clas1253	36.1203	49.5659	Afro-Asiatic	1091
5150	2776_togrowold	to grow old	pcs	Central Semitic	*ḏḳn	ðqˤn	ð qˤ n	cent2236			Afro-Asiatic	1399
5152	2776_togrowold	to grow old	oldaramaic	Old Aramaic (up to 700 BCE)	zḳn	zqˤn	z qˤ n	olda1246			Afro-Asiatic	1399
4676	2487_togrowslack	to grow slack	hebrew	Modern Hebrew	rpy	rpj	r p j	hebr1245	31.1056	35.0179	Afro-Asiatic	1307
6648	3724_togrowthicklydensely	to grow thickly, densely	geez	Geez	safaḳa	safaqˤa	s a f a qˤ a	geez1241	10.1342	40.6821	Afro-Asiatic	2160
2580	1206_togrowweaktiredtofallsicktobeill	to grow weak, tired; to fall sick, to be ill	hebrew	Modern Hebrew	ḥly	ħlj	ħ l j	hebr1245	31.1056	35.0179	Afro-Asiatic	957
4538	2411_togrowtobearfruit	to grow, to bear fruit	jewishbabylonianaramaic	Jewish Babylonian Aramaic (ca. 200-1200 CE)	pry	prj	p r j	jewi1240	32.273	44.245	Afro-Asiatic	1294
2366	1108_toguidetolead	to guide, to lead	pes	East Semitic	*mrḥ	mrħ	m r ħ	east2678			Afro-Asiatic	924
5257	2862_togulpdowntodevourtoswallow	to gulp down, to devour, to swallow	tigre	Tigre	waḥaṭa	waħatˤa	w a ħ a tˤ a	tigr1270	17.3494	38.2233	Afro-Asiatic	1436
5258	2862_togulpdowntodevourtoswallow	to gulp down, to devour, to swallow	tigrinya	Tigrinya	wäḥaṭä	wæħatˤæ	w æ ħ a tˤ æ	tigr1271	15.3359	38.9266	Afro-Asiatic	1436
5259	2862_togulpdowntodevourtoswallow	to gulp down, to devour, to swallow	amharic	Amharic	waṭä	watˤæ	w a tˤ æ	amha1245	11.708182	39.543456	Afro-Asiatic	1436
5260	2862_togulpdowntodevourtoswallow	to gulp down, to devour, to swallow	argobba	Argobba	wähaṭa	wæhatˤa	w æ h a tˤ a	argo1244	10.6596	39.756	Afro-Asiatic	1436
5261	2862_togulpdowntodevourtoswallow	to gulp down, to devour, to swallow	harari	Harari	wäḥaṭa	wæħatˤa	w æ ħ a tˤ a	hara1271	9.30485	42.1332	Afro-Asiatic	1436
5262	2862_togulpdowntodevourtoswallow	to gulp down, to devour, to swallow	selti	Silt'e	wāṭä	waːtˤæ	w aː tˤ æ	silt1240	7.77004	38.1449	Afro-Asiatic	1436
5263	2862_togulpdowntodevourtoswallow	to gulp down, to devour, to swallow	wolane	Wolane	waṭä	watˤæ	w a tˤ æ	wola1253	8.23	38.14	Afro-Asiatic	1436
5264	2862_togulpdowntodevourtoswallow	to gulp down, to devour, to swallow	zway	Zay	wāṭä	waːtˤæ	w aː tˤ æ	zayy1238	8.01148	38.8258	Afro-Asiatic	1436
5265	2862_togulpdowntodevourtoswallow	to gulp down, to devour, to swallow	chaha	Chaha	waṭä	watˤæ	w a tˤ æ	chah1248			Afro-Asiatic	1436
5266	2862_togulpdowntodevourtoswallow	to gulp down, to devour, to swallow	ezha	Ezha	waṭä	watˤæ	w a tˤ æ	ezha1238			Afro-Asiatic	1436
5267	2862_togulpdowntodevourtoswallow	to gulp down, to devour, to swallow	endegen	Endegegny	wāˀä	waːʔæ	w aː ʔ æ	eneg1238			Afro-Asiatic	1436
5268	2862_togulpdowntodevourtoswallow	to gulp down, to devour, to swallow	ennemor	Inoric	wāˀä	waːʔæ	w aː ʔ æ	inor1238	7.94883	37.7968	Afro-Asiatic	1436
5269	2862_togulpdowntodevourtoswallow	to gulp down, to devour, to swallow	gyeto	Gyeta	wāṭä	waːtˤæ	w aː tˤ æ	gyet1241			Afro-Asiatic	1436
5270	2862_togulpdowntodevourtoswallow	to gulp down, to devour, to swallow	muher	Muher	waṭä	watˤæ	w a tˤ æ	muhe1234			Afro-Asiatic	1436
5271	2862_togulpdowntodevourtoswallow	to gulp down, to devour, to swallow	masqan	Mesqan	waṭä	watˤæ	w a tˤ æ	mesq1240	8.10617	38.3386	Afro-Asiatic	1436
5272	2862_togulpdowntodevourtoswallow	to gulp down, to devour, to swallow	gogot	Kistane	waṭä	watˤæ	w a tˤ æ	kist1241	8.33561	38.4763	Afro-Asiatic	1436
5273	2862_togulpdowntodevourtoswallow	to gulp down, to devour, to swallow	soddo	Soddo	waṭä	watˤæ	w a tˤ æ	sodd1242			Afro-Asiatic	1436
6224	3429_togushoutspringtospitoutmilk	to gush out (spring); to spit out (milk)	selti	Silt'e	fäläḳä	fælæqˤæ	f æ l æ qˤ æ	silt1240	7.77004	38.1449	Afro-Asiatic	1963
6225	3429_togushoutspringtospitoutmilk	to gush out (spring); to spit out (milk)	wolane	Wolane	fäläḳä	fælæqˤæ	f æ l æ qˤ æ	wola1253	8.23	38.14	Afro-Asiatic	1963
6226	3429_togushoutspringtospitoutmilk	to gush out (spring); to spit out (milk)	zway	Zay	fäläḳä	fælæqˤæ	f æ l æ qˤ æ	zayy1238	8.01148	38.8258	Afro-Asiatic	1963
6227	3429_togushoutspringtospitoutmilk	to gush out (spring); to spit out (milk)	chaha	Chaha	fenäḳä	fenæqˤæ	f e n æ qˤ æ	chah1248			Afro-Asiatic	1963
6228	3429_togushoutspringtospitoutmilk	to gush out (spring); to spit out (milk)	ezha	Ezha	fennäḳä, fännäḳä	fennæqˤæ	f e n n æ qˤ æ	ezha1238			Afro-Asiatic	1963
6229	3429_togushoutspringtospitoutmilk	to gush out (spring); to spit out (milk)	muher	Muher	fälläḳä	fællæqˤæ	f æ l l æ qˤ æ	muhe1234			Afro-Asiatic	1963
6230	3429_togushoutspringtospitoutmilk	to gush out (spring); to spit out (milk)	masqan	Mesqan	fälläḳä	fællæqˤæ	f æ l l æ qˤ æ	mesq1240	8.10617	38.3386	Afro-Asiatic	1963
6231	3429_togushoutspringtospitoutmilk	to gush out (spring); to spit out (milk)	gogot	Kistane	fälläˀä	fællæʔæ	f æ l l æ ʔ æ	kist1241	8.33561	38.4763	Afro-Asiatic	1963
6232	3429_togushoutspringtospitoutmilk	to gush out (spring); to spit out (milk)	soddo	Soddo	filläḳä	fillæqˤæ	f i l l æ qˤ æ	sodd1242			Afro-Asiatic	1963
1780	905_togushoutburstforth	to gush out, burst forth	syriac	Classical Syriac	nbg	nbg	n b g	clas1252	37.1129	42.1432	Afro-Asiatic	768
6221	3426_togushouttospillout	to gush out, to spill out	geez	Geez	falaḳa	falaqˤa	f a l a qˤ a	geez1241	10.1342	40.6821	Afro-Asiatic	1963
6223	3428_togushup	to gush up	amharic	Amharic	fälläḳä	fællæqˤæ	f æ l l æ qˤ æ	amha1245	11.708182	39.543456	Afro-Asiatic	1963
6222	3427_togushtospurtup	to gush, to spurt up	tigrinya	Tigrinya	fälläḳä	fællæqˤæ	f æ l l æ qˤ æ	tigr1271	15.3359	38.9266	Afro-Asiatic	1963
3713	1907_tohandoverproperty	to hand over (property)	akkadian	Akkadian	naḫālu	naxaːlu	n a x aː l u	akka1240	33.1	44.1	Afro-Asiatic	1194
5666	3095_tohappensuddenly	to happen suddenly	pcs	Central Semitic	*bγt	bɣt	b ɣ t	cent2236			Afro-Asiatic	1777
5671	3099_tohappensuddenlyunexpectedlytosurprise	to happen suddenly, unexpectedly; to surprise	arabic	Arabic	bγt	bɣt	b ɣ t	arab1395			Afro-Asiatic	1777
3432	1715_tohate	to hate	pcs	Central Semitic	*ŝnˀ	ɬnʔ	ɬ n ʔ	cent2236			Afro-Asiatic	1160
3436	1715_tohate	to hate	hebrew	Modern Hebrew	ŝnˀ	ɬnʔ	ɬ n ʔ	hebr1245	31.1056	35.0179	Afro-Asiatic	1160
3437	1715_tohate	to hate	syriac	Classical Syriac	sny	snj	s n j	clas1252	37.1129	42.1432	Afro-Asiatic	1160
3438	1715_tohate	to hate	arabic	Arabic	šnˀ	ʃnʔ	ʃ n ʔ	arab1395			Afro-Asiatic	1160
3434	1717_tohateloathe	to hate, loathe	ugaritic	Ugaritic	šnˀ	ʃnʔ	ʃ n ʔ	ugar1238	35.6	35.78	Afro-Asiatic	1160
1645	843_tohaveabigbelly	to have a big belly	jibbali	Jibbali	ebṭín	ebtˤín	e b tˤ í n	sheh1240	17.29154	53.99526	Afro-Asiatic	723
2555	1187_tohaveadreamtohavepollutions	to have a dream; to have pollutions	arabic	Arabic	ḥlm	ħlm	ħ l m	arab1395			Afro-Asiatic	954
5568	3043_tohaveafittohaveepilepsytopanic	to have a fit, to have epilepsy; to panic	jibbali	Jibbali	әnfɛrfér	ənfɛrfér	ə n f ɛ r f é r	sheh1240	17.29154	53.99526	Afro-Asiatic	1749
2563	1192_tohaveanocturnalejaculationwhendreaming	to have a nocturnal ejaculation when dreaming	mehri	Mehri	ǝḥtǝlūm	ǝħtǝluːm	ə ħ t ə l uː m	mehr1241	16.793	52.473	Afro-Asiatic	954
2566	1193_tohaveanocturnalejaculationwhiledreaming	to have a nocturnal ejaculation while dreaming	jibbali	Jibbali	ḥɔ́tlǝm, aḥtélím	ħɔ́tlǝm	ħ ɔ́ t l ə m	sheh1240	17.29154	53.99526	Afro-Asiatic	954
2602	1227_tohaveanotchcutintheskinnoseearlip	to have a notch, cut in the skin (nose, ear, lip)	pws	West Semitic	*ḫrm	xrm	x r m	west2786			Afro-Asiatic	959
6534	3636_tohaveanimpedimentinonesspeechivtolockadoor	to have an impediment in one’s speech; (IV) to lock a door	arabic	Arabic	ˁǯm	ʕgm	ʕ g m	arab1395			Afro-Asiatic	2081
3314	1633_tohavebodilyeffusion	to have bodily effusion	pcs	Central Semitic	*ḳrˀ, *ḳry	qˤrʔ	qˤ r ʔ	cent2236			Afro-Asiatic	1138
5347	2905_tohavecompassion	to have compassion	geez	Geez	mḥr	mħr	m ħ r	geez1241	10.1342	40.6821	Afro-Asiatic	1508
5346	2904_tohavecompassiontohavepity	to have compassion; to have pity	pes	East Semitic	*mḥr	mħr	m ħ r	east2678			Afro-Asiatic	1508
10	9_tohavehadenoughtodrink	to have had enough to drink	jibbali	Jibbali	rē	reː	r eː	sheh1240	17.29154	53.99526	Afro-Asiatic	11
11	10_tohavehadenoughwater	to have had enough water	harsusi	Harsusi	rewō or rewī	rewoː	r e w oː	hars1241	19.6511	56.1562	Afro-Asiatic	11
9	8_tohavehadonesthirstslakeddrinktorepletion	to have had one's thirst slaked, drink to repletion	mehri	Mehri	ráywi	rájwi	r á j w i	mehr1241	16.793	52.473	Afro-Asiatic	11
3241	1589_tohavehiccups	to have hiccups	geez	Geez	fahaḳa	fahaqˤa	f a h a qˤ a	geez1241	10.1342	40.6821	Afro-Asiatic	1124
3426	1711_tohavemuchmilk	to have much milk	jibbali	Jibbali	ŝékər	ɬékər	ɬ é k ə r	sheh1240	17.29154	53.99526	Afro-Asiatic	1158
2624	1247_tohaveonesheadshaved	to have one’s head shaved	hebrew	Modern Hebrew	ḳrḥ	qˤrħ	qˤ r ħ	hebr1245	31.1056	35.0179	Afro-Asiatic	969
5348	2906_tohavepity	to have pity	tigre	Tigre	mäḥarä	mæħaræ	m æ ħ a r æ	tigr1270	17.3494	38.2233	Afro-Asiatic	1508
3107	1489_tohaveprominentcheekbones	to have prominent cheekbones	jibbali	Jibbali	ōgən	oːgən	oː g ə n	sheh1240	17.29154	53.99526	Afro-Asiatic	1097
3391	1686_tohaveresttobeatease	to have rest, to be at ease	pcs	Central Semitic	*šlw	ʃlw	ʃ l w	cent2236			Afro-Asiatic	1155
3394	1686_tohaveresttobeatease	to have rest, to be at ease	hebrew	Modern Hebrew	šlw	ʃlw	ʃ l w	hebr1245	31.1056	35.0179	Afro-Asiatic	1155
5096	2738_tohavesmokecomingfromthemouthtoopenthemouthtomakeanopening	to have smoke coming from the mouth; to open (the mouth); to make an opening	jibbali	Jibbali	faγár	faɣár	f a ɣ á r	sheh1240	17.29154	53.99526	Afro-Asiatic	1378
2606	1231_tohavethepartitionbetweenhisnostrilscutormutilated	to have the partition between his nostrils cut, or mutilated	arabic	Arabic	ḫrm	xrm	x r m	arab1395			Afro-Asiatic	959
2623	1246_tohavemakeahairlessspotontheheadtobecomemakebald	to have/make a hairless spot (on the head), to become/make bald	pws	West Semitic	*ḳrḥ	qˤrħ	qˤ r ħ	west2786			Afro-Asiatic	969
4666	2478_toheal	to heal	ugaritic	Ugaritic	rpˀ	rpʔ	r p ʔ	ugar1238	35.6	35.78	Afro-Asiatic	1306
4668	2478_toheal	to heal	hebrew	Modern Hebrew	rpˀ	rpʔ	r p ʔ	hebr1245	31.1056	35.0179	Afro-Asiatic	1306
5991	2478_toheal	to heal	pes	East Semitic	*fws	fws	f w s	east2678			Afro-Asiatic	1893
4665	2477_tohealtoprotect	to heal, to protect	pws	West Semitic	*rpˀ	rpʔ	r p ʔ	west2786			Afro-Asiatic	1306
3518	1776_tohelp	to help	pcs	Central Semitic	*ˁḏr	ʕðr	ʕ ð r	cent2236			Afro-Asiatic	1171
3520	1776_tohelp	to help	ugaritic	Ugaritic	ˁḏr	ʕðr	ʕ ð r	ugar1238	35.6	35.78	Afro-Asiatic	1171
3523	1776_tohelp	to help	phoenician	Phoenician	ˁzr	ʕzr	ʕ z r	phoe1239	34.12	35.65	Afro-Asiatic	1171
3524	1776_tohelp	to help	hebrew	Modern Hebrew	ˁzr	ʕzr	ʕ z r	hebr1245	31.1056	35.0179	Afro-Asiatic	1171
5131	1776_tohelp	to help	tigre	Tigre	ˁāwänä	ʕaːwænæ	ʕ aː w æ n æ	tigr1270	17.3494	38.2233	Afro-Asiatic	1393
5132	1776_tohelp	to help	mehri	Mehri	āwīn	aːwiːn	aː w iː n	mehr1241	16.793	52.473	Afro-Asiatic	1393
5133	1776_tohelp	to help	jibbali	Jibbali	oˁún	oʕún	o ʕ ú n	sheh1240	17.29154	53.99526	Afro-Asiatic	1393
3525	1779_tohelpaid	to help, aid	syriac	Classical Syriac	ˁdr	ʕdr	ʕ d r	clas1252	37.1129	42.1432	Afro-Asiatic	1171
5124	2760_tohelptoaid	to help, to aid	pcs	Central Semitic	*ˁwn	ʕwn	ʕ w n	cent2236			Afro-Asiatic	1393
5850	3215_tohew	to hew	hebrew	Modern Hebrew	psl	psl	p s l	hebr1245	31.1056	35.0179	Afro-Asiatic	1826
5855	3215_tohew	to hew	jewishbabylonianaramaic	Jewish Babylonian Aramaic (ca. 200-1200 CE)	psl	psl	p s l	jewi1240	32.273	44.245	Afro-Asiatic	1826
6043	3215_tohew	to hew	geez	Geez	ṣaraba	sˤaraba	sˤ a r a b a	geez1241	10.1342	40.6821	Afro-Asiatic	1919
3236	1584_tohiccup	to hiccup	syriac	Classical Syriac	pwḳ	pwqˤ	p w qˤ	clas1252	37.1129	42.1432	Afro-Asiatic	1124
4316	2257_tohide	to hide	pws	West Semitic	*ḫbˀ	xbʔ	x b ʔ	west2786			Afro-Asiatic	1271
4317	2257_tohide	to hide	hebrew	Modern Hebrew	ḥbˀ	ħbʔ	ħ b ʔ	hebr1245	31.1056	35.0179	Afro-Asiatic	1271
4810	2257_tohide	to hide	hebrew	Modern Hebrew	ṣpn	sˤpn	sˤ p n	hebr1245	31.1056	35.0179	Afro-Asiatic	1324
4320	2260_tohideconceal	to hide, conceal	sabaic	Sabaic	ḫbˀ	xbʔ	x b ʔ	saba1279	15.42	45.35	Afro-Asiatic	1271
4318	2258_tohidecoverconceal	to hide, cover, conceal	mandaic	Classical Mandaic	hba	hba	h b a	clas1253	36.1203	49.5659	Afro-Asiatic	1271
4319	2259_tohidetoconceal	to hide, to conceal	arabic	Arabic	ḫbˀ	xbʔ	x b ʔ	arab1395			Afro-Asiatic	1271
4811	2259_tohidetoconceal	to hide, to conceal	officialaramaic	Middle-Modern Aramaic	ṣpn	sˤpn	sˤ p n	midd1367			Afro-Asiatic	1324
4954	2259_tohidetoconceal	to hide, to conceal	geez	Geez	satara	satara	s a t a r a	geez1241	10.1342	40.6821	Afro-Asiatic	1352
4809	2545_tohidetocover	to hide, to cover	pws	West Semitic	*ṣpn	sˤpn	sˤ p n	west2786			Afro-Asiatic	1324
3696	1895_tohinderprevent	to hinder, prevent	arabic	Arabic	mnˁ	mnʕ	m n ʕ	arab1395			Afro-Asiatic	1190
3420	1705_tohire	to hire	hebrew	Modern Hebrew	ŝkr	ɬkr	ɬ k r	hebr1245	31.1056	35.0179	Afro-Asiatic	1158
3419	1704_tohireout	to hire out	ugaritic	Ugaritic	škr	ʃkr	ʃ k r	ugar1238	35.6	35.78	Afro-Asiatic	1158
6493	3601_tohitontheheadwithastickorstoneanddrawblood	to hit on the head with a stick or stone and draw blood	harari	Harari	däx āšä	dæx	d æ x	hara1271	9.30485	42.1332	Afro-Asiatic	2044
6198	3414_tohitsomeonesoastonearlykillhim	to hit someone so as to nearly kill him	endegen	Endegegny	(a)fettärä	fettæræ	f e t t æ r æ	eneg1238			Afro-Asiatic	1959
6196	3413_tohittokill	to hit, to kill	pes	East Semitic	*ftr	ftr	f t r	east2678			Afro-Asiatic	1959
3693	1893_toholdback	to hold back	hebrew	Modern Hebrew	mnˁ	mnʕ	m n ʕ	hebr1245	31.1056	35.0179	Afro-Asiatic	1190
3694	1893_toholdback	to hold back	jewishpalestinianaramaic	Jewish Palestinian Aramaic	mnˁ	mnʕ	m n ʕ	pale1261			Afro-Asiatic	1190
3692	1892_toholdbacktoprevent	to hold back, to prevent	pcs	Central Semitic	*mnˁ	mnʕ	m n ʕ	cent2236			Afro-Asiatic	1190
5840	3206_toholdthelegsofananimalapart	to hold the legs (of an animal) apart	mehri	Mehri	fəlōs	fəloːs	f ə l oː s	mehr1241	16.793	52.473	Afro-Asiatic	1820
3701	1899_toholdtotakeholdof	to hold, to take hold of	jibbali	Jibbali	mínaˁ	mínaʕ	m í n a ʕ	sheh1240	17.29154	53.99526	Afro-Asiatic	1190
5815	3183_tohopetoconsider	to hope, to consider	pcs	Central Semitic	*ŝbr	ɬbr	ɬ b r	cent2236			Afro-Asiatic	1816
3903	1996_tohorsearoundflirtindulgeinsuggestiveplay	to horse around, flirt, indulge in suggestive play	amharic	Amharic	zänna	zænna	z æ n n a	amha1245	11.708182	39.543456	Afro-Asiatic	1213
3778	1949_tohunt	to hunt	ugaritic	Ugaritic	ṣd	sˤd	sˤ d	ugar1238	35.6	35.78	Afro-Asiatic	1201
3779	1949_tohunt	to hunt	hebrew	Modern Hebrew	ṣwd	sˤwd	sˤ w d	hebr1245	31.1056	35.0179	Afro-Asiatic	1201
3787	1949_tohunt	to hunt	sabaic	Sabaic	ṣyd	sˤjd	sˤ j d	saba1279	15.42	45.35	Afro-Asiatic	1201
3788	1949_tohunt	to hunt	qatabanian	Qatabanian	ṣyd	sˤjd	sˤ j d	qata1238	14.8	45.733333	Afro-Asiatic	1201
3784	1953_tohuntchasefish	to hunt, chase, fish	mandaic	Classical Mandaic	ṣwd	sˤwd	sˤ w d	clas1253	36.1203	49.5659	Afro-Asiatic	1201
3776	1947_tohunttofish	to hunt, to fish	pcs	Central Semitic	*ṣyd	sˤjd	sˤ j d	cent2236			Afro-Asiatic	1201
3782	1947_tohunttofish	to hunt, to fish	syriac	Classical Syriac	ṣyd	sˤjd	sˤ j d	clas1252	37.1129	42.1432	Afro-Asiatic	1201
3786	1947_tohunttofish	to hunt, to fish	arabic	Arabic	ṣyd	sˤjd	sˤ j d	arab1395			Afro-Asiatic	1201
321	206_tohurry	to hurry	jibbali	Jibbali	oˁógəl	oʕógəl	o ʕ ó g ə l	sheh1240	17.29154	53.99526	Afro-Asiatic	129
4733	206_tohurry	to hurry	jewishbabylonianaramaic	Jewish Babylonian Aramaic (ca. 200-1200 CE)	bhl	bhl	b h l	jewi1240	32.273	44.245	Afro-Asiatic	1313
4487	2378_tohurt	to hurt	jibbali	Jibbali	enké	enké	e n k é	sheh1240	17.29154	53.99526	Afro-Asiatic	1288
518	316_tohurtsomeone	to hurt someone	mehri	Mehri	fāl	faːl	f aː l	mehr1241	16.793	52.473	Afro-Asiatic	189
519	316_tohurtsomeone	to hurt someone	jibbali	Jibbali	faˁál	faʕál	f a ʕ á l	sheh1240	17.29154	53.99526	Afro-Asiatic	189
4480	2371_tohurttowound	to hurt, to wound	pws	West Semitic	*nky	nkj	n k j	west2786			Afro-Asiatic	1288
6569	3663_toimmerseorimmergeinwaterorotherfluid	to immerse or immerge in water or other fluid	pws	West Semitic	*γms	ɣms	ɣ m s	west2786			Afro-Asiatic	2105
6638	3715_toimpelpushthrustdrive	to impel, push; thrust; drive	arabic	Arabic	dfˁ	dfʕ	d f ʕ	arab1395			Afro-Asiatic	2155
6026	3315_toimposetribute	to impose tribute	sabaic	Sabaic	bṣ̂ˁ	bɬˤʕ	b ɬˤ ʕ	saba1279	15.42	45.35	Afro-Asiatic	1907
3579	1812_toimprison	to imprison	mehri	Mehri	ḥəbūs	ħəbuːs	ħ ə b uː s	mehr1241	16.793	52.473	Afro-Asiatic	1176
3580	1812_toimprison	to imprison	jibbali	Jibbali	ḥɔ̄s	ħɔ̄s	ħ ɔ̄ s	sheh1240	17.29154	53.99526	Afro-Asiatic	1176
6421	3565_toincreasetoaddmemberstoasocialgroup	to increase, to add members (to a social group)	sabaic	Sabaic	ws₃f	ws₃f	w s ³ f	saba1279	15.42	45.35	Afro-Asiatic	2029
4926	2614_toincreasetoenlarge	to increase, to enlarge	sabaic	Sabaic	h-rwḥ	h-rwħ	h r w ħ	saba1279	15.42	45.35	Afro-Asiatic	1350
1792	915_toinherit	to inherit	syriac	Classical Syriac	yrt	jrt	j r t	clas1252	37.1129	42.1432	Afro-Asiatic	779
1793	915_toinherit	to inherit	arabic	Arabic	wrṯ	wrθ	w r θ	arab1395			Afro-Asiatic	779
1794	915_toinherit	to inherit	sabaic	Sabaic	wrṯ	wrθ	w r θ	saba1279	15.42	45.35	Afro-Asiatic	779
1799	915_toinherit	to inherit	jibbali	Jibbali	erɔ́ṯ	erɔ́θ	e r ɔ́ θ	sheh1240	17.29154	53.99526	Afro-Asiatic	779
1800	915_toinherit	to inherit	soqotri	Soqotri	éret	éret	é r e t	soqo1240	12.4892	53.9168	Afro-Asiatic	779
1798	919_toinheritfrom	to inherit from	mehri	Mehri	wīrəṯ	wiːrəθ	w iː r ə θ	mehr1241	16.793	52.473	Afro-Asiatic	779
1790	913_toinheritpossess	to inherit, possess	ugaritic	Ugaritic	yrṯ	jrθ	j r θ	ugar1238	35.6	35.78	Afro-Asiatic	779
1789	912_toinherittopossess	to inherit, to possess	pws	West Semitic	*wrṯ	wrθ	w r θ	west2786			Afro-Asiatic	779
3712	912_toinherittopossess	to inherit, to possess	pcs	Central Semitic	*nḥl	nħl	n ħ l	cent2236			Afro-Asiatic	1194
4482	2373_toinjureharm	to injure, harm	syriac	Classical Syriac	nky	nkj	n k j	clas1252	37.1129	42.1432	Afro-Asiatic	1288
4485	2376_toinjuretodiminish	to injure, to diminish	qatabanian	Qatabanian	nky	nkj	n k j	qata1238	14.8	45.733333	Afro-Asiatic	1288
4486	2377_toinjuretohurttodamage	to injure, to hurt, to damage	geez	Geez	nakaya	nakaja	n a k a j a	geez1241	10.1342	40.6821	Afro-Asiatic	1288
3665	1873_toinoculatetovaccinatetocuttoscrapetopickorscratch	to inoculate, to vaccinate; to cut, to scrape, to pick or scratch	amharic	Amharic	kättäbä	kættæbæ	k æ t t æ b æ	amha1245	11.708182	39.543456	Afro-Asiatic	1186
529	321_toinsert	to insert	hebrew	Modern Hebrew	ˁll	ʕll	ʕ l l	hebr1245	31.1056	35.0179	Afro-Asiatic	195
527	319_toinserttoimmerse	to insert; to immerse	pws	West Semitic	*γll	ɣll	ɣ l l	west2786			Afro-Asiatic	195
528	320_toinserttoplunge	to insert; to plunge	ugaritic	Ugaritic	γll	ɣll	ɣ l l	ugar1238	35.6	35.78	Afro-Asiatic	195
5817	3185_tointend	to intend	biblicalaramaic	Imperial Aramaic (700-300 BCE)	sbr	sbr	s b r	impe1235	33.905	42.185	Afro-Asiatic	1816
4132	2138_toinvent	to invent	jewishpalestinianaramaic	Jewish Palestinian Aramaic	bdˀ	bdʔ	b d ʔ	pale1261			Afro-Asiatic	1250
4130	2136_toinventtodevise	to invent, to devise	hebrew	Modern Hebrew	bdˀ	bdʔ	b d ʔ	hebr1245	31.1056	35.0179	Afro-Asiatic	1250
3462	1734_toissueorderstoexerciseauthority	to issue orders, to exercise authority	akkadian	Akkadian	šapāṭu	ʃapaːtˤu	ʃ a p aː tˤ u	akka1240	33.1	44.1	Afro-Asiatic	1164
633	388_tojourneytorisesun	to journey; to rise (sun)	arabic	Arabic	sfr	sfr	s f r	arab1395			Afro-Asiatic	270
3463	1735_tojudge	to judge	ugaritic	Ugaritic	ṯpṭ	θptˤ	θ p tˤ	ugar1238	35.6	35.78	Afro-Asiatic	1164
4768	1735_tojudge	to judge	tigre	Tigre	färdä	færdæ	f æ r d æ	tigr1270	17.3494	38.2233	Afro-Asiatic	1317
4769	1735_tojudge	to judge	tigrinya	Tigrinya	färädä	færædæ	f æ r æ d æ	tigr1271	15.3359	38.9266	Afro-Asiatic	1317
4770	1735_tojudge	to judge	amharic	Amharic	färrädä	færrædæ	f æ r r æ d æ	amha1245	11.708182	39.543456	Afro-Asiatic	1317
4771	1735_tojudge	to judge	harari	Harari	färädä	færædæ	f æ r æ d æ	hara1271	9.30485	42.1332	Afro-Asiatic	1317
4772	1735_tojudge	to judge	selti	Silt'e	färädä	færædæ	f æ r æ d æ	silt1240	7.77004	38.1449	Afro-Asiatic	1317
4773	1735_tojudge	to judge	wolane	Wolane	färädä	færædæ	f æ r æ d æ	wola1253	8.23	38.14	Afro-Asiatic	1317
4774	1735_tojudge	to judge	zway	Zay	färädä	færædæ	f æ r æ d æ	zayy1238	8.01148	38.8258	Afro-Asiatic	1317
4775	1735_tojudge	to judge	chaha	Chaha	fändä	fændæ	f æ n d æ	chah1248			Afro-Asiatic	1317
4776	1735_tojudge	to judge	chaha	Chaha	fänädä	fænædæ	f æ n æ d æ	chah1248			Afro-Asiatic	1317
4777	1735_tojudge	to judge	ezha	Ezha	fännädä	fænnædæ	f æ n n æ d æ	ezha1238			Afro-Asiatic	1317
4778	1735_tojudge	to judge	endegen	Endegegny	färädä	færædæ	f æ r æ d æ	eneg1238			Afro-Asiatic	1317
4779	1735_tojudge	to judge	ennemor	Inoric	fändä	fændæ	f æ n d æ	inor1238	7.94883	37.7968	Afro-Asiatic	1317
4780	1735_tojudge	to judge	gyeto	Gyeta	fändä	fændæ	f æ n d æ	gyet1241			Afro-Asiatic	1317
4781	1735_tojudge	to judge	muher	Muher	färrädä	færrædæ	f æ r r æ d æ	muhe1234			Afro-Asiatic	1317
4782	1735_tojudge	to judge	masqan	Mesqan	färrädä	færrædæ	f æ r r æ d æ	mesq1240	8.10617	38.3386	Afro-Asiatic	1317
4783	1735_tojudge	to judge	gogot	Kistane	färrädä	færrædæ	f æ r r æ d æ	kist1241	8.33561	38.4763	Afro-Asiatic	1317
4784	1735_tojudge	to judge	soddo	Soddo	färrädä	færrædæ	f æ r r æ d æ	sodd1242			Afro-Asiatic	1317
4164	2157_tojudgetodecreetoordain	to judge, to decree, to ordain	tigrinya	Tigrinya	bäyyänä	bæjjænæ	b æ j j æ n æ	tigr1271	15.3359	38.9266	Afro-Asiatic	1252
5086	2728_tojumpforjoyanimals	to jump for joy (animals)	jibbali	Jibbali	zúfún	zúfún	z ú f ú n	sheh1240	17.29154	53.99526	Afro-Asiatic	1374
5998	3295_tojumpetpetobenimblechangeable	to jump; (etpe.) to be nimble, changeable	syriac	Classical Syriac	pzz	pzz	p z z	clas1252	37.1129	42.1432	Afro-Asiatic	1897
5996	3293_tojumptobeagile	to jump; to be agile	pws	West Semitic	*pzz	pzz	p z z	west2786			Afro-Asiatic	1897
3599	1829_tokeepsafetopreservetolookafter	to keep safe, to preserve, to look after	mehri	Mehri	ḥəfūḏ̣	ħəfuːðˤ	ħ ə f uː ðˤ	mehr1241	16.793	52.473	Afro-Asiatic	1178
3600	1829_tokeepsafetopreservetolookafter	to keep safe, to preserve, to look after	jibbali	Jibbali	ḥfɔḏ̣	ħfɔðˤ	ħ f ɔ ðˤ	sheh1240	17.29154	53.99526	Afro-Asiatic	1178
6433	3571_tokeepsecretconceal	to keep secret, conceal	syriac	Classical Syriac	ksy	ksj	k s j	clas1252	37.1129	42.1432	Afro-Asiatic	2031
2843	1367_tokeepsilentnotlistennotanswer	to keep silent, not listen, not answer	geez	Geez	taṣamama	tasˤamama	t a sˤ a m a m a	geez1241	10.1342	40.6821	Afro-Asiatic	1019
3597	1827_tokeeptopreservetotakecareof	to keep, to preserve, to take care of	arabic	Arabic	ḥfḏ̣	ħfðˤ	ħ f ðˤ	arab1395			Afro-Asiatic	1178
699	429_tokill	to kill	pws	West Semitic	*ḳtl	qˤtl	qˤ t l	west2786			Afro-Asiatic	332
700	429_tokill	to kill	hebrew	Modern Hebrew	ḳṭl	qˤtˤl	qˤ tˤ l	hebr1245	31.1056	35.0179	Afro-Asiatic	332
701	429_tokill	to kill	samalian	Old Aramaic-Sam'alian	ḳtl	qˤtl	qˤ t l	olda1245	32.84	37.0	Afro-Asiatic	332
702	429_tokill	to kill	oldaramaic	Old Aramaic (up to 700 BCE)	ḳtl	qˤtl	qˤ t l	olda1246			Afro-Asiatic	332
703	429_tokill	to kill	biblicalaramaic	Imperial Aramaic (700-300 BCE)	ḳṭl	qˤtˤl	qˤ tˤ l	impe1235	33.905	42.185	Afro-Asiatic	332
705	429_tokill	to kill	jewishbabylonianaramaic	Jewish Babylonian Aramaic (ca. 200-1200 CE)	ḳṭl	qˤtˤl	qˤ tˤ l	jewi1240	32.273	44.245	Afro-Asiatic	332
706	429_tokill	to kill	syriac	Classical Syriac	ḳṭl	qˤtˤl	qˤ tˤ l	clas1252	37.1129	42.1432	Afro-Asiatic	332
707	429_tokill	to kill	mandaic	Classical Mandaic	gtl	gtl	g t l	clas1253	36.1203	49.5659	Afro-Asiatic	332
710	429_tokill	to kill	arabic	Arabic	qtl	qtl	q t l	arab1395			Afro-Asiatic	332
712	429_tokill	to kill	sabaic	Sabaic	ḳtl	qˤtl	qˤ t l	saba1279	15.42	45.35	Afro-Asiatic	332
713	429_tokill	to kill	qatabanian	Qatabanian	ḳtl	qˤtl	qˤ t l	qata1238	14.8	45.733333	Afro-Asiatic	332
715	429_tokill	to kill	tigre	Tigre	ḳätlä	qˤætlæ	qˤ æ t l æ	tigr1270	17.3494	38.2233	Afro-Asiatic	332
716	429_tokill	to kill	tigrinya	Tigrinya	ḳätälä	qˤætælæ	qˤ æ t æ l æ	tigr1271	15.3359	38.9266	Afro-Asiatic	332
717	429_tokill	to kill	wolane	Wolane	ḳätälä	qˤætælæ	qˤ æ t æ l æ	wola1253	8.23	38.14	Afro-Asiatic	332
718	429_tokill	to kill	chaha	Chaha	ḳäṭärä	qˤætˤæræ	qˤ æ tˤ æ r æ	chah1248			Afro-Asiatic	332
748	429_tokill	to kill	pcs	Central Semitic	*hrg	hrg	h r g	cent2236			Afro-Asiatic	349
749	429_tokill	to kill	ugaritic	Ugaritic	hrg	hrg	h r g	ugar1238	35.6	35.78	Afro-Asiatic	349
750	429_tokill	to kill	hebrew	Modern Hebrew	hrg	hrg	h r g	hebr1245	31.1056	35.0179	Afro-Asiatic	349
751	429_tokill	to kill	samalian	Old Aramaic-Sam'alian	hrg	hrg	h r g	olda1245	32.84	37.0	Afro-Asiatic	349
752	429_tokill	to kill	oldaramaic	Old Aramaic (up to 700 BCE)	hrg	hrg	h r g	olda1246			Afro-Asiatic	349
753	429_tokill	to kill	arabic	Arabic	hrǯ	hrg	h r g	arab1395			Afro-Asiatic	349
754	429_tokill	to kill	sabaic	Sabaic	hrg	hrg	h r g	saba1279	15.42	45.35	Afro-Asiatic	349
755	429_tokill	to kill	qatabanian	Qatabanian	hrg	hrg	h r g	qata1238	14.8	45.733333	Afro-Asiatic	349
756	429_tokill	to kill	hadramitic	Hadrami	hrg	hrg	h r g	hadr1235	15.528	47.603	Afro-Asiatic	349
6197	429_tokill	to kill	geez	Geez	ˀaftara	ʔaftara	ʔ a f t a r a	geez1241	10.1342	40.6821	Afro-Asiatic	1959
704	430_tokilltomurder	to kill, to murder	jewishpalestinianaramaic	Jewish Palestinian Aramaic	ḳṭl	qˤtˤl	qˤ tˤ l	pale1261			Afro-Asiatic	332
714	434_tokilltoslay	to kill, to slay	geez	Geez	ḳatala	qˤatala	qˤ a t a l a	geez1241	10.1342	40.6821	Afro-Asiatic	332
2420	1129_tokiss	to kiss	pes	East Semitic	*sˁm	sʕm	s ʕ m	east2678			Afro-Asiatic	931
2421	1129_tokiss	to kiss	geez	Geez	saˁama	saʕama	s a ʕ a m a	geez1241	10.1342	40.6821	Afro-Asiatic	931
2422	1129_tokiss	to kiss	tigre	Tigre	säˁamä	sæʕamæ	s æ ʕ a m æ	tigr1270	17.3494	38.2233	Afro-Asiatic	931
2423	1129_tokiss	to kiss	tigrinya	Tigrinya	säˁamä	sæʕamæ	s æ ʕ a m æ	tigr1271	15.3359	38.9266	Afro-Asiatic	931
2424	1129_tokiss	to kiss	amharic	Amharic	samä	samæ	s a m æ	amha1245	11.708182	39.543456	Afro-Asiatic	931
2425	1129_tokiss	to kiss	argobba	Argobba	sähama, sahama, säˁam	sæhama	s æ h a m a	argo1244	10.6596	39.756	Afro-Asiatic	931
2426	1129_tokiss	to kiss	selti	Silt'e	sāmä	saːmæ	s aː m æ	silt1240	7.77004	38.1449	Afro-Asiatic	931
2427	1129_tokiss	to kiss	wolane	Wolane	samä	samæ	s a m æ	wola1253	8.23	38.14	Afro-Asiatic	931
2428	1129_tokiss	to kiss	zway	Zay	sāmä	saːmæ	s aː m æ	zayy1238	8.01148	38.8258	Afro-Asiatic	931
2429	1129_tokiss	to kiss	gafat	Gafat	samä	samæ	s a m æ	gafa1240	11.5764	39.5605	Afro-Asiatic	931
2430	1129_tokiss	to kiss	chaha	Chaha	samä	samæ	s a m æ	chah1248			Afro-Asiatic	931
2431	1129_tokiss	to kiss	ezha	Ezha	samä	samæ	s a m æ	ezha1238			Afro-Asiatic	931
2432	1129_tokiss	to kiss	endegen	Endegegny	saˀamä	saʔamæ	s a ʔ a m æ	eneg1238			Afro-Asiatic	931
2433	1129_tokiss	to kiss	ennemor	Inoric	sãˀām̠ä	sãʔaːm̠æ	s ã ʔ aː m̠ æ	inor1238	7.94883	37.7968	Afro-Asiatic	931
2434	1129_tokiss	to kiss	gyeto	Gyeta	saˀam̠a	saʔam̠a	s a ʔ a m̠ a	gyet1241			Afro-Asiatic	931
2435	1129_tokiss	to kiss	muher	Muher	samä	samæ	s a m æ	muhe1234			Afro-Asiatic	931
2436	1129_tokiss	to kiss	masqan	Mesqan	samä	samæ	s a m æ	mesq1240	8.10617	38.3386	Afro-Asiatic	931
2437	1129_tokiss	to kiss	gogot	Kistane	samä	samæ	s a m æ	kist1241	8.33561	38.4763	Afro-Asiatic	931
2438	1129_tokiss	to kiss	soddo	Soddo	samä	samæ	s a m æ	sodd1242			Afro-Asiatic	931
6494	3602_toknock	to knock	mehri	Mehri	dək	dək	d ə k	mehr1241	16.793	52.473	Afro-Asiatic	2044
6291	3466_toknockdown	to knock down	pes	East Semitic	*fgm	fgm	f g m	east2678			Afro-Asiatic	1973
6293	3468_toknockdowntofalldowntofallflat	to knock down; to fall down, to fall flat	amharic	Amharic	fäggämä	fæggæmæ	f æ g g æ m æ	amha1245	11.708182	39.543456	Afro-Asiatic	1973
139	95_toknow	to know	gafat	Gafat	хarä	xaræ	x a r æ	gafa1240	11.5764	39.5605	Afro-Asiatic	92
143	95_toknow	to know	arabic	Arabic	ˁlm	ʕlm	ʕ l m	arab1395			Afro-Asiatic	93
3413	95_toknow	to know	pcs	Central Semitic	*ŝˁr	ɬʕr	ɬ ʕ r	cent2236			Afro-Asiatic	1157
3414	95_toknow	to know	hebrew	Modern Hebrew	ŝˁr	ɬʕr	ɬ ʕ r	hebr1245	31.1056	35.0179	Afro-Asiatic	1157
3416	95_toknow	to know	sabaic	Sabaic	s₂ˁr	s₂ʕr	s ² ʕ r	saba1279	15.42	45.35	Afro-Asiatic	1157
3417	95_toknow	to know	minaean	Minaean	s₂ˁr	s₂ʕr	s ² ʕ r	mina1279	16.166667	44.672778	Afro-Asiatic	1157
6069	95_toknow	to know	pws	West Semitic	*ṭbb	tˤbb	tˤ b b	west2786			Afro-Asiatic	1927
4270	2223_toknowtobecomewisetobeabletounderstand	to know; to become wise; to be able; to understand	syriac	Classical Syriac	ḥkm	ħkm	ħ k m	clas1252	37.1129	42.1432	Afro-Asiatic	1265
5176	2797_tolacerateoneself	to lacerate oneself	ugaritic	Ugaritic	hdy	hdj	h d j	ugar1238	35.6	35.78	Afro-Asiatic	1406
6589	3679_tolamentsobbitterlytobeemaciatedbeusedupbecomeworse	to lament, sob bitterly; to be emaciated, be used up, become worse	geez	Geez	saḥaga	saħaga	s a ħ a g a	geez1241	10.1342	40.6821	Afro-Asiatic	2110
3821	1971_tolaugh	to laugh	pws	West Semitic	*ṣ̂ḥk/ṣ̂ḥḳ	ɬˤħk	ɬˤ ħ k	west2786			Afro-Asiatic	1210
3823	1971_tolaugh	to laugh	ebla	Eblaite	za-ˀà-gú-um /ṣaḥākum/	za-ʔà-gú-um	z a ʔ à g ú u m	ebla1238	35.798	36.798	Afro-Asiatic	1210
3824	1971_tolaugh	to laugh	ugaritic	Ugaritic	ṣḥḳ	sˤħqˤ	sˤ ħ qˤ	ugar1238	35.6	35.78	Afro-Asiatic	1210
3825	1971_tolaugh	to laugh	hebrew	Modern Hebrew	ṣḥḳ	sˤħqˤ	sˤ ħ qˤ	hebr1245	31.1056	35.0179	Afro-Asiatic	1210
3826	1971_tolaugh	to laugh	hebrew	Modern Hebrew	ŝḥḳ	ɬħqˤ	ɬ ħ qˤ	hebr1245	31.1056	35.0179	Afro-Asiatic	1210
3829	1971_tolaugh	to laugh	syriac	Classical Syriac	gḥk	għk	g ħ k	clas1252	37.1129	42.1432	Afro-Asiatic	1210
3830	1971_tolaugh	to laugh	mandaic	Classical Mandaic	ahk, ˁhk	ahk	a h k	clas1253	36.1203	49.5659	Afro-Asiatic	1210
3831	1971_tolaugh	to laugh	mandaic	Classical Mandaic	ghk	ghk	g h k	clas1253	36.1203	49.5659	Afro-Asiatic	1210
3833	1971_tolaugh	to laugh	arabic	Arabic	ḍḥk	dˤħk	dˤ ħ k	arab1395			Afro-Asiatic	1210
3834	1971_tolaugh	to laugh	geez	Geez	ŝaḥaḳa	ɬaħaqˤa	ɬ a ħ a qˤ a	geez1241	10.1342	40.6821	Afro-Asiatic	1210
3835	1971_tolaugh	to laugh	tigre	Tigre	säḥaḳä	sæħaqˤæ	s æ ħ a qˤ æ	tigr1270	17.3494	38.2233	Afro-Asiatic	1210
3837	1971_tolaugh	to laugh	amharic	Amharic	ṣaḳä	sˤaqˤæ	sˤ a qˤ æ	amha1245	11.708182	39.543456	Afro-Asiatic	1210
3838	1971_tolaugh	to laugh	argobba	Argobba	säḥaḳa	sæħaqˤa	s æ ħ a qˤ a	argo1244	10.6596	39.756	Afro-Asiatic	1210
3840	1971_tolaugh	to laugh	harari	Harari	sēḥaḳa	seːħaqˤa	s eː ħ a qˤ a	hara1271	9.30485	42.1332	Afro-Asiatic	1210
3841	1971_tolaugh	to laugh	selti	Silt'e	sāḳä	saːqˤæ	s aː qˤ æ	silt1240	7.77004	38.1449	Afro-Asiatic	1210
3842	1971_tolaugh	to laugh	wolane	Wolane	saˀä	saʔæ	s a ʔ æ	wola1253	8.23	38.14	Afro-Asiatic	1210
3843	1971_tolaugh	to laugh	zway	Zay	sāḳä	saːqˤæ	s aː qˤ æ	zayy1238	8.01148	38.8258	Afro-Asiatic	1210
3844	1971_tolaugh	to laugh	gafat	Gafat	ṣaḳä	sˤaqˤæ	sˤ a qˤ æ	gafa1240	11.5764	39.5605	Afro-Asiatic	1210
3845	1971_tolaugh	to laugh	chaha	Chaha	daḳä	daqˤæ	d a qˤ æ	chah1248			Afro-Asiatic	1210
3846	1971_tolaugh	to laugh	ezha	Ezha	daḳä	daqˤæ	d a qˤ æ	ezha1238			Afro-Asiatic	1210
3847	1971_tolaugh	to laugh	endegen	Endegegny	dāˀä	daːʔæ	d aː ʔ æ	eneg1238			Afro-Asiatic	1210
3848	1971_tolaugh	to laugh	ennemor	Inoric	dāˀä	daːʔæ	d aː ʔ æ	inor1238	7.94883	37.7968	Afro-Asiatic	1210
3849	1971_tolaugh	to laugh	gyeto	Gyeta	dāḳä	daːqˤæ	d aː qˤ æ	gyet1241			Afro-Asiatic	1210
3850	1971_tolaugh	to laugh	muher	Muher	daˀä	daʔæ	d a ʔ æ	muhe1234			Afro-Asiatic	1210
3851	1971_tolaugh	to laugh	muher	Muher	daḳä	daqˤæ	d a qˤ æ	muhe1234			Afro-Asiatic	1210
3852	1971_tolaugh	to laugh	masqan	Mesqan	daḳä	daqˤæ	d a qˤ æ	mesq1240	8.10617	38.3386	Afro-Asiatic	1210
3853	1971_tolaugh	to laugh	gogot	Kistane	daˀä	daʔæ	d a ʔ æ	kist1241	8.33561	38.4763	Afro-Asiatic	1210
3854	1971_tolaugh	to laugh	soddo	Soddo	daˀä	daʔæ	d a ʔ æ	sodd1242			Afro-Asiatic	1210
3855	1971_tolaugh	to laugh	soddo	Soddo	daḳä	daqˤæ	d a qˤ æ	sodd1242			Afro-Asiatic	1210
3856	1971_tolaugh	to laugh	mehri	Mehri	ẑəḥāk	ɬ̬ˤəħaːk	ɬ̬ˤ ə ħ aː k	mehr1241	16.793	52.473	Afro-Asiatic	1210
3857	1971_tolaugh	to laugh	jibbali	Jibbali	ẓ̂aḥák	ẓ̂aħák	ẓ̂ a ħ á k	sheh1240	17.29154	53.99526	Afro-Asiatic	1210
3858	1971_tolaugh	to laugh	harsusi	Harsusi	ẑəḥāk	ɬ̬ˤəħaːk	ɬ̬ˤ ə ħ aː k	hars1241	19.6511	56.1562	Afro-Asiatic	1210
3859	1971_tolaugh	to laugh	soqotri	Soqotri	ẓ̂áḥak	ẓ̂áħak	ẓ̂ á ħ a k	soqo1240	12.4892	53.9168	Afro-Asiatic	1210
3828	1974_tolaughjest	to laugh, jest	jewishpalestinianaramaic	Jewish Palestinian Aramaic	gḥk	għk	g ħ k	pale1261			Afro-Asiatic	1210
3827	1973_tolaughsmilekindlyonso	to laugh, smile kindly on s.o.	hatran	Hatran	šḥḳ	ʃħqˤ	ʃ ħ qˤ	hatr1234			Afro-Asiatic	1210
617	375_tolaydown	to lay down	mehri	Mehri	ḥəṭ	ħətˤ	ħ ə tˤ	mehr1241	16.793	52.473	Afro-Asiatic	256
3484	1748_tolaythefoundations	to lay the foundations	pcs	Central Semitic	*wsd	wsd	w s d	cent2236			Afro-Asiatic	1167
2368	1110_toleadguide	to lead, guide	tigre	Tigre	märḥa	mærħa	m æ r ħ a	tigr1270	17.3494	38.2233	Afro-Asiatic	924
2369	1110_toleadguide	to lead, guide	tigrinya	Tigrinya	märḥe	mærħe	m æ r ħ e	tigr1271	15.3359	38.9266	Afro-Asiatic	924
2370	1110_toleadguide	to lead, guide	amharic	Amharic	märra	mærra	m æ r r a	amha1245	11.708182	39.543456	Afro-Asiatic	924
2371	1110_toleadguide	to lead, guide	selti	Silt'e	mära	mæra	m æ r a	silt1240	7.77004	38.1449	Afro-Asiatic	924
2372	1110_toleadguide	to lead, guide	soddo	Soddo	märra	mærra	m æ r r a	sodd1242			Afro-Asiatic	924
2367	1109_toleadguideshowthewaytoprove	to lead, guide, show (the way); to prove	geez	Geez	marḥa	marħa	m a r ħ a	geez1241	10.1342	40.6821	Afro-Asiatic	924
6496	3604_toleanreclineononeselbow	to lean, recline (on one’s elbow)	pws	West Semitic	*rpḳ	rpqˤ	r p qˤ	west2786			Afro-Asiatic	2046
6497	3605_toleantorecline	to lean, to recline	ebla	Eblaite	ra-ba-gu-um /rapāḳu(m)/	ra-ba-gu-um	r a b a g u u m	ebla1238	35.798	36.798	Afro-Asiatic	2046
4436	2349_tolearn	to learn	amharic	Amharic	tämarä	tæmaræ	t æ m a r æ	amha1245	11.708182	39.543456	Afro-Asiatic	1284
3415	1702_tolearntorealize	to learn, to realize	arabic	Arabic	šˁr	ʃʕr	ʃ ʕ r	arab1395			Afro-Asiatic	1157
2358	1100_toleavechildless	to leave childless	oldaramaic	Old Aramaic (up to 700 BCE)	h-škl-h	h-ʃkl-h	h ʃ k l h	olda1246			Afro-Asiatic	922
2126	1013_tolend	to lend	pes	East Semitic	*lḳḥ	lqˤħ	l qˤ ħ	east2678			Afro-Asiatic	887
2127	1013_tolend	to lend	geez	Geez	laḳḳəḥa	laqˤqˤəħa	l a qˤ qˤ ə ħ a	geez1241	10.1342	40.6821	Afro-Asiatic	887
2128	1013_tolend	to lend	tigrinya	Tigrinya	ˀaläḳḳəḥe	ʔalæqˤqˤəħe	ʔ a l æ qˤ qˤ ə ħ e	tigr1271	15.3359	38.9266	Afro-Asiatic	887
2129	1013_tolend	to lend	amharic	Amharic	aläḳḳa	alæqˤqˤa	a l æ qˤ qˤ a	amha1245	11.708182	39.543456	Afro-Asiatic	887
2130	1013_tolend	to lend	harari	Harari	alēḳäḥa	aleːqˤæħa	a l eː qˤ æ ħ a	hara1271	9.30485	42.1332	Afro-Asiatic	887
3704	1901_tolendtogivetogiveagift	to lend, to give, to give a gift	arabic	Arabic	mnḥ	mnħ	m n ħ	arab1395			Afro-Asiatic	1191
5462	2965_tolengthent2tobelong	to lengthen; (T2) to be long	tigre	Tigre	ṭawwala	tˤawwala	tˤ a w w a l a	tigr1270	17.3494	38.2233	Afro-Asiatic	1615
3705	1902_toletacowasaloaninusufructtogiveacowasapresent	to let a cow (as a loan) in usufruct, to give a cow as a present	tigre	Tigre	männəḥa	mænnəħa	m æ n n ə ħ a	tigr1270	17.3494	38.2233	Afro-Asiatic	1191
4386	2310_tolettoallow	to let, to allow	jibbali	Jibbali	ḳélaˁ	qˤélaʕ	qˤ é l a ʕ	sheh1240	17.29154	53.99526	Afro-Asiatic	1279
4385	2309_tolettoallowtoleave	to let, to allow, to leave	mehri	Mehri	ḳáwla	qˤáwla	qˤ á w l a	mehr1241	16.793	52.473	Afro-Asiatic	1279
3409	1699_tolevel	to level	mehri	Mehri	sōwi	soːwi	s oː w i	mehr1241	16.793	52.473	Afro-Asiatic	1156
3615	1839_toliberate	to liberate	tigrinya	Tigrinya	ḥarrärä	ħarræræ	ħ a r r æ r æ	tigr1271	15.3359	38.9266	Afro-Asiatic	1180
2800	1338_tolie	to lie	ugaritic	Ugaritic	škb	ʃkb	ʃ k b	ugar1238	35.6	35.78	Afro-Asiatic	999
2801	1338_tolie	to lie	hebrew	Modern Hebrew	škb	ʃkb	ʃ k b	hebr1245	31.1056	35.0179	Afro-Asiatic	999
2803	1338_tolie	to lie	geez	Geez	sakaba	sakaba	s a k a b a	geez1241	10.1342	40.6821	Afro-Asiatic	999
3301	1338_tolie	to lie	pcs	Central Semitic	*kḏb	kðb	k ð b	cent2236			Afro-Asiatic	1137
3302	1338_tolie	to lie	hebrew	Modern Hebrew	kzb	kzb	k z b	hebr1245	31.1056	35.0179	Afro-Asiatic	1137
3303	1338_tolie	to lie	syriac	Classical Syriac	kdb	kdb	k d b	clas1252	37.1129	42.1432	Afro-Asiatic	1137
3304	1338_tolie	to lie	arabic	Arabic	kḏb	kðb	k ð b	arab1395			Afro-Asiatic	1137
3305	1338_tolie	to lie	tigre	Tigre	käzbä	kæzbæ	k æ z b æ	tigr1270	17.3494	38.2233	Afro-Asiatic	1137
3308	1338_tolie	to lie	selti	Silt'e	kēzäbä	keːzæbæ	k eː z æ b æ	silt1240	7.77004	38.1449	Afro-Asiatic	1137
3309	1338_tolie	to lie	endegen	Endegegny	käzäbä	kæzæbæ	k æ z æ b æ	eneg1238			Afro-Asiatic	1137
3310	1338_tolie	to lie	ennemor	Inoric	käzäḇä	kæzæḇæ	k æ z æ b̠ æ	inor1238	7.94883	37.7968	Afro-Asiatic	1137
3311	1338_tolie	to lie	gyeto	Gyeta	käzäḇä	kæzæḇæ	k æ z æ b̠ æ	gyet1241			Afro-Asiatic	1137
3312	1338_tolie	to lie	muher	Muher	käzzäbä	kæzzæbæ	k æ z z æ b æ	muhe1234			Afro-Asiatic	1137
3313	1338_tolie	to lie	masqan	Mesqan	käzzäbä	kæzzæbæ	k æ z z æ b æ	mesq1240	8.10617	38.3386	Afro-Asiatic	1137
4129	1338_tolie	to lie	pws	West Semitic	*bdˀ	bdʔ	b d ʔ	west2786			Afro-Asiatic	1250
2798	1336_toliedown	to lie down	pws	West Semitic	*škb	ʃkb	ʃ k b	west2786			Afro-Asiatic	999
2802	1336_toliedown	to lie down	syriac	Classical Syriac	škb	ʃkb	ʃ k b	clas1252	37.1129	42.1432	Afro-Asiatic	999
3963	2028_tolieononesback	to lie on one’s back	geez	Geez	tadabbara	tadabbara	t a d a b b a r a	geez1241	10.1342	40.6821	Afro-Asiatic	1225
2619	1242_tolight	to light	phoenician	Phoenician	ḳdḥ	qˤdħ	qˤ d ħ	phoe1239	34.12	35.65	Afro-Asiatic	965
2618	1241_tolightupfire	to light up fire	pws	West Semitic	*ḳdḥ	qˤdħ	qˤ d ħ	west2786			Afro-Asiatic	965
6011	3304_toliketolove	to like, to love	amharic	Amharic	fäḳḳärä	fæqˤqˤæræ	f æ qˤ qˤ æ r æ	amha1245	11.708182	39.543456	Afro-Asiatic	1904
6012	3304_toliketolove	to like, to love	soddo	Soddo	fäḳḳärä, afäḳḳärä	fæqˤqˤæræ	f æ qˤ qˤ æ r æ	sodd1242			Afro-Asiatic	1904
2538	1178_tolimp	to limp	tigre	Tigre	ḥankäšä	ħankæʃæ	ħ a n k æ ʃ æ	tigr1270	17.3494	38.2233	Afro-Asiatic	953
2833	1178_tolimp	to limp	arabic	Arabic	ḏ̣lˁ	ðˤlʕ	ðˤ l ʕ	arab1395			Afro-Asiatic	1017
2837	1178_tolimp	to limp	harsusi	Harsusi	ḏ̣áwla	ðˤáwla	ðˤ á w l a	hars1241	19.6511	56.1562	Afro-Asiatic	1017
2539	1179_tolimpbelame	to limp, be lame	amharic	Amharic	anäkkäsä	anækkæsæ	a n æ k k æ s æ	amha1245	11.708182	39.543456	Afro-Asiatic	953
2830	1179_tolimpbelame	to limp, be lame	pws	West Semitic	*ṯ̣lˁ	θˤlʕ	θˤ l ʕ	west2786			Afro-Asiatic	1017
2831	1357_tolimptobelame	to limp, to be lame	hebrew	Modern Hebrew	ṣlˁ	sˤlʕ	sˤ l ʕ	hebr1245	31.1056	35.0179	Afro-Asiatic	1017
2853	1373_tolistenattentively	to listen attentively	masqan	Mesqan	(ač̣)č̣emma	č̣emma	č̣ e m m a	mesq1240	8.10617	38.3386	Afro-Asiatic	1019
2854	1373_tolistenattentively	to listen attentively	gogot	Kistane	(at)č̣emma-m	č̣emma-m	č̣ e m m a m	kist1241	8.33561	38.4763	Afro-Asiatic	1019
4880	2582_tolive	to live	ugaritic	Ugaritic	ḥwy/ḥyy	ħwj	ħ w j	ugar1238	35.6	35.78	Afro-Asiatic	1344
4881	2582_tolive	to live	hebrew	Modern Hebrew	ḥyy	ħjj	ħ j j	hebr1245	31.1056	35.0179	Afro-Asiatic	1344
4882	2582_tolive	to live	syriac	Classical Syriac	ḥyy	ħjj	ħ j j	clas1252	37.1129	42.1432	Afro-Asiatic	1344
4883	2582_tolive	to live	arabic	Arabic	ḥyw	ħjw	ħ j w	arab1395			Afro-Asiatic	1344
4886	2582_tolive	to live	minaean	Minaean	ḥyw	ħjw	ħ j w	mina1279	16.166667	44.672778	Afro-Asiatic	1344
4890	2582_tolive	to live	soqotri	Soqotri	ḥyy	ħjj	ħ j j	soqo1240	12.4892	53.9168	Afro-Asiatic	1344
6074	3344_toliveapleasanteasylife	to live a pleasant, easy life	arabic	Arabic	trf	trf	t r f	arab1395			Afro-Asiatic	1928
4887	2585_tolivebealivebewell	to live, be alive, be well	geez	Geez	ḥaywa	ħajwa	ħ a j w a	geez1241	10.1342	40.6821	Afro-Asiatic	1344
4885	2584_tolivesurvive	to live, survive	sabaic	Sabaic	ḥyw	ħjw	ħ j w	saba1279	15.42	45.35	Afro-Asiatic	1344
4878	2579_tolivetobealive	to live, to be alive	pws	West Semitic	*ḥyy (*ḥwy, *ḥyw)	ħjj	ħ j j	west2786			Afro-Asiatic	1344
4235	2195_tolodgetotakerefugetobeprotected	to lodge, to take refuge, to be protected	ugaritic	Ugaritic	gr	gr	g r	ugar1238	35.6	35.78	Afro-Asiatic	1260
6655	3729_tolook	to look	pws	West Semitic	*ŝky	ɬkj	ɬ k j	west2786			Afro-Asiatic	2164
6661	3735_tolookalldaylongtoseeifanyanimalsaremissing	to look all day long to see if any animals are missing	jibbali	Jibbali	eŝŝóki	eɬɬóki	e ɬ ɬ ó k i	sheh1240	17.29154	53.99526	Afro-Asiatic	2164
6657	3731_tolooktoexpecttowaittohope	to look, to expect; to wait, to hope	jewishpalestinianaramaic	Jewish Palestinian Aramaic	sky	skj	s k j	pale1261			Afro-Asiatic	2164
6660	3734_tolooktoobserve	to look, to observe	geez	Geez	sakawa	sakawa	s a k a w a	geez1241	10.1342	40.6821	Afro-Asiatic	2164
2362	1104_tolosechildbecomebereft	to lose (child), become bereft	arabic	Arabic	ṯkl	θkl	θ k l	arab1395			Afro-Asiatic	922
4630	2453_toloseinagame	to lose (in a game)	soqotri	Soqotri	fte	fte	f t e	soqo1240	12.4892	53.9168	Afro-Asiatic	1301
2355	1097_tolosebedeprivedofchildren	to lose, be deprived of children	ugaritic	Ugaritic	ṯkl	θkl	θ k l	ugar1238	35.6	35.78	Afro-Asiatic	922
4340	2280_tolosetopayabrideprice	to lose; to pay a brideprice	jibbali	Jibbali	ḫsɔr	xsɔr	x s ɔ r	sheh1240	17.29154	53.99526	Afro-Asiatic	1273
6008	3303_tolove	to love	pes	East Semitic	*fḳr	fqˤr	f qˤ r	east2678			Afro-Asiatic	1904
6009	3303_tolove	to love	geez	Geez	ˀafḳara	ʔafqˤara	ʔ a f qˤ a r a	geez1241	10.1342	40.6821	Afro-Asiatic	1904
6010	3303_tolove	to love	tigrinya	Tigrinya	ˀafḳärä	ʔafqˤæræ	ʔ a f qˤ æ r æ	tigr1271	15.3359	38.9266	Afro-Asiatic	1904
4077	2095_tolovetoliketowant	to love, to like, to want	mehri	Mehri	ˁáygəb	ʕájgəb	ʕ á j g ə b	mehr1241	16.793	52.473	Afro-Asiatic	1243
4078	2096_tolovetowant	to love, to want	jibbali	Jibbali	ˁágəb	ʕágəb	ʕ á g ə b	sheh1240	17.29154	53.99526	Afro-Asiatic	1243
3715	1909_tomaintainasapossession	to maintain as a possession	hebrew	Modern Hebrew	nḥl	nħl	n ħ l	hebr1245	31.1056	35.0179	Afro-Asiatic	1194
4999	2667_tomaintaininproperorder	to maintain in proper order	sabaic	Sabaic	ṣdḳ	sˤdqˤ	sˤ d qˤ	saba1279	15.42	45.35	Afro-Asiatic	1358
515	314_tomake	to make	sabaic	Sabaic	fˁl	fʕl	f ʕ l	saba1279	15.42	45.35	Afro-Asiatic	189
2321	1080_tomakeacameltrot	to make (a camel) trot	mehri	Mehri	kdū	kduː	k d uː	mehr1241	16.793	52.473	Afro-Asiatic	915
5922	3250_tomakeabreach	to make a breach	jewishbabylonianaramaic	Jewish Babylonian Aramaic (ca. 200-1200 CE)	prṣ	prsˤ	p r sˤ	jewi1240	32.273	44.245	Afro-Asiatic	1868
5923	3251_tomakeabreachtobreakthrough	to make a breach, to break through	mandaic	Classical Mandaic	prṣ	prsˤ	p r sˤ	clas1253	36.1203	49.5659	Afro-Asiatic	1868
4963	2640_tomakeamistaketoerrtogetlost	to make a mistake, to err, to get lost	geez	Geez	səḥta	səħta	s ə ħ t a	geez1241	10.1342	40.6821	Afro-Asiatic	1353
3285	1615_tomakeapilgrimagegoonhajj	to make a pilgrimage, go on hajj	soqotri	Soqotri	ḥgg	ħgg	ħ g g	soqo1240	12.4892	53.9168	Afro-Asiatic	1134
5865	3225_tomakeasmallincision	to make a small incision	arabic	Arabic	bzγ	bzɣ	b z ɣ	arab1395			Afro-Asiatic	1836
144	98_tomakeacknowledgment	to make acknowledgment	sabaic	Sabaic	ˁlm	ʕlm	ʕ l m	saba1279	15.42	45.35	Afro-Asiatic	93
316	202_tomakeanenclosuretosurroundwithawall	to make an enclosure, to surround with a wall	geez	Geez	ˁagala	ʕagala	ʕ a g a l a	geez1241	10.1342	40.6821	Afro-Asiatic	129
4451	2352_tomakeanexcusetogotorunaway	to make an excuse to go, to run away	jibbali	Jibbali	əmtəhér	əmtəhér	ə m t ə h é r	sheh1240	17.29154	53.99526	Afro-Asiatic	1284
5570	3045_tomakeanopeninganinterveningspacebetweentwothings	to make an opening, an intervening space between two things	arabic	Arabic	frǯ	frg	f r g	arab1395			Afro-Asiatic	1755
2625	1248_tomakebald	to make bald	jewishpalestinianaramaic	Jewish Palestinian Aramaic	ḳrḥ	qˤrħ	qˤ r ħ	pale1261			Afro-Asiatic	969
6580	3670_tomakecamelstokeeptotheroadprtotherightway	to make camels to keep to the road pr to the right way	pws	West Semitic	*lγd	lɣd	l ɣ d	west2786			Afro-Asiatic	2107
103	75_tomakecoldtocooldown	to make cold, to cool down	jewishpalestinianaramaic	Jewish Palestinian Aramaic	ḳrr	qˤrr	qˤ r r	pale1261			Afro-Asiatic	83
3633	1853_tomakedoughferment	to make dough ferment	arabic	Arabic	ḫmr	xmr	x m r	arab1395			Afro-Asiatic	1182
320	205_tomakehurry	to make hurry	mehri	Mehri	hāgōl	haːgoːl	h aː g oː l	mehr1241	16.793	52.473	Afro-Asiatic	129
6616	3694_tomakestraight	to make straight	hebrew	Modern Hebrew	tḳn	tqˤn	t qˤ n	hebr1245	31.1056	35.0179	Afro-Asiatic	2146
6587	3677_tomaketoincreaseandmultiplymakesomeonerich	to make to increase and multiply, make someone rich	pws	West Semitic	rγs	rɣs	r ɣ s	west2786			Afro-Asiatic	2109
6516	3619_tomaketrembletoscare	to make tremble, to scare	hebrew	Modern Hebrew	zˁzˁ	zʕzʕ	z ʕ z ʕ	hebr1245	31.1056	35.0179	Afro-Asiatic	2071
5927	3254_tomakeunfit	to make unfit	jewishpalestinianaramaic	Jewish Palestinian Aramaic	psl	psl	p s l	pale1261			Afro-Asiatic	1875
506	306_tomakemanufacturetowork	to make, manufacture; to work	ugaritic	Ugaritic	bˁl	bʕl	b ʕ l	ugar1238	35.6	35.78	Afro-Asiatic	189
501	302_tomaketodo	to make, to do	oldaramaic	Old Aramaic (up to 700 BCE)	ˁbd	ʕbd	ʕ b d	olda1246			Afro-Asiatic	188
516	302_tomaketodo	to make, to do	qatabanian	Qatabanian	fˁl	fʕl	f ʕ l	qata1238	14.8	45.733333	Afro-Asiatic	189
524	302_tomaketodo	to make, to do	sabaic	Sabaic	ˁs₁y	ʕs₁j	ʕ s ¹ j	saba1279	15.42	45.35	Afro-Asiatic	190
525	302_tomaketodo	to make, to do	minaean	Minaean	ˁs₁y	ʕs₁j	ʕ s ¹ j	mina1279	16.166667	44.672778	Afro-Asiatic	190
526	302_tomaketodo	to make, to do	qatabanian	Qatabanian	ˁs₁y	ʕs₁j	ʕ s ¹ j	qata1238	14.8	45.733333	Afro-Asiatic	190
521	318_tomaketoprocesstowork	to make, to process, to work	ugaritic	Ugaritic	ˁšy	ʕʃj	ʕ ʃ j	ugar1238	35.6	35.78	Afro-Asiatic	190
520	317_tomaketodo	to make; to do	pcs	Central Semitic	*ˁŝy	ʕɬj	ʕ ɬ j	cent2236			Afro-Asiatic	190
2591	1217_tomarkoutsetasideaplaceofisolationorquarantineegforsowhohasadangerouscontagiousdisease	to mark out, set aside a place of isolation or quarantine, e. g. for s.o. who has a dangerous, contagious disease	amharic	Amharic	allälä	allælæ	a l l æ l æ	amha1245	11.708182	39.543456	Afro-Asiatic	957
4655	2469_tomarktovariegateapieceofclothtowrite	to mark, to variegate a piece of cloth; to write	arabic	Arabic	rqm	rqm	r q m	arab1395			Afro-Asiatic	1304
2893	1397_tomarry	to marry	ugaritic	Ugaritic	ḫtn	xtn	x t n	ugar1238	35.6	35.78	Afro-Asiatic	1035
5326	2899_tomeasurewiththespan	to measure with the span	tigrinya	Tigrinya	sänzärä	sænzæræ	s æ n z æ r æ	tigr1271	15.3359	38.9266	Afro-Asiatic	1499
4894	2591_tomeasuretoproportion	to measure, to proportion	arabic	Arabic	ḫlq	xlq	x l q	arab1395			Afro-Asiatic	1345
3686	1887_tomeet	to meet	hebrew	Modern Hebrew	ḳrˀ	qˤrʔ	qˤ r ʔ	hebr1245	31.1056	35.0179	Afro-Asiatic	1189
3687	1887_tomeet	to meet	hebrew	Modern Hebrew	ḳry	qˤrj	qˤ r j	hebr1245	31.1056	35.0179	Afro-Asiatic	1189
6188	3406_tomeetsomeonetofalluponsomeonetoassaultsomeone	to meet someone; to fall upon someone, to assault someone	hebrew	Modern Hebrew	pgˁ	pgʕ	p g ʕ	hebr1245	31.1056	35.0179	Afro-Asiatic	1954
5227	2839_tomeetntobemetwelcomed	to meet, (N) to be met, welcomed	ugaritic	Ugaritic	škḥ	ʃkħ	ʃ k ħ	ugar1238	35.6	35.78	Afro-Asiatic	1425
3685	1886_tomeetencountergotomeet	to meet, encounter, go to meet	ugaritic	Ugaritic	ḳry	qˤrj	qˤ r j	ugar1238	35.6	35.78	Afro-Asiatic	1189
5232	2842_tomeettocomeuponfind	to meet, to come upon, find	syriac	Classical Syriac	škḥ	ʃkħ	ʃ k ħ	clas1252	37.1129	42.1432	Afro-Asiatic	1425
2183	1031_tomeettofind	to meet, to find	pes	East Semitic	*rkb	rkb	r k b	east2678			Afro-Asiatic	898
3684	1885_tomeettogather	to meet, to gather	pcs	Central Semitic	*ḳry, *ḳrˀ	qˤrj	qˤ r j	cent2236			Afro-Asiatic	1189
6189	3407_tomeettotouchtohappenbefall	to meet; to touch; to happen, befall	syriac	Classical Syriac	pgˁ	pgʕ	p g ʕ	clas1252	37.1129	42.1432	Afro-Asiatic	1954
4983	2653_tomelt	to melt	pws	West Semitic	*šyḥ	ʃjħ	ʃ j ħ	west2786			Afro-Asiatic	1356
4984	2654_tomeltaway	to melt away	hebrew	Modern Hebrew	šyḥ	ʃjħ	ʃ j ħ	hebr1245	31.1056	35.0179	Afro-Asiatic	1356
2596	1222_tomenstruate	to menstruate	pws	West Semitic	*ḥyṣ̂	ħjɬˤ	ħ j ɬˤ	west2786			Afro-Asiatic	958
2597	1222_tomenstruate	to menstruate	arabic	Arabic	ḥyḍ	ħjdˤ	ħ j dˤ	arab1395			Afro-Asiatic	958
6158	3389_tomigrate	to migrate	pes	East Semitic	*gˁz	gʕz	g ʕ z	east2678			Afro-Asiatic	1947
2940	1421_tomilk	to milk	akkadian	Akkadian	ḫalāpu	xalaːpu	x a l aː p u	akka1240	33.1	44.1	Afro-Asiatic	1057
2947	1421_tomilk	to milk	geez	Geez	ḥalaba	ħalaba	ħ a l a b a	geez1241	10.1342	40.6821	Afro-Asiatic	1057
2949	1421_tomilk	to milk	tigre	Tigre	ḥalba	ħalba	ħ a l b a	tigr1270	17.3494	38.2233	Afro-Asiatic	1057
2950	1421_tomilk	to milk	tigrinya	Tigrinya	ḥaläbä	ħalæbæ	ħ a l æ b æ	tigr1271	15.3359	38.9266	Afro-Asiatic	1057
2952	1421_tomilk	to milk	amharic	Amharic	alläbä	allæbæ	a l l æ b æ	amha1245	11.708182	39.543456	Afro-Asiatic	1057
2956	1421_tomilk	to milk	harari	Harari	ḥaläba	ħalæba	ħ a l æ b a	hara1271	9.30485	42.1332	Afro-Asiatic	1057
2958	1421_tomilk	to milk	selti	Silt'e	aläbä	alæbæ	a l æ b æ	silt1240	7.77004	38.1449	Afro-Asiatic	1057
2959	1421_tomilk	to milk	wolane	Wolane	aläbä	alæbæ	a l æ b æ	wola1253	8.23	38.14	Afro-Asiatic	1057
2960	1421_tomilk	to milk	zway	Zay	aläbä	alæbæ	a l æ b æ	zayy1238	8.01148	38.8258	Afro-Asiatic	1057
2962	1421_tomilk	to milk	chaha	Chaha	anäbä	anæbæ	a n æ b æ	chah1248			Afro-Asiatic	1057
2963	1421_tomilk	to milk	ezha	Ezha	annäbä	annæbæ	a n n æ b æ	ezha1238			Afro-Asiatic	1057
2964	1421_tomilk	to milk	endegen	Endegegny	annäwä, annǟ	annæwæ	a n n æ w æ	eneg1238			Afro-Asiatic	1057
2965	1421_tomilk	to milk	ennemor	Inoric	anäḇä	anæḇæ	a n æ b̠ æ	inor1238	7.94883	37.7968	Afro-Asiatic	1057
2966	1421_tomilk	to milk	gyeto	Gyeta	anäḇä	anæḇæ	a n æ b̠ æ	gyet1241			Afro-Asiatic	1057
2967	1421_tomilk	to milk	muher	Muher	alläbä	allæbæ	a l l æ b æ	muhe1234			Afro-Asiatic	1057
2968	1421_tomilk	to milk	muher	Muher	arräbä	arræbæ	a r r æ b æ	muhe1234			Afro-Asiatic	1057
2969	1421_tomilk	to milk	masqan	Mesqan	alläbä	allæbæ	a l l æ b æ	mesq1240	8.10617	38.3386	Afro-Asiatic	1057
2970	1421_tomilk	to milk	gogot	Kistane	alläbä	allæbæ	a l l æ b æ	kist1241	8.33561	38.4763	Afro-Asiatic	1057
2971	1421_tomilk	to milk	soddo	Soddo	alläbä	allæbæ	a l l æ b æ	sodd1242			Afro-Asiatic	1057
2972	1421_tomilk	to milk	mehri	Mehri	ḥəlūb	ħəluːb	ħ ə l uː b	mehr1241	16.793	52.473	Afro-Asiatic	1057
2973	1421_tomilk	to milk	jibbali	Jibbali	ḥɔ́lɔ́b	ħɔ́lɔ́b	ħ ɔ́ l ɔ́ b	sheh1240	17.29154	53.99526	Afro-Asiatic	1057
2975	1421_tomilk	to milk	soqotri	Soqotri	ḥéḷob	ħéḷob	ħ é l̩ o b	soqo1240	12.4892	53.9168	Afro-Asiatic	1057
4965	2642_tomisstargettomakeamistake	to miss (target); to make a mistake	tigrinya	Tigrinya	säḥatä	sæħatæ	s æ ħ a t æ	tigr1271	15.3359	38.9266	Afro-Asiatic	1353
3373	1670_tomistreatoppress	to mistreat, oppress	hebrew	Modern Hebrew	rṣṣ	rsˤsˤ	r sˤ sˤ	hebr1245	31.1056	35.0179	Afro-Asiatic	1152
6207	3423_tomixbystirringvigorously	to mix by stirring vigorously	amharic	Amharic	bäṭäbbäṭä	bætˤæbbætˤæ	b æ tˤ æ b b æ tˤ æ	amha1245	11.708182	39.543456	Afro-Asiatic	1962
6204	3420_tomixupbystirringvigorously	to mix up by stirring vigorously	geez	Geez	baṣbaṣa	basˤbasˤa	b a sˤ b a sˤ a	geez1241	10.1342	40.6821	Afro-Asiatic	1962
6203	3419_tomixtostir	to mix, to stir	pes	East Semitic	*bṣbṣ	bsˤbsˤ	b sˤ b sˤ	east2678			Afro-Asiatic	1962
623	381_tomoveaside	to move aside	harari	Harari	fiḳ bāya	fiqˤ	f i qˤ	hara1271	9.30485	42.1332	Afro-Asiatic	260
624	382_tomoveasideaway	to move aside, away	selti	Silt'e	fäḳäḳ balä	fæqˤæqˤ	f æ qˤ æ qˤ	silt1240	7.77004	38.1449	Afro-Asiatic	260
625	382_tomoveasideaway	to move aside, away	wolane	Wolane	fäḳäḳ balä	fæqˤæqˤ	f æ qˤ æ qˤ	wola1253	8.23	38.14	Afro-Asiatic	260
626	382_tomoveasideaway	to move aside, away	ennemor	Inoric	fäḳäḳ balä	fæqˤæqˤ	f æ qˤ æ qˤ	inor1238	7.94883	37.7968	Afro-Asiatic	260
627	382_tomoveasideaway	to move aside, away	gyeto	Gyeta	fäḳäḳ balä	fæqˤæqˤ	f æ qˤ æ qˤ	gyet1241			Afro-Asiatic	260
5557	3033_tomoveconvulsivelytobeinpanicagitationagony	to move convulsively, to be in panic, agitation, agony	pws	West Semitic	*prpr	prpr	p r p r	west2786			Afro-Asiatic	1749
4227	2187_tomoveincircletoturntodance	to move in circle, to turn, to dance	pws	West Semitic	*gwl/*gyl	gwl	g w l	west2786			Afro-Asiatic	1259
6381	3536_tomoveslowlystepbystep	to move slowly, step by step	arabic	Arabic	wkb	wkb	w k b	arab1395			Afro-Asiatic	2014
6519	3622_tomovetoagitatetoshake	to move, to agitate, to shake	arabic	Arabic	zˁzˁ	zʕzʕ	z ʕ z ʕ	arab1395			Afro-Asiatic	2071
4284	2230_tomunchtochewtoeat	to munch, to chew, to eat	geez	Geez	ḥanaka	ħanaka	ħ a n a k a	geez1241	10.1342	40.6821	Afro-Asiatic	1266
3771	1944_tomurmur	to murmur	jewishpalestinianaramaic	Jewish Palestinian Aramaic	rnn	rnn	r n n	pale1261			Afro-Asiatic	1200
5246	2854_tomuzzle	to muzzle	pcs	Central Semitic	*ŝbm	ɬbm	ɬ b m	cent2236			Afro-Asiatic	1432
5247	2854_tomuzzle	to muzzle	ugaritic	Ugaritic	šbm	ʃbm	ʃ b m	ugar1238	35.6	35.78	Afro-Asiatic	1432
5892	3237_tomuzzletosilence	to muzzle, to silence	syriac	Classical Syriac	blm	blm	b l m	clas1252	37.1129	42.1432	Afro-Asiatic	1857
5004	2670_toneigh	to neigh	pws	West Semitic	*ṣhl	sˤhl	sˤ h l	west2786			Afro-Asiatic	1359
5005	2670_toneigh	to neigh	hebrew	Modern Hebrew	ṣhl	sˤhl	sˤ h l	hebr1245	31.1056	35.0179	Afro-Asiatic	1359
5006	2670_toneigh	to neigh	syriac	Classical Syriac	ṣhl	sˤhl	sˤ h l	clas1252	37.1129	42.1432	Afro-Asiatic	1359
5007	2670_toneigh	to neigh	arabic	Arabic	ṣhl	sˤhl	sˤ h l	arab1395			Afro-Asiatic	1359
5008	2671_toneighwhinny	to neigh, whinny	mehri	Mehri	ṣəhēl	sˤəheːl	sˤ ə h eː l	mehr1241	16.793	52.473	Afro-Asiatic	1359
5114	2750_toofferapresent	to offer a present	arabic	Arabic	ˀws	ʔws	ʔ w s	arab1395			Afro-Asiatic	1384
3530	1784_toofferfood	to offer food	mehri	Mehri	ˀāḏōr	ʔaːðoːr	ʔ aː ð oː r	mehr1241	16.793	52.473	Afro-Asiatic	1171
5091	2733_toopenmouthwide	to open mouth wide	pws	West Semitic	*pγr	pɣr	p ɣ r	west2786			Afro-Asiatic	1378
5095	2737_toopenonesmouth	to open one's mouth	arabic	Arabic	fγr	fɣr	f ɣ r	arab1395			Afro-Asiatic	1378
5093	2735_toopenthemouth	to open the mouth	hebrew	Modern Hebrew	pˁr	pʕr	p ʕ r	hebr1245	31.1056	35.0179	Afro-Asiatic	1378
6200	3416_toopenuppassway	to open up passway	sabaic	Sabaic	brr	brr	b r r	saba1279	15.42	45.35	Afro-Asiatic	1960
333	217_toordertocommand	to order, to command	arabic	Arabic	ˀmr	ʔmr	ʔ m r	arab1395			Afro-Asiatic	130
2851	1372_tooverhear	to overhear	gyeto	Gyeta	ač̣č̣ämā	ač̣č̣æmaː	a č̣ č̣ æ m aː	gyet1241			Afro-Asiatic	1019
2852	1372_tooverhear	to overhear	muher	Muher	ač̣č̣ämma-m	ač̣č̣æmma-m	a č̣ č̣ æ m m a m	muhe1234			Afro-Asiatic	1019
2847	1370_tooverheareavesdropnotanswerhavingbeencalled	to overhear, eavesdrop, not answer having been called	chaha	Chaha	ač̣č̣äma-m	ač̣č̣æma-m	a č̣ č̣ æ m a m	chah1248			Afro-Asiatic	1019
6359	3520_tooverlooktoovertop	to overlook, to overtop	arabic	Arabic	nwf	nwf	n w f	arab1395			Afro-Asiatic	1999
1976	981_tooverturnturnupsidedown	to overturn, turn upsidedown	arabic	Arabic	kbb	kbb	k b b	arab1395			Afro-Asiatic	862
4423	2338_toown	to own	jibbali	Jibbali	mɔ́lɔ́k	mɔ́lɔ́k	m ɔ́ l ɔ́ k	sheh1240	17.29154	53.99526	Afro-Asiatic	1283
2249	1056_toowntopossess	to own, to possess	amharic	Amharic	gäzza	gæzza	g æ z z a	amha1245	11.708182	39.543456	Afro-Asiatic	907
2265	1056_toowntopossess	to own, to possess	soddo	Soddo	gäzza	gæzza	g æ z z a	sodd1242			Afro-Asiatic	907
2252	1059_toowntopossesstoadministertogoverntorule	to own, to possess, to administer, to govern, to rule	selti	Silt'e	gäza	gæza	g æ z a	silt1240	7.77004	38.1449	Afro-Asiatic	907
2253	1059_toowntopossesstoadministertogoverntorule	to own, to possess, to administer, to govern, to rule	wolane	Wolane	gäzä	gæzæ	g æ z æ	wola1253	8.23	38.14	Afro-Asiatic	907
2254	1059_toowntopossesstoadministertogoverntorule	to own, to possess, to administer, to govern, to rule	zway	Zay	gäzā	gæzaː	g æ z aː	zayy1238	8.01148	38.8258	Afro-Asiatic	907
2256	1059_toowntopossesstoadministertogoverntorule	to own, to possess, to administer, to govern, to rule	chaha	Chaha	gäsa	gæsa	g æ s a	chah1248			Afro-Asiatic	907
2257	1059_toowntopossesstoadministertogoverntorule	to own, to possess, to administer, to govern, to rule	ezha	Ezha	gäzza	gæzza	g æ z z a	ezha1238			Afro-Asiatic	907
2258	1059_toowntopossesstoadministertogoverntorule	to own, to possess, to administer, to govern, to rule	endegen	Endegegny	gäzzaˀa	gæzzaʔa	g æ z z a ʔ a	eneg1238			Afro-Asiatic	907
2259	1059_toowntopossesstoadministertogoverntorule	to own, to possess, to administer, to govern, to rule	ennemor	Inoric	gäsa	gæsa	g æ s a	inor1238	7.94883	37.7968	Afro-Asiatic	907
2260	1059_toowntopossesstoadministertogoverntorule	to own, to possess, to administer, to govern, to rule	ennemor	Inoric	gäza	gæza	g æ z a	inor1238	7.94883	37.7968	Afro-Asiatic	907
2261	1059_toowntopossesstoadministertogoverntorule	to own, to possess, to administer, to govern, to rule	gyeto	Gyeta	gäza	gæza	g æ z a	gyet1241			Afro-Asiatic	907
2262	1059_toowntopossesstoadministertogoverntorule	to own, to possess, to administer, to govern, to rule	muher	Muher	gäzza	gæzza	g æ z z a	muhe1234			Afro-Asiatic	907
2263	1059_toowntopossesstoadministertogoverntorule	to own, to possess, to administer, to govern, to rule	masqan	Mesqan	gäzza	gæzza	g æ z z a	mesq1240	8.10617	38.3386	Afro-Asiatic	907
2264	1059_toowntopossesstoadministertogoverntorule	to own, to possess, to administer, to govern, to rule	gogot	Kistane	gäzza	gæzza	g æ z z a	kist1241	8.33561	38.4763	Afro-Asiatic	907
2266	1059_toowntopossesstoadministertogoverntorule	to own, to possess, to administer, to govern, to rule	soddo	Soddo	gäzza	gæzza	g æ z z a	sodd1242			Afro-Asiatic	907
2247	1054_toowntopossesstobuytopurchasetoacquirethecontroltoconquertosubjecttosubduetogoverntorulewithanironhandtoreigntolorditoversomeone	to own, to possess, to buy, to purchase, to acquire the control; to conquer, to subject, to subdue, to govern, to rule with an iron hand; to reign, to lord it over someone	tigrinya	Tigrinya	gäzˀe	gæzʔe	g æ z ʔ e	tigr1271	15.3359	38.9266	Afro-Asiatic	907
2615	1238_topainhurtafflict	to pain, hurt, afflict	mandaic	Classical Mandaic	kib, kab, kub	kib	k i b	clas1253	36.1203	49.5659	Afro-Asiatic	963
6190	3408_topaintoafflicttodistress	to pain, to afflict, to distress	arabic	Arabic	fǯˁ	fgʕ	f g ʕ	arab1395			Afro-Asiatic	1954
5621	3073_topalpatetomassage	to palpate, to massage	mehri	Mehri	fәrūz	fəruːz	f ə r uː z	mehr1241	16.793	52.473	Afro-Asiatic	1769
5622	3073_topalpatetomassage	to palpate, to massage	jibbali	Jibbali	férɔ́z	férɔ́z	f é r ɔ́ z	sheh1240	17.29154	53.99526	Afro-Asiatic	1769
5777	3164_topamper	to pamper	pws	West Semitic	*pnḳ	pnqˤ	p n qˤ	west2786			Afro-Asiatic	1808
5780	3164_topamper	to pamper	jewishbabylonianaramaic	Jewish Babylonian Aramaic (ca. 200-1200 CE)	pnḳ	pnqˤ	p n qˤ	jewi1240	32.273	44.245	Afro-Asiatic	1808
5782	3164_topamper	to pamper	mandaic	Classical Mandaic	pnḳ	pnqˤ	p n qˤ	clas1253	36.1203	49.5659	Afro-Asiatic	1808
6590	3680_topant	to pant	tigrinya	Tigrinya	(tä)säḥagä	sæħagæ	s æ ħ a g æ	tigr1271	15.3359	38.9266	Afro-Asiatic	2110
3754	1935_topantpuff	to pant, puff	hebrew	Modern Hebrew	nšm	nʃm	n ʃ m	hebr1245	31.1056	35.0179	Afro-Asiatic	1198
6588	3678_topantsob	to pant, sob	pes	East Semitic	*sḥg	sħg	s ħ g	east2678			Afro-Asiatic	2110
5350	2908_topardonforgivetohavemercy	to pardon, forgive, to have mercy	amharic	Amharic	marä	maræ	m a r æ	amha1245	11.708182	39.543456	Afro-Asiatic	1508
4767	2537_topartcompanyasenemies	to part company as enemies	tigre	Tigre	täfarädä	tæfarædæ	t æ f a r æ d æ	tigr1270	17.3494	38.2233	Afro-Asiatic	1317
4808	2537_topartcompanyasenemies	to part company as enemies	tigre	Tigre	täfarädä	tæfarædæ	t æ f a r æ d æ	tigr1270	17.3494	38.2233	Afro-Asiatic	1323
4720	2508_topartoneslegstoretiretowithdrawiitoseparatetodispersetodissipate	to part one’s legs; to retire, to withdraw; II. to separate, to disperse, to dissipate	arabic	Arabic	bdd	bdd	b d d	arab1395			Afro-Asiatic	1311
4328	2268_topassby	to pass by	geez	Geez	ḫalafa	xalafa	x a l a f a	geez1241	10.1342	40.6821	Afro-Asiatic	1272
4322	2262_topassbytoleavebehindtoreplace	to pass by, to leave behind, to replace	pws	West Semitic	*ḫlp	xlp	x l p	west2786			Afro-Asiatic	1272
3461	1733_topassjudgment	to pass judgment	pcs	Central Semitic	*ṯpṭ	θptˤ	θ p tˤ	cent2236			Afro-Asiatic	1164
3465	1733_topassjudgment	to pass judgment	hebrew	Modern Hebrew	špṭ	ʃptˤ	ʃ p tˤ	hebr1245	31.1056	35.0179	Afro-Asiatic	1164
4325	2265_topassontopassawayhiptochangetosubstitute	to pass on, to pass away; (hip.) to change, to substitute	hebrew	Modern Hebrew	ḥlp	ħlp	ħ l p	hebr1245	31.1056	35.0179	Afro-Asiatic	1272
6061	3334_topassgoover	to pass, go over	pws	West Semitic	ˁdy	ʕdj	ʕ d j	west2786			Afro-Asiatic	1924
638	392_topave	to pave	phoenician	Phoenician	rbd	rbd	r b d	phoe1239	34.12	35.65	Afro-Asiatic	281
5838	3204_topawthegroundtotearthegroundwithitshornsangrybull	to paw the ground, to tear the ground with its horns (angry bull)	amharic	Amharic	fälläsä	fællæsæ	f æ l l æ s æ	amha1245	11.708182	39.543456	Afro-Asiatic	1820
4339	2279_topayabrideprice	to pay a brideprice	mehri	Mehri	ḫəsōr	xəsoːr	x ə s oː r	mehr1241	16.793	52.473	Afro-Asiatic	1273
6030	3319_topeel	to peel	pws	West Semitic	*ḳŝr	qˤɬr	qˤ ɬ r	west2786			Afro-Asiatic	1908
6033	3319_topeel	to peel	mehri	Mehri	ḳəŝūr	qˤəɬuːr	qˤ ə ɬ uː r	mehr1241	16.793	52.473	Afro-Asiatic	1908
4577	2427_topeeloff	to peel off	geez	Geez	ḳarafa	qˤarafa	qˤ a r a f a	geez1241	10.1342	40.6821	Afro-Asiatic	1296
4576	2426_topeeloffthebarkofatree	to peel off the bark of a tree	arabic	Arabic	qrf	qrf	q r f	arab1395			Afro-Asiatic	1296
6032	3321_topeelscrape	to peel, scrape	geez	Geez	ḳaŝŝara	qˤaɬɬara	qˤ a ɬ ɬ a r a	geez1241	10.1342	40.6821	Afro-Asiatic	1908
6034	3322_topeelshell	to peel, shell	jibbali	Jibbali	ḳɔ́ŝɔ́r	qˤɔ́ɬɔ́r	qˤ ɔ́ ɬ ɔ́ r	sheh1240	17.29154	53.99526	Afro-Asiatic	1908
5839	3205_topenetrate	to penetrate	harari	Harari	fullāsa āša	fullaːsa	f u l l aː s a	hara1271	9.30485	42.1332	Afro-Asiatic	1820
6199	3415_toperforate	to perforate	pws	West Semitic	*brr	brr	b r r	west2786			Afro-Asiatic	1960
3596	1826_toperformdiligentlyperformzealously	to perform diligently, perform zealously	syriac	Classical Syriac	ḥpṭ	ħptˤ	ħ p tˤ	clas1252	37.1129	42.1432	Afro-Asiatic	1178
4724	2512_toperishtodisappeartodecay	to perish, to disappear, to decay	geez	Geez	badbada	badbada	b a d b a d a	geez1241	10.1342	40.6821	Afro-Asiatic	1311
4726	2512_toperishtodisappeartodecay	to perish, to disappear, to decay	tigre	Tigre	bädäd belä	bædæd	b æ d æ d	tigr1270	17.3494	38.2233	Afro-Asiatic	1311
5934	3260_topierce	to pierce	pws	West Semitic	*ptḳ	ptqˤ	p t qˤ	west2786			Afro-Asiatic	1878
5935	3260_topierce	to pierce	jewishbabylonianaramaic	Jewish Babylonian Aramaic (ca. 200-1200 CE)	ptḳ	ptqˤ	p t qˤ	jewi1240	32.273	44.245	Afro-Asiatic	1878
6350	3511_topiercetobeattohit	to pierce, to beat, to hit	geez	Geez	wagˀa	wagʔa	w a g ʔ a	geez1241	10.1342	40.6821	Afro-Asiatic	1997
6202	3418_topiercetomakeaholeinawaterjug	to pierce, to make a hole in a water jug	amharic	Amharic	bärrärä	bærræræ	b æ r r æ r æ	amha1245	11.708182	39.543456	Afro-Asiatic	1960
6201	3417_topiercetopenetratetogothrough	to pierce, to penetrate, to go through	geez	Geez	barara	barara	b a r a r a	geez1241	10.1342	40.6821	Afro-Asiatic	1960
5861	3221_topiercetosplit	to pierce, to split	jewishbabylonianaramaic	Jewish Babylonian Aramaic (ca. 200-1200 CE)	bzˁ	bzʕ	b z ʕ	jewi1240	32.273	44.245	Afro-Asiatic	1836
318	203_topileupinacircletoassemble	to pile up in a circle, to assemble	tigre	Tigre	ˁaggälä	ʕaggælæ	ʕ a g g æ l æ	tigr1270	17.3494	38.2233	Afro-Asiatic	129
647	400_topinchtotouch	to pinch, to touch	tigre	Tigre	č̣ämḳä	č̣æmqˤæ	č̣ æ m qˤ æ	tigr1270	17.3494	38.2233	Afro-Asiatic	287
5029	2690_toplait	to plait	pws	West Semitic	*ṣ̂pr	ɬˤpr	ɬˤ p r	west2786			Afro-Asiatic	1365
5034	2695_toplaitthehair	to plait the hair	mehri	Mehri	ẑəfūr	ɬ̬ˤəfuːr	ɬ̬ˤ ə f uː r	mehr1241	16.793	52.473	Afro-Asiatic	1365
5035	2695_toplaitthehair	to plait the hair	jibbali	Jibbali	ẓ̂ɔ́fɔ́r	ẓ̂ɔ́fɔ́r	ẓ̂ ɔ́ f ɔ́ r	sheh1240	17.29154	53.99526	Afro-Asiatic	1365
5032	2693_toplaittobraid	to plait, to braid	arabic	Arabic	ḍfr	dˤfr	dˤ f r	arab1395			Afro-Asiatic	1365
6365	3526_toplant	to plant	muher	Muher	täkkälä	tækkælæ	t æ k k æ l æ	muhe1234			Afro-Asiatic	2001
6366	3526_toplant	to plant	soddo	Soddo	täkkälä	tækkælæ	t æ k k æ l æ	sodd1242			Afro-Asiatic	2001
6362	3523_toplanttofasten	to plant, to fasten	tigre	Tigre	täklä	tæklæ	t æ k l æ	tigr1270	17.3494	38.2233	Afro-Asiatic	2001
6364	3525_toplanttofix	to plant, to fix	amharic	Amharic	täkkälä	tækkælæ	t æ k k æ l æ	amha1245	11.708182	39.543456	Afro-Asiatic	2001
6361	3522_toplanttofixtofastentoimplant	to plant, to fix, to fasten; to implant	geez	Geez	takala	takala	t a k a l a	geez1241	10.1342	40.6821	Afro-Asiatic	2001
6363	3524_toplanttosettle	to plant, to settle	tigrinya	Tigrinya	täkälä	tækælæ	t æ k æ l æ	tigr1271	15.3359	38.9266	Afro-Asiatic	2001
4682	2493_topleasesatisfy	to please, satisfy	sabaic	Sabaic	rṣ̂w, rṣ̂y	rɬˤw	r ɬˤ w	saba1279	15.42	45.35	Afro-Asiatic	1308
5545	3025_topolish	to polish	jibbali	Jibbali	férɔ́k	férɔ́k	f é r ɔ́ k	sheh1240	17.29154	53.99526	Afro-Asiatic	1745
5544	3024_topolishtorub	to polish, to rub	mehri	Mehri	fәrōk	fəroːk	f ə r oː k	mehr1241	16.793	52.473	Afro-Asiatic	1745
6035	3323_topollutetostain	to pollute, to stain	pes	East Semitic	*bkl	bkl	b k l	east2678			Afro-Asiatic	1916
2250	1057_topossess	to possess	argobba	Argobba	gäzza	gæzza	g æ z z a	argo1244	10.6596	39.756	Afro-Asiatic	907
4419	1057_topossess	to possess	arabic	Arabic	mlk	mlk	m l k	arab1395			Afro-Asiatic	1283
4422	1057_topossess	to possess	mehri	Mehri	məlūk	məluːk	m ə l uː k	mehr1241	16.793	52.473	Afro-Asiatic	1283
4421	2337_topossesstodominate	to possess; to dominate	geez	Geez	malaka	malaka	m a l a k a	geez1241	10.1342	40.6821	Afro-Asiatic	1283
6477	3594_topoundinamortar	to pound in a mortar	hebrew	Modern Hebrew	dwk	dwk	d w k	hebr1245	31.1056	35.0179	Afro-Asiatic	2042
5537	3020_topoundgrind	to pound, grind	syriac	Classical Syriac	prk	prk	p r k	clas1252	37.1129	42.1432	Afro-Asiatic	1745
6489	3599_topoundtogrind	to pound, to grind	ugaritic	Ugaritic	dkk	dkk	d k k	ugar1238	35.6	35.78	Afro-Asiatic	2044
6387	3540_topoundtobefinesmall	to pound; to be fine, small	pws	West Semitic	*dḳdḳ	dqˤdqˤ	d qˤ d qˤ	west2786			Afro-Asiatic	2017
5225	2838_topour	to pour	ugaritic	Ugaritic	šdy	ʃdj	ʃ d j	ugar1238	35.6	35.78	Afro-Asiatic	1423
6582	3672_topourouttocounterfeit	to pour out, to counterfeit	pws	West Semitic	*zγl	zɣl	z ɣ l	west2786			Afro-Asiatic	2108
5224	2837_topourtothrow	to pour, to throw	pcs	Central Semitic	*šdy	ʃdj	ʃ d j	cent2236			Afro-Asiatic	1423
4578	2428_topracticedivination	to practice divination	pws	West Semitic	*ḳsm	qˤsm	qˤ s m	west2786			Afro-Asiatic	1297
4583	2428_topracticedivination	to practice divination	geez	Geez	ˀastaḳsama	ʔastaqˤsama	ʔ a s t a qˤ s a m a	geez1241	10.1342	40.6821	Afro-Asiatic	1297
3589	1821_topraise	to praise	arabic	Arabic	ḥmd	ħmd	ħ m d	arab1395			Afro-Asiatic	1177
3590	1822_topraisetothank	to praise, to thank	sabaic	Sabaic	ḥmd	ħmd	ħ m d	saba1279	15.42	45.35	Afro-Asiatic	1177
3591	1822_topraisetothank	to praise, to thank	tigre	Tigre	ḥammädä	ħammædæ	ħ a m m æ d æ	tigr1270	17.3494	38.2233	Afro-Asiatic	1177
3592	1822_topraisetothank	to praise, to thank	mehri	Mehri	ḥəmūd	ħəmuːd	ħ ə m uː d	mehr1241	16.793	52.473	Afro-Asiatic	1177
5623	3074_topressoutpusfromawound	to press out (pus from a wound)	soqotri	Soqotri	féroz	féroz	f é r o z	soqo1240	12.4892	53.9168	Afro-Asiatic	1769
641	395_topresstosqueezetodrytoshrivelup	to press, to squeeze; to dry, to shrivel up	pws	West Semitic	*ṣmḳ	sˤmqˤ	sˤ m qˤ	west2786			Afro-Asiatic	287
3697	1896_toprevent	to prevent	sabaic	Sabaic	mnˁ	mnʕ	m n ʕ	saba1279	15.42	45.35	Afro-Asiatic	1190
3698	1896_toprevent	to prevent	minaean	Minaean	mnˁ	mnʕ	m n ʕ	mina1279	16.166667	44.672778	Afro-Asiatic	1190
5748	3148_toprickananimalsmouthwiththebit	to prick an animal's mouth with the bit	hebrew	Modern Hebrew	pāḳam	paːqˤam	p aː qˤ a m	hebr1245	31.1056	35.0179	Afro-Asiatic	1798
5823	3191_toprobethewoundtotrytoexaminetoelicitsomethingstrueorrealcondition	to probe the wound; to try, to examine, to elicit something’s true or real condition	arabic	Arabic	sbr	sbr	s b r	arab1395			Afro-Asiatic	1816
6439	3577_toproceedtoarrivetojointoadhereintransitive	to proceed, to arrive; to join, to adhere (intransitive)	sabaic	Sabaic	h-wṣl	h-wsˤl	h w sˤ l	saba1279	15.42	45.35	Afro-Asiatic	2034
4544	2413_toproducefruit	to produce fruit	amharic	Amharic	afärra	afærra	a f æ r r a	amha1245	11.708182	39.543456	Afro-Asiatic	1294
3377	1674_toprospertobegoodfor	to prosper, to be good for	hebrew	Modern Hebrew	ṣlḥ	sˤlħ	sˤ l ħ	hebr1245	31.1056	35.0179	Afro-Asiatic	1153
3124	1501_toprostituteoneself	to prostitute oneself	jewishbabylonianaramaic	Jewish Babylonian Aramaic (ca. 200-1200 CE)	gwp	gwp	g w p	jewi1240	32.273	44.245	Afro-Asiatic	1101
476	291_toprotecttosecure	to protect, to secure	qatabanian	Qatabanian	s₁- ˀmn	s₁-	s ¹	qata1238	14.8	45.733333	Afro-Asiatic	187
6	6_toprovidewatersupply	to provide watersupply	sabaic	Sabaic	rwy	rwj	r w j	saba1279	15.42	45.35	Afro-Asiatic	11
577	352_topulluptouprootplantstrees	to pull up, to uproot (plants, trees)	tigrinya	Tigrinya	bäḳḳʷäsä	bæqˤqˤʷæsæ	b æ qˤ qʷˤ æ s æ	tigr1271	15.3359	38.9266	Afro-Asiatic	225
4938	2626_topulldrag	to pull, drag	chaha	Chaha	šabä	ʃabæ	ʃ a b æ	chah1248			Afro-Asiatic	1351
4939	2626_topulldrag	to pull, drag	ezha	Ezha	šabä	ʃabæ	ʃ a b æ	ezha1238			Afro-Asiatic	1351
4940	2626_topulldrag	to pull, drag	endegen	Endegegny	šāmä	ʃaːmæ	ʃ aː m æ	eneg1238			Afro-Asiatic	1351
4941	2626_topulldrag	to pull, drag	ennemor	Inoric	šā̃m̲ä	ʃaː̃m̲æ	ʃ ãː m̲ æ	inor1238	7.94883	37.7968	Afro-Asiatic	1351
4942	2626_topulldrag	to pull, drag	gyeto	Gyeta	šām̲ä	ʃaːm̲æ	ʃ aː m̲ æ	gyet1241			Afro-Asiatic	1351
4943	2626_topulldrag	to pull, drag	muher	Muher	šabä	ʃabæ	ʃ a b æ	muhe1234			Afro-Asiatic	1351
4944	2626_topulldrag	to pull, drag	masqan	Mesqan	šabä	ʃabæ	ʃ a b æ	mesq1240	8.10617	38.3386	Afro-Asiatic	1351
4945	2626_topulldrag	to pull, drag	gogot	Kistane	sabä	sabæ	s a b æ	kist1241	8.33561	38.4763	Afro-Asiatic	1351
4946	2626_topulldrag	to pull, drag	gogot	Kistane	šabä	ʃabæ	ʃ a b æ	kist1241	8.33561	38.4763	Afro-Asiatic	1351
1481	745_topullulateswarminsectsants	to pullulate, swarm (insects, ants)	amharic	Amharic	fälla	fælla	f æ l l a	amha1245	11.708182	39.543456	Afro-Asiatic	673
6239	3435_topunishtotakevengeancetovindicatetoplead	to punish, to take vengeance; to vindicate, to plead	geez	Geez	tabaḳḳala	tabaqˤqˤala	t a b a qˤ qˤ a l a	geez1241	10.1342	40.6821	Afro-Asiatic	1965
2172	1025_topursuegametosearchafterathingtocollecttogether	to pursue game; to search after a thing; to collect together	arabic	Arabic	nǯš	ngʃ	n g ʃ	arab1395			Afro-Asiatic	895
2170	1023_topursuetoenclose	to pursue, to enclose	ugaritic	Ugaritic	ngš	ngʃ	n g ʃ	ugar1238	35.6	35.78	Afro-Asiatic	895
2169	1022_topushtopresstodrivetowork	to push, to press, to drive to work	pws	West Semitic	*ngŝ	ngɬ	n g ɬ	west2786			Afro-Asiatic	895
6637	3714_topushtothrust	to push, to thrust	pws	West Semitic	dfˁ	dfʕ	d f ʕ	west2786			Afro-Asiatic	2155
3751	1933_toput	to put	jibbali	Jibbali	nṣɔb	nsˤɔb	n sˤ ɔ b	sheh1240	17.29154	53.99526	Afro-Asiatic	1197
5771	3160_toputamorseloffoodinanothersmouthtofeed	to put a morsel of food in another’s mouth, to feed	geez	Geez	ˀafˀama	ʔafʔama	ʔ a f ʔ a m a	geez1241	10.1342	40.6821	Afro-Asiatic	1804
5248	2855_toputapieceofwoodcrosswiseinthemouthofakid	to put a piece of wood crosswise in the mouth of a kid	arabic	Arabic	šbm	ʃbm	ʃ b m	arab1395			Afro-Asiatic	1432
5569	3044_toputasidetoseparate	to put aside, to separate	pws	West Semitic	*prg	prg	p r g	west2786			Afro-Asiatic	1755
616	374_toputdowntomakedescendtobelowtoabate	to put down, to make descend; to be low, to abate	arabic	Arabic	ḥṭṭ	ħtˤtˤ	ħ tˤ tˤ	arab1395			Afro-Asiatic	256
5562	3038_toputinastateofcommotionagitation	to put in a state of commotion, agitation	arabic	Arabic	frfr	frfr	f r f r	arab1395			Afro-Asiatic	1749
4293	2238_toputunderrestraint	to put under restraint	sabaic	Sabaic	ḥrm	ħrm	ħ r m	saba1279	15.42	45.35	Afro-Asiatic	1267
4265	2220_toputupasunshadesheltertent	to put up a sunshade, shelter, tent	mehri	Mehri	ḫədōr	xədoːr	x ə d oː r	mehr1241	16.793	52.473	Afro-Asiatic	1264
5938	3263_toputrefy	to putrefy	pes	East Semitic	*bsbs	bsbs	b s b s	east2678			Afro-Asiatic	1884
6643	3720_toreachtobesufficient	to reach, to be sufficient	hebrew	Modern Hebrew	ŝpḳ	ɬpqˤ	ɬ p qˤ	hebr1245	31.1056	35.0179	Afro-Asiatic	2160
3675	1879_toread	to read	mehri	Mehri	ḳərū	qˤəruː	qˤ ə r uː	mehr1241	16.793	52.473	Afro-Asiatic	1187
3674	1878_toreadprayerstorecite	to read prayers, to recite	tigre	Tigre	ḳärˀa	qˤærʔa	qˤ æ r ʔ a	tigr1270	17.3494	38.2233	Afro-Asiatic	1187
4363	2297_toreceive	to receive	qatabanian	Qatabanian	ḳbl	qˤbl	qˤ b l	qata1238	14.8	45.733333	Afro-Asiatic	1276
5090	2732_toreceiveauthoritypermission	to receive authority, permission	geez	Geez	boḥa	boħa	b o ħ a	geez1241	10.1342	40.6821	Afro-Asiatic	1376
4359	2293_toreceivetoaccept	to receive, to accept	arabic	Arabic	qbl	qbl	q b l	arab1395			Afro-Asiatic	1276
6383	3538_toreceivetogaintofindtoencounter	to receive, to gain; to find, to encounter	sabaic	Sabaic	wkb	wkb	w k b	saba1279	15.42	45.35	Afro-Asiatic	2014
6500	3608_toreclineatthetable	to recline (at the table)	geez	Geez	rafaḳa	rafaqˤa	r a f a qˤ a	geez1241	10.1342	40.6821	Afro-Asiatic	2046
3421	1706_torecompensetorewardoneswork	to recompense, to reward one’s work	arabic	Arabic	škr	ʃkr	ʃ k r	arab1395			Afro-Asiatic	1158
6460	3587_toreconcile	to reconcile	pes	East Semitic	*ˁrḳ	ʕrqˤ	ʕ r qˤ	east2678			Afro-Asiatic	2038
6461	3587_toreconcile	to reconcile	geez	Geez	ˁarḳa, ˁaraḳa	ʕarqˤa	ʕ a r qˤ a	geez1241	10.1342	40.6821	Afro-Asiatic	2038
6463	3587_toreconcile	to reconcile	tigrinya	Tigrinya	ˁaräḳ̌ä	ʕaræqˤ̌æ	ʕ a r æ qˤ̌ æ	tigr1271	15.3359	38.9266	Afro-Asiatic	2038
6464	3587_toreconcile	to reconcile	amharic	Amharic	arräḳä	arræqˤæ	a r r æ qˤ æ	amha1245	11.708182	39.543456	Afro-Asiatic	2038
6467	3587_toreconcile	to reconcile	argobba	Argobba	harräḳa, herräḳ	harræqˤa	h a r r æ qˤ a	argo1244	10.6596	39.756	Afro-Asiatic	2038
6468	3587_toreconcile	to reconcile	endegen	Endegegny	astāräḳä	astaːræqˤæ	a s t aː r æ qˤ æ	eneg1238			Afro-Asiatic	2038
6469	3587_toreconcile	to reconcile	muher	Muher	atarräḳä	atarræqˤæ	a t a r r æ qˤ æ	muhe1234			Afro-Asiatic	2038
6470	3587_toreconcile	to reconcile	gogot	Kistane	atarräˀä	atarræʔæ	a t a r r æ ʔ æ	kist1241	8.33561	38.4763	Afro-Asiatic	2038
6471	3587_toreconcile	to reconcile	soddo	Soddo	atarräḳä	atarræqˤæ	a t a r r æ qˤ æ	sodd1242			Afro-Asiatic	2038
4670	2481_toreconciletoappeasetocalm	to reconcile, to appease, to calm	arabic	Arabic	rfˀ	rfʔ	r f ʔ	arab1395			Afro-Asiatic	1306
6539	3641_toreducelowerdiminish	to reduce, lower, diminish	arabic	Arabic	γḍḍ	ɣdˤdˤ	ɣ dˤ dˤ	arab1395			Afro-Asiatic	2091
104	76_torefreshostorefreshsotoproviderelief	to refresh o.s.; to refresh s.o., to provide relief	christianpalestinianaramaic	Christian Palestinian Aramaic	ḳrr	qˤrr	qˤ r r	chri1239			Afro-Asiatic	83
1102	595_torefuse	to refuse	arabic	Arabic	ˀby	ʔbj	ʔ b j	arab1395			Afro-Asiatic	573
1103	595_torefuse	to refuse	minaean	Minaean	ˀby	ʔbj	ʔ b j	mina1279	16.166667	44.672778	Afro-Asiatic	573
1104	595_torefuse	to refuse	geez	Geez	ˀabaya	ʔabaja	ʔ a b a j a	geez1241	10.1342	40.6821	Afro-Asiatic	573
4418	2336_toreigntorule	to reign, to rule	ugaritic	Ugaritic	mlk	mlk	m l k	ugar1238	35.6	35.78	Afro-Asiatic	1283
1125	611_torejoice	to rejoice	syriac	Classical Syriac	pṣḥ	psˤħ	p sˤ ħ	clas1252	37.1129	42.1432	Afro-Asiatic	581
6178	611_torejoice	to rejoice	pws	West Semitic	*pŝḥ	pɬħ	p ɬ ħ	west2786			Afro-Asiatic	1951
6180	3398_torejoicetobegladtobecomforted	to rejoice, to be glad, to be comforted	geez	Geez	tafaŝŝəḥa	tafaɬɬəħa	t a f a ɬ ɬ ə ħ a	geez1241	10.1342	40.6821	Afro-Asiatic	1951
6181	3399_torejoicetobehappy	to rejoice, to be happy	tigrinya	Tigrinya	täfäŝŝəḥe	tæfæɬɬəħe	t æ f æ ɬ ɬ ə ħ e	tigr1271	15.3359	38.9266	Afro-Asiatic	1951
4675	2486_torelax	to relax	pws	West Semitic	*rpy	rpj	r p j	west2786			Afro-Asiatic	1307
2688	1289_torelievethebowelsexcrete	to relieve the bowels, excrete	mandaic	Classical Mandaic	hra	hra	h r a	clas1253	36.1203	49.5659	Afro-Asiatic	988
3383	1680_toremain	to remain	pcs	Central Semitic	*šˀr	ʃʔr	ʃ ʔ r	cent2236			Afro-Asiatic	1154
3384	1680_toremain	to remain	ugaritic	Ugaritic	šˀr	ʃʔr	ʃ ʔ r	ugar1238	35.6	35.78	Afro-Asiatic	1154
3387	1680_toremain	to remain	arabic	Arabic	sˀr	sʔr	s ʔ r	arab1395			Afro-Asiatic	1154
6073	3343_toremaintobeleft	to remain, to be left	pws	West Semitic	*trp	trp	t r p	west2786			Afro-Asiatic	1928
1478	742_toremovelice	to remove lice	jewishpalestinianaramaic	Jewish Palestinian Aramaic	ply	plj	p l j	pale1261			Afro-Asiatic	673
6266	3456_toremovethepelliclesfromgraintomoworreapclosetotheground	to remove the pellicles from grain; to mow or reap close to the ground	amharic	Amharic	fättägä	fættægæ	f æ t t æ g æ	amha1245	11.708182	39.543456	Afro-Asiatic	1970
5859	3219_torendtosplit	to rend, to split	jewishpalestinianaramaic	Jewish Palestinian Aramaic	bzˁ	bzʕ	b z ʕ	pale1261			Afro-Asiatic	1836
3294	1624_torenderallowable	to render allowable	tigre	Tigre	ḥallälä	ħallælæ	ħ a l l æ l æ	tigr1270	17.3494	38.2233	Afro-Asiatic	1135
2588	1214_torenderunable	to render unable	tigre	Tigre	ḥallälä	ħallælæ	ħ a l l æ l æ	tigr1270	17.3494	38.2233	Afro-Asiatic	957
5928	3255_torenderunfitinvalidated	to render unfit, invalidated	jewishbabylonianaramaic	Jewish Babylonian Aramaic (ca. 200-1200 CE)	psl	psl	p s l	jewi1240	32.273	44.245	Afro-Asiatic	1875
4297	2241_torepenttoswearnottodosomething	to repent; to swear not to do something	mehri	Mehri	ḥōrəm	ħoːrəm	ħ oː r ə m	mehr1241	16.793	52.473	Afro-Asiatic	1267
3477	1744_torequite	to requite	mehri	Mehri	ṯwūb	θwuːb	θ w uː b	mehr1241	16.793	52.473	Afro-Asiatic	1165
3478	1744_torequite	to requite	jibbali	Jibbali	ṯɔ́b	θɔ́b	θ ɔ́ b	sheh1240	17.29154	53.99526	Afro-Asiatic	1165
5490	2988_toreservesthforexclusiveuse	to reserve sth for exclusive use	sabaic	Sabaic	ḥgr	ħgr	ħ g r	saba1279	15.42	45.35	Afro-Asiatic	1672
3393	1688_torest	to rest	ugaritic	Ugaritic	šlw	ʃlw	ʃ l w	ugar1238	35.6	35.78	Afro-Asiatic	1155
3396	1688_torest	to rest	syriac	Classical Syriac	šly	ʃlj	ʃ l j	clas1252	37.1129	42.1432	Afro-Asiatic	1155
4273	2226_torestrain	to restrain	geez	Geez	taḥakama	taħakama	t a ħ a k a m a	geez1241	10.1342	40.6821	Afro-Asiatic	1265
5889	2226_torestrain	to restrain	hebrew	Modern Hebrew	blm	blm	b l m	hebr1245	31.1056	35.0179	Afro-Asiatic	1857
5888	3235_torestraintobesilent	to restrain, to be silent	pcs	Central Semitic	*blm	blm	b l m	cent2236			Afro-Asiatic	1857
3469	1740_toreturn	to return	pcs	Central Semitic	*ṯwb	θwb	θ w b	cent2236			Afro-Asiatic	1165
3470	1740_toreturn	to return	ugaritic	Ugaritic	ṯwb	θwb	θ w b	ugar1238	35.6	35.78	Afro-Asiatic	1165
3471	1740_toreturn	to return	hebrew	Modern Hebrew	šwb	ʃwb	ʃ w b	hebr1245	31.1056	35.0179	Afro-Asiatic	1165
3472	1740_toreturn	to return	syriac	Classical Syriac	twb	twb	t w b	clas1252	37.1129	42.1432	Afro-Asiatic	1165
3473	1740_toreturn	to return	arabic	Arabic	ṯwb	θwb	θ w b	arab1395			Afro-Asiatic	1165
4089	1740_toreturn	to return	arabic	Arabic	ˁwd	ʕwd	ʕ w d	arab1395			Afro-Asiatic	1245
4090	1740_toreturn	to return	sabaic	Sabaic	ˁwd	ʕwd	ʕ w d	saba1279	15.42	45.35	Afro-Asiatic	1245
4200	1740_toreturn	to return	pws	West Semitic	*gbˀ	gbʔ	g b ʔ	west2786			Afro-Asiatic	1256
4206	2177_toreturnhometolivetoreside	to return home, to live, to reside	harari	Harari	gäbaˀa	gæbaʔa	g æ b a ʔ a	hara1271	9.30485	42.1332	Afro-Asiatic	1256
4201	2172_toreturntocomebacktoenter	to return, to come back; to enter	geez	Geez	gabˀa	gabʔa	g a b ʔ a	geez1241	10.1342	40.6821	Afro-Asiatic	1256
6083	3348_torevengeonesblood	to revenge one’s blood	arabic	Arabic	ṯˀr	θʔr	θ ʔ r	arab1395			Afro-Asiatic	1929
6240	3436_torevengetoavenge	to revenge, to avenge	tigrinya	Tigrinya	täbäḳḳälä	tæbæqˤqˤælæ	t æ b æ qˤ qˤ æ l æ	tigr1271	15.3359	38.9266	Afro-Asiatic	1965
3774	1946_toreverberatetoring	to reverberate, to ring	mehri	Mehri	rən	rən	r ə n	mehr1241	16.793	52.473	Afro-Asiatic	1200
3775	1946_toreverberatetoring	to reverberate, to ring	jibbali	Jibbali	rin	rin	r i n	sheh1240	17.29154	53.99526	Afro-Asiatic	1200
3418	1703_torewardtohire	to reward, to hire	pcs	Central Semitic	*ŝkr	ɬkr	ɬ k r	cent2236			Afro-Asiatic	1158
5253	2859_toriptoscratch	to rip, to scratch	ugaritic	Ugaritic	ydy	jdj	j d j	ugar1238	35.6	35.78	Afro-Asiatic	1434
631	386_toriseheavenlybodies	to rise (heavenly bodies)	soqotri	Soqotri	néfog	néfog	n é f o g	soqo1240	12.4892	53.9168	Afro-Asiatic	262
5147	2773_torisesun	to rise (sun)	hebrew	Modern Hebrew	zrḥ	zrħ	z r ħ	hebr1245	31.1056	35.0179	Afro-Asiatic	1397
1995	988_torisearise	to rise, arise	syriac	Classical Syriac	ḳwm	qˤwm	qˤ w m	clas1252	37.1129	42.1432	Afro-Asiatic	866
3194	1557_torisediffuseitselfwindodourtomakeanoisewind	to rise, diffuse itself (wind, odour); to make a noise (wind)	arabic	Arabic	fwḫ	fwx	f w x	arab1395			Afro-Asiatic	1118
1994	987_torisetogetup	to rise, to get up	hebrew	Modern Hebrew	ḳwm	qˤwm	qˤ w m	hebr1245	31.1056	35.0179	Afro-Asiatic	866
5146	2772_torisetoshinesun	to rise, to shine (sun)	pcs	Central Semitic	*ḏrḥ	ðrħ	ð r ħ	cent2236			Afro-Asiatic	1397
323	207_toroll	to roll	soqotri	Soqotri	egˁáyľiľ	egʕájlil	e g ʕ á j l i l	soqo1240	12.4892	53.9168	Afro-Asiatic	129
6056	3333_toropeananimaltomilkortokillittomakeanopponentfallbyintertwiningoneslegswithhistokidnapagirltomarryhertosnatchaway	to rope an animal to milk or to kill it; to make an opponent fall by intertwining one’s legs with his; to kidnap a girl to marry her; to snatch away	endegen	Endegegny	ṭäläfä	tˤælæfæ	tˤ æ l æ f æ	eneg1238			Afro-Asiatic	1921
6057	3333_toropeananimaltomilkortokillittomakeanopponentfallbyintertwiningoneslegswithhistokidnapagirltomarryhertosnatchaway	to rope an animal to milk or to kill it; to make an opponent fall by intertwining one’s legs with his; to kidnap a girl to marry her; to snatch away	muher	Muher	ṭälläfä	tˤællæfæ	tˤ æ l l æ f æ	muhe1234			Afro-Asiatic	1921
6058	3333_toropeananimaltomilkortokillittomakeanopponentfallbyintertwiningoneslegswithhistokidnapagirltomarryhertosnatchaway	to rope an animal to milk or to kill it; to make an opponent fall by intertwining one’s legs with his; to kidnap a girl to marry her; to snatch away	masqan	Mesqan	ṭälläfä	tˤællæfæ	tˤ æ l l æ f æ	mesq1240	8.10617	38.3386	Afro-Asiatic	1921
6059	3333_toropeananimaltomilkortokillittomakeanopponentfallbyintertwiningoneslegswithhistokidnapagirltomarryhertosnatchaway	to rope an animal to milk or to kill it; to make an opponent fall by intertwining one’s legs with his; to kidnap a girl to marry her; to snatch away	gogot	Kistane	ṭälläfä	tˤællæfæ	tˤ æ l l æ f æ	kist1241	8.33561	38.4763	Afro-Asiatic	1921
6060	3333_toropeananimaltomilkortokillittomakeanopponentfallbyintertwiningoneslegswithhistokidnapagirltomarryhertosnatchaway	to rope an animal to milk or to kill it; to make an opponent fall by intertwining one’s legs with his; to kidnap a girl to marry her; to snatch away	soddo	Soddo	ṭälläfä	tˤællæfæ	tˤ æ l l æ f æ	sodd1242			Afro-Asiatic	1921
5538	3021_torubandpressathingsothatitsintegumentbecomesstrippedofffromitskerneltorobandpresstheearsofcornsothatthekernelsbecomedivestedoftheirhusks	to rub and press a thing so that its integument becomes stripped off from its kernel, to rob and press the ears of corn so that the kernels become divested of their husks	arabic	Arabic	frk	frk	f r k	arab1395			Afro-Asiatic	1745
6492	3600_torubtogrind	to rub, to grind	tigre	Tigre	däkkä	dækkæ	d æ k k æ	tigr1270	17.3494	38.2233	Afro-Asiatic	2044
4417	2335_torule	to rule	pws	West Semitic	*mlk	mlk	m l k	west2786			Afro-Asiatic	1283
2246	1053_torulegovernpossess	to rule, govern, possess	tigre	Tigre	gäzˀa	gæzʔa	g æ z ʔ a	tigr1270	17.3494	38.2233	Afro-Asiatic	907
2177	1030_toruletobeking	to rule, to be king	geez	Geez	nagŝa	nagɬa	n a g ɬ a	geez1241	10.1342	40.6821	Afro-Asiatic	896
2178	1030_toruletobeking	to rule, to be king	tigre	Tigre	nägsä	nægsæ	n æ g s æ	tigr1270	17.3494	38.2233	Afro-Asiatic	896
2179	1030_toruletobeking	to rule, to be king	tigrinya	Tigrinya	nägäsä	nægæsæ	n æ g æ s æ	tigr1271	15.3359	38.9266	Afro-Asiatic	896
2180	1030_toruletobeking	to rule, to be king	amharic	Amharic	näggäsä	næggæsæ	n æ g g æ s æ	amha1245	11.708182	39.543456	Afro-Asiatic	896
2181	1030_toruletobeking	to rule, to be king	harari	Harari	nägäsä	nægæsæ	n æ g æ s æ	hara1271	9.30485	42.1332	Afro-Asiatic	896
2182	1030_toruletobeking	to rule, to be king	soddo	Soddo	näggäsä	næggæsæ	n æ g g æ s æ	sodd1242			Afro-Asiatic	896
2251	1058_toruletoown	to rule, to own	harari	Harari	gäzaˀa	gæzaʔa	g æ z a ʔ a	hara1271	9.30485	42.1332	Afro-Asiatic	907
4687	2497_torun	to run	pws	West Semitic	*rwṯ̣	rwθˤ	r w θˤ	west2786			Afro-Asiatic	1309
4689	2497_torun	to run	hebrew	Modern Hebrew	rwṣ	rwsˤ	r w sˤ	hebr1245	31.1056	35.0179	Afro-Asiatic	1309
4691	2497_torun	to run	geez	Geez	roṣa	rosˤa	r o sˤ a	geez1241	10.1342	40.6821	Afro-Asiatic	1309
4692	2497_torun	to run	amharic	Amharic	roṭä	rotˤæ	r o tˤ æ	amha1245	11.708182	39.543456	Afro-Asiatic	1309
4693	2497_torun	to run	argobba	Argobba	roṭa	rotˤa	r o tˤ a	argo1244	10.6596	39.756	Afro-Asiatic	1309
4694	2497_torun	to run	harari	Harari	rōṭa	roːtˤa	r oː tˤ a	hara1271	9.30485	42.1332	Afro-Asiatic	1309
4695	2497_torun	to run	selti	Silt'e	räwwäṭä	ræwwætˤæ	r æ w w æ tˤ æ	silt1240	7.77004	38.1449	Afro-Asiatic	1309
4696	2497_torun	to run	wolane	Wolane	räwäṭä	ræwætˤæ	r æ w æ tˤ æ	wola1253	8.23	38.14	Afro-Asiatic	1309
4697	2497_torun	to run	gafat	Gafat	räṣä	ræsˤæ	r æ sˤ æ	gafa1240	11.5764	39.5605	Afro-Asiatic	1309
4698	2497_torun	to run	chaha	Chaha	noṭä	notˤæ	n o tˤ æ	chah1248			Afro-Asiatic	1309
4699	2497_torun	to run	chaha	Chaha	täroṭä	tærotˤæ	t æ r o tˤ æ	chah1248			Afro-Asiatic	1309
4700	2497_torun	to run	ezha	Ezha	noṭä	notˤæ	n o tˤ æ	ezha1238			Afro-Asiatic	1309
4701	2497_torun	to run	ezha	Ezha	täroṭä	tærotˤæ	t æ r o tˤ æ	ezha1238			Afro-Asiatic	1309
4702	2497_torun	to run	endegen	Endegegny	näwwäˀä	næwwæʔæ	n æ w w æ ʔ æ	eneg1238			Afro-Asiatic	1309
4703	2497_torun	to run	ennemor	Inoric	tärãwä̃ˀä̃	tærãwæ̃ʔæ̃	t æ r ã w æ̃ ʔ æ̃	inor1238	7.94883	37.7968	Afro-Asiatic	1309
4704	2497_torun	to run	gyeto	Gyeta	tärawäṭä	tærawætˤæ	t æ r a w æ tˤ æ	gyet1241			Afro-Asiatic	1309
4705	2497_torun	to run	muher	Muher	ärǫṭä	ærǫtˤæ	æ r ǫ tˤ æ	muhe1234			Afro-Asiatic	1309
4706	2497_torun	to run	muher	Muher	tärǫṭä	tærǫtˤæ	t æ r ǫ tˤ æ	muhe1234			Afro-Asiatic	1309
4707	2497_torun	to run	masqan	Mesqan	roṭä	rotˤæ	r o tˤ æ	mesq1240	8.10617	38.3386	Afro-Asiatic	1309
4708	2497_torun	to run	masqan	Mesqan	äroṭä	ærotˤæ	æ r o tˤ æ	mesq1240	8.10617	38.3386	Afro-Asiatic	1309
4709	2497_torun	to run	gogot	Kistane	äroṭä	ærotˤæ	æ r o tˤ æ	kist1241	8.33561	38.4763	Afro-Asiatic	1309
4710	2497_torun	to run	soddo	Soddo	äräwwäṭä	æræwwætˤæ	æ r æ w w æ tˤ æ	sodd1242			Afro-Asiatic	1309
3442	1721_torunawaytoescape	to run away, to escape	hebrew	Modern Hebrew	ŝrd	ɬrd	ɬ r d	hebr1245	31.1056	35.0179	Afro-Asiatic	1161
245	155_torunawaytoflee	to run away, to flee	pws	West Semitic	*pr	pr	p r	west2786			Afro-Asiatic	118
4835	155_torunawaytoflee	to run away, to flee	mehri	Mehri	fəẑ	fəɬ̬ˤ	f ə ɬ̬ˤ	mehr1241	16.793	52.473	Afro-Asiatic	1325
6136	155_torunawaytoflee	to run away, to flee	hebrew	Modern Hebrew	brḥ	brħ	b r ħ	hebr1245	31.1056	35.0179	Afro-Asiatic	1939
2320	1079_torunslowly	to run slowly	arabic	Arabic	kdkd	kdkd	k d k d	arab1395			Afro-Asiatic	915
4986	2656_torunuponthesurfaceoftheearth	to run upon the surface of the earth	arabic	Arabic	syḥ	sjħ	s j ħ	arab1395			Afro-Asiatic	1356
4688	2498_toruncompete	to run, compete	ugaritic	Ugaritic	rṯ̣	rθˤ	r θˤ	ugar1238	35.6	35.78	Afro-Asiatic	1309
4690	2499_torungo	to run, go	syriac	Classical Syriac	rhṭ	rhtˤ	r h tˤ	clas1252	37.1129	42.1432	Afro-Asiatic	1309
5911	3242_torupturetosplit	to rupture, to split	jewishbabylonianaramaic	Jewish Babylonian Aramaic (ca. 200-1200 CE)	pḳˁ	pqˤʕ	p qˤ ʕ	jewi1240	32.273	44.245	Afro-Asiatic	1859
6647	3723_tosatiate	to satiate	sabaic	Sabaic	s₂pḳ	s₂pqˤ	s ² p qˤ	saba1279	15.42	45.35	Afro-Asiatic	2160
326	210_tosay	to say	pcs	Central Semitic	*ˀmr	ʔmr	ʔ m r	cent2236			Afro-Asiatic	130
4377	210_tosay	to say	pws	West Semitic	*ḳwl	qˤwl	qˤ w l	west2786			Afro-Asiatic	1278
4378	210_tosay	to say	arabic	Arabic	qwl	qwl	q w l	arab1395			Afro-Asiatic	1278
331	215_tosayspeak	to say, speak	mandaic	Classical Mandaic	amr	amr	a m r	clas1253	36.1203	49.5659	Afro-Asiatic	130
329	213_tosaytell	to say, tell	jewishbabylonianaramaic	Jewish Babylonian Aramaic (ca. 200-1200 CE)	ˀmr	ʔmr	ʔ m r	jewi1240	32.273	44.245	Afro-Asiatic	130
330	214_tosaytosupposeconsidertoorder	to say; to suppose, consider; to order	syriac	Classical Syriac	ˀmr	ʔmr	ʔ m r	clas1252	37.1129	42.1432	Afro-Asiatic	130
328	212_tosaytothinktointendtogiveorders	to say; to think; to intend; to give orders	hebrew	Modern Hebrew	ˀmr	ʔmr	ʔ m r	hebr1245	31.1056	35.0179	Afro-Asiatic	130
71	49_toscatter	to scatter	hebrew	Modern Hebrew	bzr	bzr	b z r	hebr1245	31.1056	35.0179	Afro-Asiatic	54
72	49_toscatter	to scatter	officialaramaic	Middle-Modern Aramaic	bdr	bdr	b d r	midd1367			Afro-Asiatic	54
76	49_toscatter	to scatter	samaritan	Samaritan	bdr	bdr	b d r	sama1313	32.0817	35.4487	Afro-Asiatic	54
70	48_toscatter	to scatter (?)	pws	West Semitic	*bḏr-	bðr-	b ð r	west2786			Afro-Asiatic	54
77	53_toscatterspreadtakeroot	to scatter, spread; take root	jewishbabylonianaramaic	Jewish Babylonian Aramaic (ca. 200-1200 CE)	bdr	bdr	b d r	jewi1240	32.273	44.245	Afro-Asiatic	54
78	54_toscattertodispersetosprinkleon	to scatter, to disperse, to sprinkle on	syriac	Classical Syriac	bdr	bdr	b d r	clas1252	37.1129	42.1432	Afro-Asiatic	54
4017	2069_toscintillate	to scintillate	harari	Harari	bilič̣ bāyä	bilič̣	b i l i č̣	hara1271	9.30485	42.1332	Afro-Asiatic	1234
5313	2888_toscoopalittlewater	to scoop a little water	jibbali	Jibbali	ṭéfaḥ	tˤéfaħ	tˤ é f a ħ	sheh1240	17.29154	53.99526	Afro-Asiatic	1481
6544	3646_toscoopup	to scoop up	pws	West Semitic	*γrp	ɣrp	ɣ r p	west2786			Afro-Asiatic	2098
6547	3649_toscoopupuswater	to scoop up (us. water)	jibbali	Jibbali	γárɔ́f	ɣárɔ́f	ɣ á r ɔ́ f	sheh1240	17.29154	53.99526	Afro-Asiatic	2098
4575	2425_toscratchoff	to scratch off	pws	West Semitic	*ḳrp	qˤrp	qˤ r p	west2786			Afro-Asiatic	1296
5629	3080_toscratchtotear	to scratch, to tear	geez	Geez	baḳʷˁa	baqˤʷʕa	b a qʷˤ ʕ a	geez1241	10.1342	40.6821	Afro-Asiatic	1770
5852	3216_tosculpt	to sculpt	palmyrean	Palmyrene	psl	psl	p s l	palm1242			Afro-Asiatic	1826
5853	3216_tosculpt	to sculpt	nabataean	Nabatean	psl	psl	p s l	naba1259			Afro-Asiatic	1826
2932	1417_toseasonwithsalt	to season with salt	geez	Geez	malləḥa	malləħa	m a l l ə ħ a	geez1241	10.1342	40.6821	Afro-Asiatic	1051
4623	2446_toseduce	to seduce	ugaritic	Ugaritic	pty	ptj	p t j	ugar1238	35.6	35.78	Afro-Asiatic	1301
688	427_tosee	to see	pws	West Semitic	*rˀy	rʔj	r ʔ j	west2786			Afro-Asiatic	330
689	427_tosee	to see	phoenician	Phoenician	rˀy	rʔj	r ʔ j	phoe1239	34.12	35.65	Afro-Asiatic	330
690	427_tosee	to see	hebrew	Modern Hebrew	rˀy	rʔj	r ʔ j	hebr1245	31.1056	35.0179	Afro-Asiatic	330
691	427_tosee	to see	arabic	Arabic	rˀy	rʔj	r ʔ j	arab1395			Afro-Asiatic	330
692	427_tosee	to see	sabaic	Sabaic	rˀy	rʔj	r ʔ j	saba1279	15.42	45.35	Afro-Asiatic	330
693	427_tosee	to see	geez	Geez	rəˀəya	rəʔəja	r ə ʔ ə j a	geez1241	10.1342	40.6821	Afro-Asiatic	330
694	427_tosee	to see	tigre	Tigre	räˀa	ræʔa	r æ ʔ a	tigr1270	17.3494	38.2233	Afro-Asiatic	330
695	427_tosee	to see	tigrinya	Tigrinya	räˀayä	ræʔajæ	r æ ʔ a j æ	tigr1271	15.3359	38.9266	Afro-Asiatic	330
697	427_tosee	to see	harari	Harari	riˀa	riʔa	r i ʔ a	hara1271	9.30485	42.1332	Afro-Asiatic	330
698	427_tosee	to see	zway	Zay	ərī	əriː	ə r iː	zayy1238	8.01148	38.8258	Afro-Asiatic	330
5145	427_tosee	to see	arabic	Arabic	bṣr	bsˤr	b sˤ r	arab1395			Afro-Asiatic	1395
5143	2770_toseetowatch	to see, to watch	pcs	Central Semitic	*bṣr	bsˤr	b sˤ r	cent2236			Afro-Asiatic	1395
4579	2429_toseekdivinationtopredict	to seek divination, to predict	hebrew	Modern Hebrew	ḳsm	qˤsm	qˤ s m	hebr1245	31.1056	35.0179	Afro-Asiatic	1297
3528	1782_toseekpardon	to seek pardon	sabaic	Sabaic	s₁tˁḏr	s₁tʕðr	s ¹ t ʕ ð r	saba1279	15.42	45.35	Afro-Asiatic	1171
4591	2438_tosend	to send	pws	West Semitic	*lˀk	lʔk	l ʔ k	west2786			Afro-Asiatic	1299
4599	2438_tosend	to send	amharic	Amharic	lakä	lakæ	l a k æ	amha1245	11.708182	39.543456	Afro-Asiatic	1299
4601	2438_tosend	to send	harari	Harari	laˀaxa,  lāxa	laʔaxa	l a ʔ a x a	hara1271	9.30485	42.1332	Afro-Asiatic	1299
4602	2438_tosend	to send	selti	Silt'e	lāhä	laːhæ	l aː h æ	silt1240	7.77004	38.1449	Afro-Asiatic	1299
4603	2438_tosend	to send	wolane	Wolane	lahä	lahæ	l a h æ	wola1253	8.23	38.14	Afro-Asiatic	1299
4604	2438_tosend	to send	zway	Zay	lāhä	laːhæ	l aː h æ	zayy1238	8.01148	38.8258	Afro-Asiatic	1299
4605	2438_tosend	to send	gafat	Gafat	lakä	lakæ	l a k æ	gafa1240	11.5764	39.5605	Afro-Asiatic	1299
4606	2438_tosend	to send	chaha	Chaha	naxä	naxæ	n a x æ	chah1248			Afro-Asiatic	1299
4607	2438_tosend	to send	ezha	Ezha	naxä	naxæ	n a x æ	ezha1238			Afro-Asiatic	1299
4608	2438_tosend	to send	gyeto	Gyeta	nāxä	naːxæ	n aː x æ	gyet1241			Afro-Asiatic	1299
4609	2438_tosend	to send	muher	Muher	laxä	laxæ	l a x æ	muhe1234			Afro-Asiatic	1299
4610	2438_tosend	to send	masqan	Mesqan	lahä	lahæ	l a h æ	mesq1240	8.10617	38.3386	Afro-Asiatic	1299
4611	2438_tosend	to send	masqan	Mesqan	lakä	lakæ	l a k æ	mesq1240	8.10617	38.3386	Afro-Asiatic	1299
4612	2438_tosend	to send	gogot	Kistane	laha	laha	l a h a	kist1241	8.33561	38.4763	Afro-Asiatic	1299
4613	2438_tosend	to send	soddo	Soddo	lakä	lakæ	l a k æ	sodd1242			Afro-Asiatic	1299
4592	2439_tosendamessage	to send a message	ugaritic	Ugaritic	lˀk	lʔk	l ʔ k	ugar1238	35.6	35.78	Afro-Asiatic	1299
4597	2444_tosendtocommission	to send, to commission	geez	Geez	laˀaka	laʔaka	l a ʔ a k a	geez1241	10.1342	40.6821	Afro-Asiatic	1299
4728	2515_toseparate	to separate	mehri	Mehri	abdēd	abdeːd	a b d eː d	mehr1241	16.793	52.473	Afro-Asiatic	1311
4729	2515_toseparate	to separate	jibbali	Jibbali	bedd	bedd	b e d d	sheh1240	17.29154	53.99526	Afro-Asiatic	1311
6264	2515_toseparate	to separate	pes	East Semitic	*ptg	ptg	p t g	east2678			Afro-Asiatic	1970
5540	3023_toseparategrainfromthestalktobreaktheshelltosplittheheadofapersontobreakoffabranchofatree	to separate grain from the stalk, to break the shell; to split the head of a person, to break off a branch of a tree	chaha	Chaha	fräkˀä	frækʔæ	f r æ k ʔ æ	chah1248			Afro-Asiatic	1745
5541	3023_toseparategrainfromthestalktobreaktheshelltosplittheheadofapersontobreakoffabranchofatree	to separate grain from the stalk, to break the shell; to split the head of a person, to break off a branch of a tree	ezha	Ezha	fräkˀä	frækʔæ	f r æ k ʔ æ	ezha1238			Afro-Asiatic	1745
5542	3023_toseparategrainfromthestalktobreaktheshelltosplittheheadofapersontobreakoffabranchofatree	to separate grain from the stalk, to break the shell; to split the head of a person, to break off a branch of a tree	ennemor	Inoric	frǟkˀä	fræːkʔæ	f r æː k ʔ æ	inor1238	7.94883	37.7968	Afro-Asiatic	1745
5543	3023_toseparategrainfromthestalktobreaktheshelltosplittheheadofapersontobreakoffabranchofatree	to separate grain from the stalk, to break the shell; to split the head of a person, to break off a branch of a tree	gyeto	Gyeta	fräkˀä	frækʔæ	f r æ k ʔ æ	gyet1241			Afro-Asiatic	1745
4516	2397_toseparatedividedistinguish	to separate, divide, distinguish	geez	Geez	falaya	falaja	f a l a j a	geez1241	10.1342	40.6821	Afro-Asiatic	1292
4725	2513_toseparatetodetach	to separate, to detach	geez	Geez	badda	badda	b a d d a	geez1241	10.1342	40.6821	Afro-Asiatic	1311
4513	2394_toseparatetodistinguish	to separate, to distinguish	pws	West Semitic	*ply	plj	p l j	west2786			Afro-Asiatic	1292
4744	2394_toseparatetodistinguish	to separate, to distinguish	chaha	Chaha	batärä	batæræ	b a t æ r æ	chah1248			Afro-Asiatic	1314
4745	2394_toseparatetodistinguish	to separate, to distinguish	ezha	Ezha	battärä	battæræ	b a t t æ r æ	ezha1238			Afro-Asiatic	1314
4746	2394_toseparatetodistinguish	to separate, to distinguish	endegen	Endegegny	battärä	battæræ	b a t t æ r æ	eneg1238			Afro-Asiatic	1314
4747	2394_toseparatetodistinguish	to separate, to distinguish	ennemor	Inoric	baytärä	bajtæræ	b a j t æ r æ	inor1238	7.94883	37.7968	Afro-Asiatic	1314
4748	2394_toseparatetodistinguish	to separate, to distinguish	gyeto	Gyeta	betärä	betæræ	b e t æ r æ	gyet1241			Afro-Asiatic	1314
4749	2394_toseparatetodistinguish	to separate, to distinguish	muher	Muher	battärä	battæræ	b a t t æ r æ	muhe1234			Afro-Asiatic	1314
5571	2394_toseparatetodistinguish	to separate, to distinguish	tigre	Tigre	färrägä	færrægæ	f æ r r æ g æ	tigr1270	17.3494	38.2233	Afro-Asiatic	1755
4764	2534_toseparatetodistinguishbetweentrueandfalse	to separate, to distinguish (between true and false)	pes	East Semitic	*prd	prd	p r d	east2678			Afro-Asiatic	1317
4803	2540_toseparatetodiverge	to separate, to diverge	hebrew	Modern Hebrew	prd	prd	p r d	hebr1245	31.1056	35.0179	Afro-Asiatic	1323
132	90_toseparatetodividetosplittoknowtodistinguish	to separate, to divide, to split; to know; to distinguish	geez	Geez	falaṭa	falatˤa	f a l a tˤ a	geez1241	10.1342	40.6821	Afro-Asiatic	91
6265	3455_toseparatetotear	to separate, to tear	tigre	Tigre	fättägä	fættægæ	f æ t t æ g æ	tigr1270	17.3494	38.2233	Afro-Asiatic	1970
497	298_toservetoworktomake	to serve (?), to work, to make	pcs	Central Semitic	*ˁbd	ʕbd	ʕ b d	cent2236			Afro-Asiatic	188
504	305_toserveworshipadore	to serve, worship, adore	arabic	Arabic	ˁbd	ʕbd	ʕ b d	arab1395			Afro-Asiatic	188
162	114_tosetanetatrap	to set a net, a trap	soqotri	Soqotri	ŝégor	ɬégor	ɬ é g o r	soqo1240	12.4892	53.9168	Afro-Asiatic	103
3752	1934_tosetatrap	to set a trap	soqotri	Soqotri	néṣab	nésˤab	n é sˤ a b	soqo1240	12.4892	53.9168	Afro-Asiatic	1197
2620	1243_tosetfireto	to set fire to	hebrew	Modern Hebrew	ḳdḥ	qˤdħ	qˤ d ħ	hebr1245	31.1056	35.0179	Afro-Asiatic	965
5016	2678_tosetinorder	to set in order	pws	West Semitic	*ŝrˁ	ɬrʕ	ɬ r ʕ	west2786			Afro-Asiatic	1362
1999	991_tosetup	to set up	qatabanian	Qatabanian	h-ḳm	h-qˤm	h qˤ m	qata1238	14.8	45.733333	Afro-Asiatic	866
3749	1931_tosetuptoplaceamonument	to set up, to place (a monument)	sabaic	Sabaic	nṣb	nsˤb	n sˤ b	saba1279	15.42	45.35	Afro-Asiatic	1197
3750	1932_tosetuptoputuptoerect	to set up, to put up, to erect	mehri	Mehri	nəṣáwb	nəsˤáwb	n ə sˤ á w b	mehr1241	16.793	52.473	Afro-Asiatic	1197
3747	1929_tosetuptosetupright	to set up, to set upright	arabic	Arabic	nṣb	nsˤb	n sˤ b	arab1395			Afro-Asiatic	1197
3746	1928_tosetfixinplace	to set, fix in place	syriac	Classical Syriac	nṣb	nsˤb	n sˤ b	clas1252	37.1129	42.1432	Afro-Asiatic	1197
3804	1961_tosettle	to settle	hebrew	Modern Hebrew	škn	ʃkn	ʃ k n	hebr1245	31.1056	35.0179	Afro-Asiatic	1204
3802	1959_tosettledown	to settle down	akkadian	Akkadian	sakānu	sakaːnu	s a k aː n u	akka1240	33.1	44.1	Afro-Asiatic	1204
3805	1962_tosettletostay	to settle, to stay	syriac	Classical Syriac	škn	ʃkn	ʃ k n	clas1252	37.1129	42.1432	Afro-Asiatic	1204
6022	3312_tosevertomakeprofit	to sever; to make profit	hebrew	Modern Hebrew	bṣˁ	bsˤʕ	b sˤ ʕ	hebr1245	31.1056	35.0179	Afro-Asiatic	1907
3640	1859_tosew	to sew	jewishbabylonianaramaic	Jewish Babylonian Aramaic (ca. 200-1200 CE)	ḥwṭ, ḥṭy	ħwtˤ	ħ w tˤ	jewi1240	32.273	44.245	Afro-Asiatic	1183
3662	1871_tosewtogether	to sew together	arabic	Arabic	ktb	ktb	k t b	arab1395			Afro-Asiatic	1186
3645	1862_tosewtostitch	to sew, to stitch	jibbali	Jibbali	aḫyéṭ	axjétˤ	a x j é tˤ	sheh1240	17.29154	53.99526	Afro-Asiatic	1183
5205	2824_toshake	to shake	pcs	Central Semitic	*nγṣ̂	nɣɬˤ	n ɣ ɬˤ	cent2236			Afro-Asiatic	1414
1774	899_toshakeout	to shake out	jewishpalestinianaramaic	Jewish Palestinian Aramaic	nˁr	nʕr	n ʕ r	pale1261			Afro-Asiatic	767
5558	3034_toshaketotugabout	to shake, to tug about	hebrew	Modern Hebrew	prpr	prpr	p r p r	hebr1245	31.1056	35.0179	Afro-Asiatic	1749
4836	2558_toshapetocreate	to shape, to create	pes	East Semitic	*pṭr	ptˤr	p tˤ r	east2678			Afro-Asiatic	1331
4837	2558_toshapetocreate	to shape, to create	geez	Geez	faṭara	fatˤara	f a tˤ a r a	geez1241	10.1342	40.6821	Afro-Asiatic	1331
4839	2558_toshapetocreate	to shape, to create	tigre	Tigre	fäṭrä	fætˤræ	f æ tˤ r æ	tigr1270	17.3494	38.2233	Afro-Asiatic	1331
4840	2558_toshapetocreate	to shape, to create	tigrinya	Tigrinya	fäṭärä	fætˤæræ	f æ tˤ æ r æ	tigr1271	15.3359	38.9266	Afro-Asiatic	1331
4841	2558_toshapetocreate	to shape, to create	amharic	Amharic	fäṭṭärä	fætˤtˤæræ	f æ tˤ tˤ æ r æ	amha1245	11.708182	39.543456	Afro-Asiatic	1331
4842	2558_toshapetocreate	to shape, to create	zway	Zay	fäṭärä	fætˤæræ	f æ tˤ æ r æ	zayy1238	8.01148	38.8258	Afro-Asiatic	1331
4843	2558_toshapetocreate	to shape, to create	chaha	Chaha	fäṭärä	fætˤæræ	f æ tˤ æ r æ	chah1248			Afro-Asiatic	1331
4844	2558_toshapetocreate	to shape, to create	ezha	Ezha	fäṭṭärä	fætˤtˤæræ	f æ tˤ tˤ æ r æ	ezha1238			Afro-Asiatic	1331
4845	2558_toshapetocreate	to shape, to create	endegen	Endegegny	fäṭṭärä	fætˤtˤæræ	f æ tˤ tˤ æ r æ	eneg1238			Afro-Asiatic	1331
4846	2558_toshapetocreate	to shape, to create	ennemor	Inoric	fäṭärä	fætˤæræ	f æ tˤ æ r æ	inor1238	7.94883	37.7968	Afro-Asiatic	1331
4847	2558_toshapetocreate	to shape, to create	gyeto	Gyeta	fäṭärä	fætˤæræ	f æ tˤ æ r æ	gyet1241			Afro-Asiatic	1331
4848	2558_toshapetocreate	to shape, to create	muher	Muher	fäṭṭärä	fætˤtˤæræ	f æ tˤ tˤ æ r æ	muhe1234			Afro-Asiatic	1331
4849	2558_toshapetocreate	to shape, to create	gogot	Kistane	fäṭṭärä	fætˤtˤæræ	f æ tˤ tˤ æ r æ	kist1241	8.33561	38.4763	Afro-Asiatic	1331
4850	2558_toshapetocreate	to shape, to create	soddo	Soddo	fäṭṭärä	fætˤtˤæræ	f æ tˤ tˤ æ r æ	sodd1242			Afro-Asiatic	1331
6640	3717_toshattertosmashtocrushonesheadwithastick	to shatter, to smash, to crush one’s head with a stick	tigrinya	Tigrinya	däffəˁe	dæffəʕe	d æ f f ə ʕ e	tigr1271	15.3359	38.9266	Afro-Asiatic	2155
2328	1085_toshave	to shave	pes	East Semitic	*lṣy	lsˤj	l sˤ j	east2678			Afro-Asiatic	917
2329	1085_toshave	to shave	geez	Geez	lāṣaya	laːsˤaja	l aː sˤ a j a	geez1241	10.1342	40.6821	Afro-Asiatic	917
2330	1085_toshave	to shave	tigre	Tigre	laṣa	lasˤa	l a sˤ a	tigr1270	17.3494	38.2233	Afro-Asiatic	917
2331	1085_toshave	to shave	tigrinya	Tigrinya	laṣäyä	lasˤæjæ	l a sˤ æ j æ	tigr1271	15.3359	38.9266	Afro-Asiatic	917
2332	1085_toshave	to shave	amharic	Amharic	lač̣č̣ä	lač̣č̣æ	l a č̣ č̣ æ	amha1245	11.708182	39.543456	Afro-Asiatic	917
2333	1085_toshave	to shave	soddo	Soddo	lač̣č̣ä	lač̣č̣æ	l a č̣ č̣ æ	sodd1242			Afro-Asiatic	917
2638	1085_toshave	to shave	mehri	Mehri	ḳáwrǝḥ	qˤáwrǝħ	qˤ á w r ə ħ	mehr1241	16.793	52.473	Afro-Asiatic	969
2640	1085_toshave	to shave	harsusi	Harsusi	ḳerōḥ	qˤeroːħ	qˤ e r oː ħ	hars1241	19.6511	56.1562	Afro-Asiatic	969
4863	2568_toshaveoffallthehaironthehead	to shave off all the hair on the head	jibbali	Jibbali	bɔ́rɔ́ṣ	bɔ́rɔ́sˤ	b ɔ́ r ɔ́ sˤ	sheh1240	17.29154	53.99526	Afro-Asiatic	1337
2631	1253_toshavetomakebald	to shave, to make bald	geez	Geez	ḳarrǝḥa, ḳʷarrǝḥa, ḳarḥa	qˤarrǝħa	qˤ a r r ə ħ a	geez1241	10.1342	40.6821	Afro-Asiatic	969
1660	850_tosheltertoreceiveinafriendlyway	to shelter, to receive in a friendly way	akkadian	Akkadian	ḫaṣānu	xasˤaːnu	x a sˤ aː n u	akka1240	33.1	44.1	Afro-Asiatic	727
632	387_toshine	to shine (?)	pcs	Central Semitic	*špr	ʃpr	ʃ p r	cent2236			Afro-Asiatic	270
5103	2745_toshinebrightly	to shine brightly	arabic	Arabic	bhr	bhr	b h r	arab1395			Afro-Asiatic	1380
4016	2068_toshineglow	to shine, glow	amharic	Amharic	bälläčä	bællæčæ	b æ l l æ č æ	amha1245	11.708182	39.543456	Afro-Asiatic	1234
1089	586_toshinetodawn	to shine, to dawn	pws	West Semitic	*ngh	ngh	n g h	west2786			Afro-Asiatic	555
5564	3040_toshiverwithcoldtogetexcited	to shiver with cold; to get excited	tigrinya	Tigrinya	tänfärfärä	tænfærfæræ	t æ n f æ r f æ r æ	tigr1271	15.3359	38.9266	Afro-Asiatic	1749
3768	1942_toshout	to shout	pcs	Central Semitic	*rnn	rnn	r n n	cent2236			Afro-Asiatic	1200
3769	1942_toshout	to shout	ugaritic	Ugaritic	rn	rn	r n	ugar1238	35.6	35.78	Afro-Asiatic	1200
3773	1942_toshout	to shout	arabic	Arabic	rnn	rnn	r n n	arab1395			Afro-Asiatic	1200
4988	1942_toshout	to shout	pws	West Semitic	*ṣˁḳ	sˤʕqˤ	sˤ ʕ qˤ	west2786			Afro-Asiatic	1357
6367	1942_toshout	to shout	pcs	Central Semitic	*ṣyḥ	sˤjħ	sˤ j ħ	cent2236			Afro-Asiatic	2012
6372	1942_toshout	to shout	christianpalestinianaramaic	Christian Palestinian Aramaic	ṣwḥ	sˤwħ	sˤ w ħ	chri1239			Afro-Asiatic	2012
6374	1942_toshout	to shout	syriac	Classical Syriac	ṣwḥ	sˤwħ	sˤ w ħ	clas1252	37.1129	42.1432	Afro-Asiatic	2012
6370	3529_toshoutloudly	to shout loudly	hebrew	Modern Hebrew	ṣwḥ	sˤwħ	sˤ w ħ	hebr1245	31.1056	35.0179	Afro-Asiatic	2012
4989	2658_toshoutcallout	to shout, call out	hebrew	Modern Hebrew	ṣˁḳ	sˤʕqˤ	sˤ ʕ qˤ	hebr1245	31.1056	35.0179	Afro-Asiatic	1357
6371	3530_toshoutcallinvite	to shout, call, invite	jewishpalestinianaramaic	Jewish Palestinian Aramaic	ṣwwḥ	sˤwwħ	sˤ w w ħ	pale1261			Afro-Asiatic	2012
6373	3531_toshoutprotestbeinpain	to shout, protest, be in pain	jewishbabylonianaramaic	Jewish Babylonian Aramaic (ca. 200-1200 CE)	ṣwwḥ	sˤwwħ	sˤ w w ħ	jewi1240	32.273	44.245	Afro-Asiatic	2012
6368	3527_toshouttocry	to shout, to cry	ebla	Eblaite	za-a-ḫu-um /ṣayāḫum/	za-a-xu-um	z a a x u u m	ebla1238	35.798	36.798	Afro-Asiatic	2012
5092	2734_toshouttoproclaimaname	to shout, to proclaim (a name)	ugaritic	Ugaritic	pˁr	pʕr	p ʕ r	ugar1238	35.6	35.78	Afro-Asiatic	1378
4992	2661_toshoutyellcry	to shout, yell, cry	jibbali	Jibbali	ṣaˁáḳ	sˤaʕáqˤ	sˤ a ʕ á qˤ	sheh1240	17.29154	53.99526	Afro-Asiatic	1357
643	397_toshrinktodryout	to shrink, to dry out	jewishpalestinianaramaic	Jewish Palestinian Aramaic	ṣmḳ	sˤmqˤ	sˤ m qˤ	pale1261			Afro-Asiatic	287
6537	3639_toshut	to shut	soqotri	Soqotri	ˁégom	ʕégom	ʕ é g o m	soqo1240	12.4892	53.9168	Afro-Asiatic	2081
3576	1809_toshutintoimprison	to shut in, to imprison	arabic	Arabic	ḥbs	ħbs	ħ b s	arab1395			Afro-Asiatic	1176
5890	3236_toshutup	to shut up	jewishpalestinianaramaic	Jewish Palestinian Aramaic	blm	blm	b l m	pale1261			Afro-Asiatic	1857
5891	3236_toshutup	to shut up	jewishbabylonianaramaic	Jewish Babylonian Aramaic (ca. 200-1200 CE)	blm	blm	b l m	jewi1240	32.273	44.245	Afro-Asiatic	1857
6313	3486_toshuttoclose	to shut, to close	ugaritic	Ugaritic	ṭbḳ	tˤbqˤ	tˤ b qˤ	ugar1238	35.6	35.78	Afro-Asiatic	1982
145	99_tosign	to sign	qatabanian	Qatabanian	ˁlm	ʕlm	ʕ l m	qata1238	14.8	45.733333	Afro-Asiatic	93
3268	1605_tosing	to sing	pcs	Central Semitic	*γny	ɣnj	ɣ n j	cent2236			Afro-Asiatic	1132
3269	1605_tosing	to sing	hebrew	Modern Hebrew	ˁny	ʕnj	ʕ n j	hebr1245	31.1056	35.0179	Afro-Asiatic	1132
3272	1605_tosing	to sing	mehri	Mehri	aγōni	aɣoːni	a ɣ oː n i	mehr1241	16.793	52.473	Afro-Asiatic	1132
5082	2725_tosingtodanceandsing	to sing, to dance and sing	amharic	Amharic	zäffänä	zæffænæ	z æ f f æ n æ	amha1245	11.708182	39.543456	Afro-Asiatic	1374
5081	2724_tosingtoperformshouldershruggingintimetomusic	to sing, to perform shouldershrugging in time to music	tigrinya	Tigrinya	zäfänä	zæfænæ	z æ f æ n æ	tigr1271	15.3359	38.9266	Afro-Asiatic	1374
5172	2795_tosinkdowntobedepressed	to sink down, to be depressed	pcs	Central Semitic	*γwr	ɣwr	ɣ w r	cent2236			Afro-Asiatic	1405
5174	2795_tosinkdowntobedepressed	to sink down, to be depressed	arabic	Arabic	γwr	ɣwr	ɣ w r	arab1395			Afro-Asiatic	1405
2381	1115_tosirremainstayresidedwell	to sir, remain, stay, reside, dwell	geez	Geez	nabara	nabara	n a b a r a	geez1241	10.1342	40.6821	Afro-Asiatic	927
6501	3609_tositatthetabletositdownincouncil	to sit at the table, to sit down in council	amharic	Amharic	räffäḳä	ræffæqˤæ	r æ f f æ qˤ æ	amha1245	11.708182	39.543456	Afro-Asiatic	2046
2382	1116_tositstaytodwell	to sit, stay, to dwell	tigre	Tigre	näbrä	næbræ	n æ b r æ	tigr1270	17.3494	38.2233	Afro-Asiatic	927
2383	1116_tositstaytodwell	to sit, stay, to dwell	tigrinya	Tigrinya	näbärä	næbæræ	n æ b æ r æ	tigr1271	15.3359	38.9266	Afro-Asiatic	927
2384	1116_tositstaytodwell	to sit, stay, to dwell	amharic	Amharic	näbbärä	næbbæræ	n æ b b æ r æ	amha1245	11.708182	39.543456	Afro-Asiatic	927
2385	1116_tositstaytodwell	to sit, stay, to dwell	amharic	Amharic	norä	noræ	n o r æ	amha1245	11.708182	39.543456	Afro-Asiatic	927
2386	1116_tositstaytodwell	to sit, stay, to dwell	harari	Harari	näbärä	næbæræ	n æ b æ r æ	hara1271	9.30485	42.1332	Afro-Asiatic	927
2387	1116_tositstaytodwell	to sit, stay, to dwell	soddo	Soddo	näbbärä	næbbæræ	n æ b b æ r æ	sodd1242			Afro-Asiatic	927
2380	1114_tosittostaytolive	to sit; to stay, to live	pes	East Semitic	*nbr	nbr	n b r	east2678			Afro-Asiatic	927
5309	2884_toslaptoclapthehandstoscoop	to slap; to clap the hands; to scoop	pws	West Semitic	*ṭpḥ	tˤpħ	tˤ p ħ	west2786			Afro-Asiatic	1481
4250	2207_toslaughterforabride	to slaughter for a bride	mehri	Mehri	gəzōr	gəzoːr	g ə z oː r	mehr1241	16.793	52.473	Afro-Asiatic	1261
4251	2207_toslaughterforabride	to slaughter for a bride	jibbali	Jibbali	gɔ́zɔ́r	gɔ́zɔ́r	g ɔ́ z ɔ́ r	sheh1240	17.29154	53.99526	Afro-Asiatic	1261
6132	3379_toslice	to slice	jibbali	Jibbali	bɔ́ṣɔ́l	bɔ́sˤɔ́l	b ɔ́ sˤ ɔ́ l	sheh1240	17.29154	53.99526	Afro-Asiatic	1938
4381	2308_toslingstones	to sling stones	hebrew	Modern Hebrew	ḳlˁ	qˤlʕ	qˤ l ʕ	hebr1245	31.1056	35.0179	Afro-Asiatic	1279
5775	3163_toslit	to slit	syriac	Classical Syriac	plḥ	plħ	p l ħ	clas1252	37.1129	42.1432	Afro-Asiatic	1807
5937	3262_toslittorentasundertodisjoin	to slit, to rent asunder, to disjoin	arabic	Arabic	ftq	ftq	f t q	arab1395			Afro-Asiatic	1878
3372	1669_tosmash	to smash	pcs	Central Semitic	*rṣ̂ṣ̂	rɬˤɬˤ	r ɬˤ ɬˤ	cent2236			Afro-Asiatic	1152
5792	1669_tosmash	to smash	hebrew	Modern Hebrew	pṣḥ	psˤħ	p sˤ ħ	hebr1245	31.1056	35.0179	Afro-Asiatic	1810
6476	3593_tosmashtocrush	to smash, to crush	pws	West Semitic	*dwk	dwk	d w k	west2786			Afro-Asiatic	2042
6487	3593_tosmashtocrush	to smash, to crush	pws	West Semitic	*dkk	dkk	d k k	west2786			Afro-Asiatic	2044
5791	3174_tosmashtogrind	to smash, to grind	pws	West Semitic	*pṣḥ	psˤħ	p sˤ ħ	west2786			Afro-Asiatic	1810
2746	1323_tosmell	to smell	mehri	Mehri	ḏ̣áywa	ðˤájwa	ðˤ á j w a	mehr1241	16.793	52.473	Afro-Asiatic	991
2748	1323_tosmell	to smell	jibbali	Jibbali	ḏ̣ē	ðˤeː	ðˤ eː	sheh1240	17.29154	53.99526	Afro-Asiatic	991
4924	1323_tosmell	to smell	hebrew	Modern Hebrew	rwḥ	rwħ	r w ħ	hebr1245	31.1056	35.0179	Afro-Asiatic	1350
2749	1325_tosmelltoinhale	to smell, to inhale	soqotri	Soqotri	šáṭi	ʃátˤi	ʃ á tˤ i	soqo1240	12.4892	53.9168	Afro-Asiatic	991
4990	2659_tosmitewithathunder	to smite with a thunder	arabic	Arabic	ṣˁq	sˤʕq	sˤ ʕ q	arab1395			Afro-Asiatic	1357
379	252_tosnaptobreaktheneck	to snap; to break the neck	mehri	Mehri	ḳəṣáwf	qˤəsˤáwf	qˤ ə sˤ á w f	mehr1241	16.793	52.473	Afro-Asiatic	146
380	252_tosnaptobreaktheneck	to snap; to break the neck	jibbali	Jibbali	ḳɔ́ṣɔ́f	qˤɔ́sˤɔ́f	qˤ ɔ́ sˤ ɔ́ f	sheh1240	17.29154	53.99526	Afro-Asiatic	146
6052	3329_tosnatchaway	to snatch away	geez	Geez	ṭalafa	tˤalafa	tˤ a l a f a	geez1241	10.1342	40.6821	Afro-Asiatic	1921
6055	3332_tosnatchawaytorob	to snatch away, to rob	harari	Harari	ṭäläfä	tˤælæfæ	tˤ æ l æ f æ	hara1271	9.30485	42.1332	Afro-Asiatic	1921
6051	3328_tosnatchtoabduct	to snatch, to abduct	pes	East Semitic	*ṭlf	tˤlf	tˤ l f	east2678			Afro-Asiatic	1921
2461	1140_tosneeze	to sneeze	pws	West Semitic	*ˁṭš	ʕtˤʃ	ʕ tˤ ʃ	west2786			Afro-Asiatic	937
2463	1140_tosneeze	to sneeze	jewishpalestinianaramaic	Jewish Palestinian Aramaic	ˁṭš	ʕtˤʃ	ʕ tˤ ʃ	pale1261			Afro-Asiatic	937
2465	1140_tosneeze	to sneeze	arabic	Arabic	ˁṭs	ʕtˤs	ʕ tˤ s	arab1395			Afro-Asiatic	937
2467	1140_tosneeze	to sneeze	geez	Geez	ˁaṭasa	ʕatˤasa	ʕ a tˤ a s a	geez1241	10.1342	40.6821	Afro-Asiatic	937
2468	1140_tosneeze	to sneeze	tigre	Tigre	ḥaṭṭäšä, ḥanṭäšä	ħatˤtˤæʃæ	ħ a tˤ tˤ æ ʃ æ	tigr1270	17.3494	38.2233	Afro-Asiatic	937
2469	1140_tosneeze	to sneeze	tigrinya	Tigrinya	haṭäšä, hanṭäšä	hatˤæʃæ	h a tˤ æ ʃ æ	tigr1271	15.3359	38.9266	Afro-Asiatic	937
2470	1140_tosneeze	to sneeze	amharic	Amharic	anäṭṭäsä	anætˤtˤæsæ	a n æ tˤ tˤ æ s æ	amha1245	11.708182	39.543456	Afro-Asiatic	937
2471	1140_tosneeze	to sneeze	harari	Harari	ḥaṭṭiš bāya-	ħatˤtˤiʃ	ħ a tˤ tˤ i ʃ	hara1271	9.30485	42.1332	Afro-Asiatic	937
2472	1140_tosneeze	to sneeze	selti	Silt'e	anṭǝšš balä-	antˤǝʃʃ	a n tˤ ə ʃ ʃ	silt1240	7.77004	38.1449	Afro-Asiatic	937
2473	1140_tosneeze	to sneeze	wolane	Wolane	ǝnṭiššo balä-	ǝntˤiʃʃo	ə n tˤ i ʃ ʃ o	wola1253	8.23	38.14	Afro-Asiatic	937
2474	1140_tosneeze	to sneeze	zway	Zay	haṭiššo bālä-	hatˤiʃʃo	h a tˤ i ʃ ʃ o	zayy1238	8.01148	38.8258	Afro-Asiatic	937
2475	1140_tosneeze	to sneeze	chaha	Chaha	äṭiššä barä-	ætˤiʃʃæ	æ tˤ i ʃ ʃ æ	chah1248			Afro-Asiatic	937
2476	1140_tosneeze	to sneeze	chaha	Chaha	at-rätäsä-	at-rætæsæ-	a t r æ t æ s æ	chah1248			Afro-Asiatic	937
2477	1140_tosneeze	to sneeze	ezha	Ezha	ǝṭṭǝšš amännä-	ǝtˤtˤǝʃʃ	ə tˤ tˤ ə ʃ ʃ	ezha1238			Afro-Asiatic	937
2478	1140_tosneeze	to sneeze	ezha	Ezha	at-räṭṭäsä-	at-rætˤtˤæsæ-	a t r æ tˤ tˤ æ s æ	ezha1238			Afro-Asiatic	937
2479	1140_tosneeze	to sneeze	endegen	Endegegny	anṭiššu barä-, haṭṭiššu barä	antˤiʃʃu	a n tˤ i ʃ ʃ u	eneg1238			Afro-Asiatic	937
2480	1140_tosneeze	to sneeze	ennemor	Inoric	ä̃ṭšä barä-, at-rä̃ṭäsä	æ̃tˤʃæ	æ̃ tˤ ʃ æ	inor1238	7.94883	37.7968	Afro-Asiatic	937
2481	1140_tosneeze	to sneeze	gyeto	Gyeta	aṭǝšä barä-, at-reṭäsä	atˤǝʃæ	a tˤ ə ʃ æ	gyet1241			Afro-Asiatic	937
2482	1140_tosneeze	to sneeze	muher	Muher	anṭǝšš balä-, at-näṭṭäsä	antˤǝʃʃ	a n tˤ ə ʃ ʃ	muhe1234			Afro-Asiatic	937
2483	1140_tosneeze	to sneeze	masqan	Mesqan	ǝnṭǝšše barä-	ǝntˤǝʃʃe	ə n tˤ ə ʃ ʃ e	mesq1240	8.10617	38.3386	Afro-Asiatic	937
2484	1140_tosneeze	to sneeze	gogot	Kistane	anṭǝšš balä-, at-näṭṭäsä-, at-neṭṭäsä-	antˤǝʃʃ	a n tˤ ə ʃ ʃ	kist1241	8.33561	38.4763	Afro-Asiatic	937
2485	1140_tosneeze	to sneeze	soddo	Soddo	at-niṭṭäsä-	at-nitˤtˤæsæ-	a t n i tˤ tˤ æ s æ	sodd1242			Afro-Asiatic	937
2486	1140_tosneeze	to sneeze	mehri	Mehri	ˀáwṭǝh (yāṭāh)	ʔáwtˤǝh	ʔ á w tˤ ə h	mehr1241	16.793	52.473	Afro-Asiatic	937
2487	1140_tosneeze	to sneeze	jibbali	Jibbali	ˁɔṭɔš (yˁéṭǝš)	ʕɔtˤɔʃ	ʕ ɔ tˤ ɔ ʃ	sheh1240	17.29154	53.99526	Afro-Asiatic	937
2488	1140_tosneeze	to sneeze	harsusi	Harsusi	ˀaṭōš (yāṭeš)	ʔatˤoːʃ	ʔ a tˤ oː ʃ	hars1241	19.6511	56.1562	Afro-Asiatic	937
2489	1140_tosneeze	to sneeze	soqotri	Soqotri	ˁö́ṭaš or ˁö́ṭaʸh	ʕö́tˤaʃ	ʕ ö́ tˤ a ʃ	soqo1240	12.4892	53.9168	Afro-Asiatic	937
3822	1972_tosneeze	to sneeze(?)	akkadian	Akkadian	šeḫēḳu	ʃexeːqˤu	ʃ e x eː qˤ u	akka1240	33.1	44.1	Afro-Asiatic	1210
6591	3681_tosob	to sob	gurage	Sebat Bet Gurage	(a)sagä	sagæ	s a g æ	seba1251	8.11879	37.9891	Afro-Asiatic	2110
3242	1590_tosobsighgasp	to sob, sigh, gasp	amharic	Amharic	afaḳä (caus. stem)	afaqˤæ	a f a qˤ æ	amha1245	11.708182	39.543456	Afro-Asiatic	1124
3235	1583_tosobhavehiccups	to sob; have hiccups	pws	West Semitic	*pw/ˀ/hḳ	pw	p w	west2786			Afro-Asiatic	1124
3239	1587_tosobtobeabouttopassforth	to sob; to be about to pass forth	arabic	Arabic	fwq	fwq	f w q	arab1395			Afro-Asiatic	1124
80	56_tosowtoscatter	to sow, to scatter	arabic	Arabic	bḏr	bðr	b ð r	arab1395			Afro-Asiatic	54
4013	2065_tosparkletoglitter	to sparkle, to glitter	geez	Geez	balaṣa	balasˤa	b a l a sˤ a	geez1241	10.1342	40.6821	Afro-Asiatic	1234
4133	2139_tospeakfalselydevisetofabricate	to speak falsely, devise; to fabricate	syriac	Classical Syriac	bdy	bdj	b d j	clas1252	37.1129	42.1432	Afro-Asiatic	1250
6220	3425_tospillout	to spill out	pes	East Semitic	*flḳ	flqˤ	f l qˤ	east2678			Afro-Asiatic	1963
6256	3450_tospilltopour	to spill, to pour	pes	East Semitic	*fss	fss	f s s	east2678			Afro-Asiatic	1969
6258	3452_tospilltopourtospreadtobescatteredabout	to spill, to pour; to spread, to be scattered about	amharic	Amharic	fässäsä	fæssæsæ	f æ s s æ s æ	amha1245	11.708182	39.543456	Afro-Asiatic	1969
6259	3453_tospilltospillouttoleak	to spill, to spill out, to leak	selti	Silt'e	afäsäsä	afæsæsæ	a f æ s æ s æ	silt1240	7.77004	38.1449	Afro-Asiatic	1969
6260	3453_tospilltospillouttoleak	to spill, to spill out, to leak	wolane	Wolane	afäsäsä	afæsæsæ	a f æ s æ s æ	wola1253	8.23	38.14	Afro-Asiatic	1969
6261	3453_tospilltospillouttoleak	to spill, to spill out, to leak	ezha	Ezha	afässäsä	afæssæsæ	a f æ s s æ s æ	ezha1238			Afro-Asiatic	1969
6263	3453_tospilltospillouttoleak	to spill, to spill out, to leak	masqan	Mesqan	afässäsä	afæssæsæ	a f æ s s æ s æ	mesq1240	8.10617	38.3386	Afro-Asiatic	1969
2654	1272_tospit	to spit	pws	West Semitic	*rḳ	rqˤ	r qˤ	west2786			Afro-Asiatic	982
2656	1272_tospit	to spit	hebrew	Modern Hebrew	rḳḳ	rqˤqˤ	r qˤ qˤ	hebr1245	31.1056	35.0179	Afro-Asiatic	982
2657	1272_tospit	to spit	hebrew	Modern Hebrew	yrḳ	jrqˤ	j r qˤ	hebr1245	31.1056	35.0179	Afro-Asiatic	982
2658	1272_tospit	to spit	jewishpalestinianaramaic	Jewish Palestinian Aramaic	rḳḳ	rqˤqˤ	r qˤ qˤ	pale1261			Afro-Asiatic	982
2659	1272_tospit	to spit	jewishpalestinianaramaic	Jewish Palestinian Aramaic	rwḳ	rwqˤ	r w qˤ	pale1261			Afro-Asiatic	982
2660	1272_tospit	to spit	jewishpalestinianaramaic	Jewish Palestinian Aramaic	yrḳ	jrqˤ	j r qˤ	pale1261			Afro-Asiatic	982
2661	1272_tospit	to spit	syriac	Classical Syriac	rḳḳ	rqˤqˤ	r qˤ qˤ	clas1252	37.1129	42.1432	Afro-Asiatic	982
2667	1272_tospit	to spit	geez	Geez	wrḳ	wrqˤ	w r qˤ	geez1241	10.1342	40.6821	Afro-Asiatic	982
3860	1272_tospit	to spit	pws	West Semitic	*tpp	tpp	t p p	west2786			Afro-Asiatic	1211
3868	1272_tospit	to spit	argobba	Argobba	täffa	tæffa	t æ f f a	argo1244	10.6596	39.756	Afro-Asiatic	1211
3869	1272_tospit	to spit	argobba	Argobba	əntəf ala	əntəf	ə n t ə f	argo1244	10.6596	39.756	Afro-Asiatic	1211
3870	1272_tospit	to spit	harari	Harari	tuf bāya	tuf	t u f	hara1271	9.30485	42.1332	Afro-Asiatic	1211
3871	1272_tospit	to spit	selti	Silt'e	tuff balä	tuff	t u f f	silt1240	7.77004	38.1449	Afro-Asiatic	1211
3872	1272_tospit	to spit	wolane	Wolane	tuf balä	tuf	t u f	wola1253	8.23	38.14	Afro-Asiatic	1211
3873	1272_tospit	to spit	zway	Zay	təf-um bālä	təf-um	t ə f u m	zayy1238	8.01148	38.8258	Afro-Asiatic	1211
3874	1272_tospit	to spit	chaha	Chaha	täfa	tæfa	t æ f a	chah1248			Afro-Asiatic	1211
3875	1272_tospit	to spit	chaha	Chaha	ətəff balä	ətəff	ə t ə f f	chah1248			Afro-Asiatic	1211
3876	1272_tospit	to spit	ezha	Ezha	täffa	tæffa	t æ f f a	ezha1238			Afro-Asiatic	1211
3877	1272_tospit	to spit	ezha	Ezha	ətəff balä	ətəff	ə t ə f f	ezha1238			Afro-Asiatic	1211
3878	1272_tospit	to spit	endegen	Endegegny	tuff balä	tuff	t u f f	eneg1238			Afro-Asiatic	1211
3879	1272_tospit	to spit	endegen	Endegegny	ətuff barä	ətuff	ə t u f f	eneg1238			Afro-Asiatic	1211
3880	1272_tospit	to spit	ennemor	Inoric	ətəff barä	ətəff	ə t ə f f	inor1238	7.94883	37.7968	Afro-Asiatic	1211
3881	1272_tospit	to spit	gyeto	Gyeta	itəff barä	itəff	i t ə f f	gyet1241			Afro-Asiatic	1211
3882	1272_tospit	to spit	muher	Muher	täffa	tæffa	t æ f f a	muhe1234			Afro-Asiatic	1211
3883	1272_tospit	to spit	muher	Muher	ətəff balä	ətəff	ə t ə f f	muhe1234			Afro-Asiatic	1211
3884	1272_tospit	to spit	masqan	Mesqan	täffa	tæffa	t æ f f a	mesq1240	8.10617	38.3386	Afro-Asiatic	1211
3885	1272_tospit	to spit	masqan	Mesqan	ətəff balä	ətəff	ə t ə f f	mesq1240	8.10617	38.3386	Afro-Asiatic	1211
3886	1272_tospit	to spit	gogot	Kistane	täffa	tæffa	t æ f f a	kist1241	8.33561	38.4763	Afro-Asiatic	1211
3887	1272_tospit	to spit	gogot	Kistane	ətəff balä	ətəff	ə t ə f f	kist1241	8.33561	38.4763	Afro-Asiatic	1211
3888	1272_tospit	to spit	soddo	Soddo	täffa	tæffa	t æ f f a	sodd1242			Afro-Asiatic	1211
3889	1272_tospit	to spit	soddo	Soddo	ətəff balä	ətəff	ə t ə f f	sodd1242			Afro-Asiatic	1211
3864	1981_tospitspitout	to spit, spit out	geez	Geez	tafˀa	tafʔa	t a f ʔ a	geez1241	10.1342	40.6821	Afro-Asiatic	1211
3866	1983_tospitspitouttodisgorge	to spit, spit out, to disgorge	tigrinya	Tigrinya	təf bälä	təf	t ə f	tigr1271	15.3359	38.9266	Afro-Asiatic	1211
5624	3075_tosplit	to split	pws	West Semitic	*bḳˁ	bqˤʕ	b qˤ ʕ	west2786			Afro-Asiatic	1770
5795	3075_tosplit	to split	tigrinya	Tigrinya	fäṣḥa	fæsˤħa	f æ sˤ ħ a	tigr1271	15.3359	38.9266	Afro-Asiatic	1810
5909	3075_tosplit	to split	pws	West Semitic	*pḳˁ	pqˤʕ	p qˤ ʕ	west2786			Afro-Asiatic	1859
6393	3075_tosplit	to split	tigre	Tigre	däḳdäḳä	dæqˤdæqˤæ	d æ qˤ d æ qˤ æ	tigr1270	17.3494	38.2233	Afro-Asiatic	2017
5532	3016_tosplitopenegg	to split open (egg)	jibbali	Jibbali	férәḫ	férəx	f é r ə x	sheh1240	17.29154	53.99526	Afro-Asiatic	1743
4753	2529_tosplitwood	to split wood	tigre	Tigre	fälläṣä	fællæsˤæ	f æ l l æ sˤ æ	tigr1270	17.3494	38.2233	Afro-Asiatic	1315
4757	2533_tosplitwoodwithanax	to split wood with an ax	harari	Harari	fäläṭä	fælætˤæ	f æ l æ tˤ æ	hara1271	9.30485	42.1332	Afro-Asiatic	1315
4758	2533_tosplitwoodwithanax	to split wood with an ax	selti	Silt'e	fäläṭä	fælætˤæ	f æ l æ tˤ æ	silt1240	7.77004	38.1449	Afro-Asiatic	1315
4759	2533_tosplitwoodwithanax	to split wood with an ax	wolane	Wolane	fäläṭä	fælætˤæ	f æ l æ tˤ æ	wola1253	8.23	38.14	Afro-Asiatic	1315
4760	2533_tosplitwoodwithanax	to split wood with an ax	zway	Zay	fäläṭä	fælætˤæ	f æ l æ tˤ æ	zayy1238	8.01148	38.8258	Afro-Asiatic	1315
4761	2533_tosplitwoodwithanax	to split wood with an ax	muher	Muher	fälläṭä	fællætˤæ	f æ l l æ tˤ æ	muhe1234			Afro-Asiatic	1315
4762	2533_tosplitwoodwithanax	to split wood with an ax	gogot	Kistane	fälläṭä	fællætˤæ	f æ l l æ tˤ æ	kist1241	8.33561	38.4763	Afro-Asiatic	1315
4763	2533_tosplitwoodwithanax	to split wood with an ax	soddo	Soddo	fälläṭä	fællætˤæ	f æ l l æ tˤ æ	sodd1242			Afro-Asiatic	1315
4755	2531_tosplitwoodtocleavetodivide	to split wood, to cleave, to divide	amharic	Amharic	fälläṭä	fællætˤæ	f æ l l æ tˤ æ	amha1245	11.708182	39.543456	Afro-Asiatic	1315
4754	2530_tosplitwoodtocuttoaxtobreakonesheadopen	to split wood, to cut, to ax; to break one's head open	tigrinya	Tigrinya	fälläṣä	fællæsˤæ	f æ l l æ sˤ æ	tigr1271	15.3359	38.9266	Afro-Asiatic	1315
4756	2532_tosplitwoodtoquarryrock	to split wood, to quarry rock	amharic	Amharic	fälläṭä	fællætˤæ	f æ l l æ tˤ æ	amha1245	11.708182	39.543456	Afro-Asiatic	1315
5862	3222_tosplittear	to split, tear	syriac	Classical Syriac	bzˁ	bzʕ	b z ʕ	clas1252	37.1129	42.1432	Afro-Asiatic	1836
4817	2551_tosplittobreak	to split, to break	pws	West Semitic	*pṣ̂ṣ̂	pɬˤɬˤ	p ɬˤ ɬˤ	west2786			Afro-Asiatic	1325
5625	3076_tosplittocleave	to split, to cleave	hebrew	Modern Hebrew	bḳˁ	bqˤʕ	b qˤ ʕ	hebr1245	31.1056	35.0179	Afro-Asiatic	1770
5774	3076_tosplittocleave	to split, to cleave	hebrew	Modern Hebrew	plḥ	plħ	p l ħ	hebr1245	31.1056	35.0179	Afro-Asiatic	1807
6175	3076_tosplittocleave	to split, to cleave	arabic	Arabic	fˀw	fʔw	f ʔ w	arab1395			Afro-Asiatic	1949
5863	3223_tosplittocleavetotear	to split, to cleave, to tear	mandaic	Classical Mandaic	bza	bza	b z a	clas1253	36.1203	49.5659	Afro-Asiatic	1836
5915	3244_tosplittohitonthehead	to split, to hit on the head	tigre	Tigre	fäḳˁa	fæqˤʕa	f æ qˤ ʕ a	tigr1270	17.3494	38.2233	Afro-Asiatic	1859
6634	3712_tosplittoriptocut	to split, to rip, to cut	arabic	Arabic	ˁqq	ʕqq	ʕ q q	arab1395			Afro-Asiatic	2149
131	89_tosplittoseparate	to split, to separate	pws	West Semitic	*plṭ	pltˤ	p l tˤ	west2786			Afro-Asiatic	91
5841	3207_tosplittoholdaparttoseparate	to split; to hold apart, to separate	jibbali	Jibbali	fɔ́lɔ́s	fɔ́lɔ́s	f ɔ́ l ɔ́ s	sheh1240	17.29154	53.99526	Afro-Asiatic	1820
2733	1317_tospoilintransitivetostink	to spoil (intransitive), to stink	tigre	Tigre	ṣayˀa/ṣayˁa	sˤajʔa	sˤ a j ʔ a	tigr1270	17.3494	38.2233	Afro-Asiatic	991
5779	3166_tospoiltoindulge	to spoil, to indulge	jewishpalestinianaramaic	Jewish Palestinian Aramaic	pnḳ	pnqˤ	p n qˤ	pale1261			Afro-Asiatic	1808
5940	3265_tospoiltorottobeputridtobedampwet	to spoil, to rot, to be putrid, to be damp, wet	tigrinya	Tigrinya	bäsbäsä, bäsäbbäsä	bæsbæsæ	b æ s b æ s æ	tigr1271	15.3359	38.9266	Afro-Asiatic	1884
4517	2398_tospread	to spread	pws	West Semitic	*prŝ	prɬ	p r ɬ	west2786			Afro-Asiatic	1293
4523	2398_tospread	to spread	jewishbabylonianaramaic	Jewish Babylonian Aramaic (ca. 200-1200 CE)	prs	prs	p r s	jewi1240	32.273	44.245	Afro-Asiatic	1293
4526	2398_tospread	to spread	syriac	Classical Syriac	prs	prs	p r s	clas1252	37.1129	42.1432	Afro-Asiatic	1293
4531	2398_tospread	to spread	arabic	Arabic	frš	frʃ	f r ʃ	arab1395			Afro-Asiatic	1293
4533	2398_tospread	to spread	minaean	Minaean	frs₂	frs₂	f r s ²	mina1279	16.166667	44.672778	Afro-Asiatic	1293
4534	2398_tospread	to spread	mehri	Mehri	fәrōŝ	fəroːɬ	f ə r oː ɬ	mehr1241	16.793	52.473	Afro-Asiatic	1293
4535	2398_tospread	to spread	jibbali	Jibbali	férɔ́ŝ	férɔ́ɬ	f é r ɔ́ ɬ	sheh1240	17.29154	53.99526	Afro-Asiatic	1293
4804	2541_tospreadaparttofadetocrack	to spread apart, to fade, to crack	jewishpalestinianaramaic	Jewish Palestinian Aramaic	prd	prd	p r d	pale1261			Afro-Asiatic	1323
4519	2400_tospreadout	to spread out	hebrew	Modern Hebrew	prŝ	prɬ	p r ɬ	hebr1245	31.1056	35.0179	Afro-Asiatic	1293
4521	2400_tospreadout	to spread out	jewishpalestinianaramaic	Jewish Palestinian Aramaic	prs	prs	p r s	pale1261			Afro-Asiatic	1293
581	356_tospreadouttobowdownlowtostretchout	to spread out, to bow down low, to stretch out	hebrew	Modern Hebrew	nṭy	ntˤj	n tˤ j	hebr1245	31.1056	35.0179	Afro-Asiatic	245
5311	2886_tospreadouttoclaptofalldown	to spread out; to clap; to fall down	syriac	Classical Syriac	ṭpḥ	tˤpħ	tˤ p ħ	clas1252	37.1129	42.1432	Afro-Asiatic	1481
4529	2407_tospreadover	to spread over	mandaic	Classical Mandaic	prs	prs	p r s	clas1253	36.1203	49.5659	Afro-Asiatic	1293
1778	903_tospringup	to spring up	pcs	Central Semitic	*nbg	nbg	n b g	cent2236			Afro-Asiatic	768
5526	3011_tosprouttoferment	to sprout, to ferment	akkadian	Akkadian	parāḫu	paraːxu	p a r aː x u	akka1240	33.1	44.1	Afro-Asiatic	1743
5525	3010_tosprouttogerminate	to sprout, to germinate	pws	West Semitic	*prḫ	prx	p r x	west2786			Afro-Asiatic	1743
5531	3010_tosprouttogerminate	to sprout, to germinate	geez	Geez	farḫa	farxa	f a r x a	geez1241	10.1342	40.6821	Afro-Asiatic	1743
5527	3012_tosprouttoshoot	to sprout, to shoot	hebrew	Modern Hebrew	prḥ	prħ	p r ħ	hebr1245	31.1056	35.0179	Afro-Asiatic	1743
2171	1024_tospurontocollectofferingstoforcetowork	to spur on; to collect offerings; to force to work	hebrew	Modern Hebrew	ngŝ	ngɬ	n g ɬ	hebr1245	31.1056	35.0179	Afro-Asiatic	895
650	403_tosqueezetowring	to squeeze, to wring	harari	Harari	č̣ämäḳä	č̣æmæqˤæ	č̣ æ m æ qˤ æ	hara1271	9.30485	42.1332	Afro-Asiatic	287
6037	3325_tostaintodirtytospoiltodefametocorrupt	to stain, to dirty, to spoil; to defame, to corrupt	amharic	Amharic	bäkkälä	bækkælæ	b æ k k æ l æ	amha1245	11.708182	39.543456	Afro-Asiatic	1916
2855	1374_tostammer	to stammer	pws	West Semitic	*ˁlg	ʕlg	ʕ l g	west2786			Afro-Asiatic	1020
2861	1374_tostammer	to stammer	tigre	Tigre	täˁalaǯäǯä	tæʕalagægæ	t æ ʕ a l a g æ g æ	tigr1270	17.3494	38.2233	Afro-Asiatic	1020
6395	3545_tostamponthegroundtopoundtobeattothrash	to stamp on the ground, to pound, to beat, to thrash	amharic	Amharic	däḳäddäḳä	dæqˤæddæqˤæ	d æ qˤ æ d d æ qˤ æ	amha1245	11.708182	39.543456	Afro-Asiatic	2017
2316	1076_tostamptrample	to stamp, trample	harari	Harari	xeǯä	xegæ	x e g æ	hara1271	9.30485	42.1332	Afro-Asiatic	914
1993	986_tostand	to stand	pws	West Semitic	*ḳwm	qˤwm	qˤ w m	west2786			Afro-Asiatic	866
1998	986_tostand	to stand	minaean	Minaean	ḳwm	qˤwm	qˤ w m	mina1279	16.166667	44.672778	Afro-Asiatic	866
2000	986_tostand	to stand	qatabanian	Qatabanian	ḳwm	qˤwm	qˤ w m	qata1238	14.8	45.733333	Afro-Asiatic	866
2001	986_tostand	to stand	geez	Geez	ḳoma	qˤoma	qˤ o m a	geez1241	10.1342	40.6821	Afro-Asiatic	866
2002	986_tostand	to stand	tigrinya	Tigrinya	ḳomä	qˤomæ	qˤ o m æ	tigr1271	15.3359	38.9266	Afro-Asiatic	866
2003	986_tostand	to stand	amharic	Amharic	ḳomä	qˤomæ	qˤ o m æ	amha1245	11.708182	39.543456	Afro-Asiatic	866
2004	986_tostand	to stand	gafat	Gafat	ḳomä	qˤomæ	qˤ o m æ	gafa1240	11.5764	39.5605	Afro-Asiatic	866
2005	986_tostand	to stand	soddo	Soddo	ḳomä	qˤomæ	qˤ o m æ	sodd1242			Afro-Asiatic	866
1997	990_tostandcropstobeplanted	to stand (crops), to be planted	sabaic	Sabaic	ḳwm	qˤwm	qˤ w m	saba1279	15.42	45.35	Afro-Asiatic	866
622	380_tostandaside	to stand aside	amharic	Amharic	fäḳḳ alä	fæqˤqˤ	f æ qˤ qˤ	amha1245	11.708182	39.543456	Afro-Asiatic	260
619	377_tostandaside	to stand aside (?)	pes	East Semitic	*fḳḳ	fqˤqˤ	f qˤ qˤ	east2678			Afro-Asiatic	260
5825	3193_tostandforthtoproject	to stand forth, to project	hebrew	Modern Hebrew	blṭ	bltˤ	b l tˤ	hebr1245	31.1056	35.0179	Afro-Asiatic	1817
4727	2514_tostandupsuddenlytoleattoonesfeettogetuptorise	to stand up suddenly, to leat to one’s feet; to get up, to rise	tigrinya	Tigrinya	bədəd bälä	bədəd	b ə d ə d	tigr1271	15.3359	38.9266	Afro-Asiatic	1311
3740	1922_tostandsetupright	to stand/set upright	pcs	Central Semitic	*nṣb (*wṣb)	nsˤb	n sˤ b	cent2236			Afro-Asiatic	1197
4011	2063_tostaretostarewithwideopeneyes	to stare, to stare with wide open eyes	akkadian	Akkadian	balāṣu	balaːsˤu	b a l aː sˤ u	akka1240	33.1	44.1	Afro-Asiatic	1234
3803	1960_tostay	to stay	ugaritic	Ugaritic	škn	ʃkn	ʃ k n	ugar1238	35.6	35.78	Afro-Asiatic	1204
3807	1960_tostay	to stay	sabaic	Sabaic	s₁kn	s₁kn	s ¹ k n	saba1279	15.42	45.35	Afro-Asiatic	1204
3801	1958_tostaytoreside	to stay, to reside	pcs	Central Semitic	*škn	ʃkn	ʃ k n	cent2236			Afro-Asiatic	1204
620	378_tostepasidemoveovergetoutoftheway	to step aside, move over, get out of the way	geez	Geez	faḳḳa	faqˤqˤa	f a qˤ qˤ a	geez1241	10.1342	40.6821	Afro-Asiatic	260
6314	3487_tostick	to stick	arabic	Arabic	ṭbq	tˤbq	tˤ b q	arab1395			Afro-Asiatic	1982
6338	3487_tostick	to stick	arabic	Arabic	dbq	dbq	d b q	arab1395			Afro-Asiatic	1983
5123	2759_tostickintrans	to stick (intrans.)	arabic	Arabic	ˁtk	ʕtk	ʕ t k	arab1395			Afro-Asiatic	1392
5121	2757_tosticktoattach	to stick, to attach	pcs	Central Semitic	*ˁtk	ʕtk	ʕ t k	cent2236			Afro-Asiatic	1392
6330	3494_tosticktocling	to stick, to cling	hebrew	Modern Hebrew	dbḳ	dbqˤ	d b qˤ	hebr1245	31.1056	35.0179	Afro-Asiatic	1983
2519	1162_tostimulatethethroatinordertoinducevomiting	to stimulate the throat in order to induce vomiting	amharic	Amharic	gʷaggʷäṭä	gʷaggʷætˤæ	gʷ a g gʷ æ tˤ æ	amha1245	11.708182	39.543456	Afro-Asiatic	943
3660	1869_tostingtocarve	to sting, to carve	pws	West Semitic	*ktb	ktb	k t b	west2786			Afro-Asiatic	1186
2734	1318_tostinksmellbad	to stink, smell bad	tigrinya	Tigrinya	č̣äˀä	č̣æʔæ	č̣ æ ʔ æ	tigr1271	15.3359	38.9266	Afro-Asiatic	991
6205	3421_tostirabouttomixup	to stir about, to mix up	tigre	Tigre	bäč̣bäč̣ä	bæč̣bæč̣æ	b æ č̣ b æ č̣ æ	tigr1270	17.3494	38.2233	Afro-Asiatic	1962
6208	3424_tostirpowderysubstancesinwater	to stir powdery substances in water	selti	Silt'e	biṭäbäṭä	bitˤæbætˤæ	b i tˤ æ b æ tˤ æ	silt1240	7.77004	38.1449	Afro-Asiatic	1962
6209	3424_tostirpowderysubstancesinwater	to stir powdery substances in water	wolane	Wolane	bəṭäbäṭä	bətˤæbætˤæ	b ə tˤ æ b æ tˤ æ	wola1253	8.23	38.14	Afro-Asiatic	1962
6210	3424_tostirpowderysubstancesinwater	to stir powdery substances in water	zway	Zay	bəṭäbäṭä	bətˤæbætˤæ	b ə tˤ æ b æ tˤ æ	zayy1238	8.01148	38.8258	Afro-Asiatic	1962
6211	3424_tostirpowderysubstancesinwater	to stir powdery substances in water	chaha	Chaha	bəṭäbäṭä	bətˤæbætˤæ	b ə tˤ æ b æ tˤ æ	chah1248			Afro-Asiatic	1962
6212	3424_tostirpowderysubstancesinwater	to stir powdery substances in water	ezha	Ezha	bəṭäbbäṭä	bətˤæbbætˤæ	b ə tˤ æ b b æ tˤ æ	ezha1238			Afro-Asiatic	1962
6213	3424_tostirpowderysubstancesinwater	to stir powdery substances in water	endegen	Endegegny	bəṭäbäṭä	bətˤæbætˤæ	b ə tˤ æ b æ tˤ æ	eneg1238			Afro-Asiatic	1962
6214	3424_tostirpowderysubstancesinwater	to stir powdery substances in water	ennemor	Inoric	bəṭäbäṭä	bətˤæbætˤæ	b ə tˤ æ b æ tˤ æ	inor1238	7.94883	37.7968	Afro-Asiatic	1962
6215	3424_tostirpowderysubstancesinwater	to stir powdery substances in water	gyeto	Gyeta	bəṭäbäṭä	bətˤæbætˤæ	b ə tˤ æ b æ tˤ æ	gyet1241			Afro-Asiatic	1962
6216	3424_tostirpowderysubstancesinwater	to stir powdery substances in water	muher	Muher	bəṭäbbäṭä	bətˤæbbætˤæ	b ə tˤ æ b b æ tˤ æ	muhe1234			Afro-Asiatic	1962
6217	3424_tostirpowderysubstancesinwater	to stir powdery substances in water	masqan	Mesqan	bəṭäbbäṭä	bətˤæbbætˤæ	b ə tˤ æ b b æ tˤ æ	mesq1240	8.10617	38.3386	Afro-Asiatic	1962
6218	3424_tostirpowderysubstancesinwater	to stir powdery substances in water	gogot	Kistane	bəṭäbbäṭä	bətˤæbbætˤæ	b ə tˤ æ b b æ tˤ æ	kist1241	8.33561	38.4763	Afro-Asiatic	1962
6219	3424_tostirpowderysubstancesinwater	to stir powdery substances in water	soddo	Soddo	bəṭäbbäṭä	bətˤæbbætˤæ	b ə tˤ æ b b æ tˤ æ	sodd1242			Afro-Asiatic	1962
1773	898_tostirtoraise	to stir, to raise	pws	West Semitic	*nˁr	nʕr	n ʕ r	west2786			Afro-Asiatic	767
3762	1938_tostone	to stone	pcs	Central Semitic	*rgm	rgm	r g m	cent2236			Afro-Asiatic	1199
3763	1938_tostone	to stone	hebrew	Modern Hebrew	rgm	rgm	r g m	hebr1245	31.1056	35.0179	Afro-Asiatic	1199
3764	1938_tostone	to stone	syriac	Classical Syriac	rgm	rgm	r g m	clas1252	37.1129	42.1432	Afro-Asiatic	1199
3765	1939_tostoneiitoplaceastoneononesgrave	to stone; II. to place a stone on one’s grave	arabic	Arabic	rǯm	rgm	r g m	arab1395			Afro-Asiatic	1199
1983	983_tostoop	to stoop	mehri	Mehri	kbūb	kbuːb	k b uː b	mehr1241	16.793	52.473	Afro-Asiatic	862
1984	983_tostoop	to stoop	jibbali	Jibbali	ekbéb	ekbéb	e k b é b	sheh1240	17.29154	53.99526	Afro-Asiatic	862
5893	3238_tostopthemouthtobridletomuzzle	to stop the mouth, to bridle, to muzzle	mandaic	Classical Mandaic	blm	blm	b l m	clas1253	36.1203	49.5659	Afro-Asiatic	1857
5389	2927_tostray	to stray	hebrew	Modern Hebrew	šgh	ʃgh	ʃ g h	hebr1245	31.1056	35.0179	Afro-Asiatic	1561
580	355_tostretchdown	to stretch (down)	pcs	Central Semitic	*nṭw	ntˤw	n tˤ w	cent2236			Afro-Asiatic	245
583	358_tostretchoutarope	to stretch out (a rope)	arabic	Arabic	nṭw	ntˤw	n tˤ w	arab1395			Afro-Asiatic	245
79	55_tostrewscatter	to strew, scatter	mandaic	Classical Mandaic	bdr	bdr	b d r	clas1253	36.1203	49.5659	Afro-Asiatic	54
6173	3393_tostriketocleave	to strike, to cleave	pcs	Central Semitic	*pˀy	pʔj	p ʔ j	cent2236			Afro-Asiatic	1949
6031	3320_tostripofftoscrapeoff	to strip off, to scrape off	arabic	Arabic	qšr	qʃr	q ʃ r	arab1395			Afro-Asiatic	1908
6349	3510_tostruggle	to struggle	qatabanian	Qatabanian	ˀgw	ʔgw	ʔ g w	qata1238	14.8	45.733333	Afro-Asiatic	1997
4437	2350_tostudy	to study	selti	Silt'e	tämārä	tæmaːræ	t æ m aː r æ	silt1240	7.77004	38.1449	Afro-Asiatic	1284
4438	2350_tostudy	to study	wolane	Wolane	tämārä	tæmaːræ	t æ m aː r æ	wola1253	8.23	38.14	Afro-Asiatic	1284
4439	2350_tostudy	to study	zway	Zay	tämārä	tæmaːræ	t æ m aː r æ	zayy1238	8.01148	38.8258	Afro-Asiatic	1284
4440	2350_tostudy	to study	chaha	Chaha	(tä)marä	maræ	m a r æ	chah1248			Afro-Asiatic	1284
4441	2350_tostudy	to study	ezha	Ezha	(tä)marä	maræ	m a r æ	ezha1238			Afro-Asiatic	1284
4442	2350_tostudy	to study	endegen	Endegegny	(tä)marä	maræ	m a r æ	eneg1238			Afro-Asiatic	1284
4443	2350_tostudy	to study	ennemor	Inoric	(tä)marä	maræ	m a r æ	inor1238	7.94883	37.7968	Afro-Asiatic	1284
4444	2350_tostudy	to study	gyeto	Gyeta	(tä)marä	maræ	m a r æ	gyet1241			Afro-Asiatic	1284
4445	2350_tostudy	to study	muher	Muher	(tä)marä	maræ	m a r æ	muhe1234			Afro-Asiatic	1284
4446	2350_tostudy	to study	masqan	Mesqan	(tä)marä	maræ	m a r æ	mesq1240	8.10617	38.3386	Afro-Asiatic	1284
4447	2350_tostudy	to study	gogot	Kistane	(tä)marä	maræ	m a r æ	kist1241	8.33561	38.4763	Afro-Asiatic	1284
4448	2350_tostudy	to study	soddo	Soddo	(tä)marä	maræ	m a r æ	sodd1242			Afro-Asiatic	1284
5983	3283_tosubduetoovercometooppress	to subdue, to overcome, to oppress	arabic	Arabic	bzw	bzw	b z w	arab1395			Afro-Asiatic	1887
6571	3665_tosubmergeplungeinto	to submerge, plunge into	mandaic	Classical Mandaic	amš	amʃ	a m ʃ	clas1253	36.1203	49.5659	Afro-Asiatic	2105
4329	2269_tosucceedtocomeafter	to succeed, to come after	mehri	Mehri	ḫáyləf	xájləf	x á j l ə f	mehr1241	16.793	52.473	Afro-Asiatic	1272
2753	1327_tosuck	to suck	pws	West Semitic	*mṣṣ	msˤsˤ	m sˤ sˤ	west2786			Afro-Asiatic	997
2754	1327_tosuck	to suck	ugaritic	Ugaritic	mṣṣ	msˤsˤ	m sˤ sˤ	ugar1238	35.6	35.78	Afro-Asiatic	997
2758	1327_tosuck	to suck	syriac	Classical Syriac	mṣṣ	msˤsˤ	m sˤ sˤ	clas1252	37.1129	42.1432	Afro-Asiatic	997
2759	1327_tosuck	to suck	arabic	Arabic	mṣṣ	msˤsˤ	m sˤ sˤ	arab1395			Afro-Asiatic	997
2760	1327_tosuck	to suck	amharic	Amharic	mäṭmäṭä	mætˤmætˤæ	m æ tˤ m æ tˤ æ	amha1245	11.708182	39.543456	Afro-Asiatic	997
2761	1327_tosuck	to suck	mehri	Mehri	məṣ	məsˤ	m ə sˤ	mehr1241	16.793	52.473	Afro-Asiatic	997
2762	1327_tosuck	to suck	jibbali	Jibbali	miṣṣ	misˤsˤ	m i sˤ sˤ	sheh1240	17.29154	53.99526	Afro-Asiatic	997
2763	1327_tosuck	to suck	soqotri	Soqotri	meṣ	mesˤ	m e sˤ	soqo1240	12.4892	53.9168	Afro-Asiatic	997
2764	1327_tosuck	to suck	pes	East Semitic	*ṭbw	tˤbw	tˤ b w	east2678			Afro-Asiatic	998
2768	1327_tosuck	to suck	tigre	Tigre	ṭäba	tˤæba	tˤ æ b a	tigr1270	17.3494	38.2233	Afro-Asiatic	998
5223	1327_tosuck	to suck	arabic	Arabic	rγṯ	rɣθ	r ɣ θ	arab1395			Afro-Asiatic	1422
2772	1333_tosuckbreast	to suck (breast)	amharic	Amharic	ṭäbba	tˤæbba	tˤ æ b b a	amha1245	11.708182	39.543456	Afro-Asiatic	998
2774	1333_tosuckbreast	to suck (breast)	argobba	Argobba	ṭäbba, ṭäw	tˤæbba	tˤ æ b b a	argo1244	10.6596	39.756	Afro-Asiatic	998
2776	1333_tosuckbreast	to suck (breast)	harari	Harari	ṭäba	tˤæba	tˤ æ b a	hara1271	9.30485	42.1332	Afro-Asiatic	998
2778	1333_tosuckbreast	to suck (breast)	selti	Silt'e	ṭobe	tˤobe	tˤ o b e	silt1240	7.77004	38.1449	Afro-Asiatic	998
2780	1333_tosuckbreast	to suck (breast)	wolane	Wolane	ṭobe	tˤobe	tˤ o b e	wola1253	8.23	38.14	Afro-Asiatic	998
2781	1333_tosuckbreast	to suck (breast)	zway	Zay	ṭobū	tˤobuː	tˤ o b uː	zayy1238	8.01148	38.8258	Afro-Asiatic	998
2783	1333_tosuckbreast	to suck (breast)	gafat	Gafat	ṭäba	tˤæba	tˤ æ b a	gafa1240	11.5764	39.5605	Afro-Asiatic	998
2784	1333_tosuckbreast	to suck (breast)	chaha	Chaha	ṭäpʷä	tˤæpʷæ	tˤ æ pʷ æ	chah1248			Afro-Asiatic	998
2786	1333_tosuckbreast	to suck (breast)	ezha	Ezha	ṭäbbʷä	tˤæbbʷæ	tˤ æ b bʷ æ	ezha1238			Afro-Asiatic	998
2788	1333_tosuckbreast	to suck (breast)	endegen	Endegegny	ṭoppä	tˤoppæ	tˤ o p p æ	eneg1238			Afro-Asiatic	998
2789	1333_tosuckbreast	to suck (breast)	ennemor	Inoric	ṭäpʷä	tˤæpʷæ	tˤ æ pʷ æ	inor1238	7.94883	37.7968	Afro-Asiatic	998
2790	1333_tosuckbreast	to suck (breast)	gyeto	Gyeta	ṭäpʷä	tˤæpʷæ	tˤ æ pʷ æ	gyet1241			Afro-Asiatic	998
2792	1333_tosuckbreast	to suck (breast)	muher	Muher	ṭäbbʷä	tˤæbbʷæ	tˤ æ b bʷ æ	muhe1234			Afro-Asiatic	998
2793	1333_tosuckbreast	to suck (breast)	masqan	Mesqan	ṭobbä	tˤobbæ	tˤ o b b æ	mesq1240	8.10617	38.3386	Afro-Asiatic	998
2795	1333_tosuckbreast	to suck (breast)	gogot	Kistane	ṭobbä	tˤobbæ	tˤ o b b æ	kist1241	8.33561	38.4763	Afro-Asiatic	998
2797	1333_tosuckbreast	to suck (breast)	soddo	Soddo	ṭobbä	tˤobbæ	tˤ o b b æ	sodd1242			Afro-Asiatic	998
2765	1330_tosuckmilkthebreast	to suck milk, the breast	geez	Geez	ṭabawa	tˤabawa	tˤ a b a w a	geez1241	10.1342	40.6821	Afro-Asiatic	998
5221	2835_tosucktosuckle	to suck, to suckle	pcs	Central Semitic	*rγṯ	rɣθ	r ɣ θ	cent2236			Afro-Asiatic	1422
2766	1331_tosuckle	to suckle	geez	Geez	ˀaṭbawa	ʔatˤbawa	ʔ a tˤ b a w a	geez1241	10.1342	40.6821	Afro-Asiatic	998
2767	1331_tosuckle	to suckle	tigre	Tigre	ˀaṭbā	ʔatˤbaː	ʔ a tˤ b aː	tigr1270	17.3494	38.2233	Afro-Asiatic	998
2769	1331_tosuckle	to suckle	tigrinya	Tigrinya	ˀaṭbäwät	ʔatˤbæwæt	ʔ a tˤ b æ w æ t	tigr1271	15.3359	38.9266	Afro-Asiatic	998
2771	1331_tosuckle	to suckle	amharic	Amharic	aṭäbba	atˤæbba	a tˤ æ b b a	amha1245	11.708182	39.543456	Afro-Asiatic	998
2773	1331_tosuckle	to suckle	argobba	Argobba	aṭäbbäd, aṭäwäčč	atˤæbbæd	a tˤ æ b b æ d	argo1244	10.6596	39.756	Afro-Asiatic	998
2777	1331_tosuckle	to suckle	selti	Silt'e	aṭobe	atˤobe	a tˤ o b e	silt1240	7.77004	38.1449	Afro-Asiatic	998
2779	1331_tosuckle	to suckle	wolane	Wolane	aṭobe	atˤobe	a tˤ o b e	wola1253	8.23	38.14	Afro-Asiatic	998
2785	1331_tosuckle	to suckle	ezha	Ezha	aṭäbbʷä	atˤæbbʷæ	a tˤ æ b bʷ æ	ezha1238			Afro-Asiatic	998
2787	1331_tosuckle	to suckle	endegen	Endegegny	aṭoppä	atˤoppæ	a tˤ o p p æ	eneg1238			Afro-Asiatic	998
2791	1331_tosuckle	to suckle	muher	Muher	aṭäbbʷä	atˤæbbʷæ	a tˤ æ b bʷ æ	muhe1234			Afro-Asiatic	998
2794	1331_tosuckle	to suckle	gogot	Kistane	aṭobbä	atˤobbæ	a tˤ o b b æ	kist1241	8.33561	38.4763	Afro-Asiatic	998
2796	1331_tosuckle	to suckle	soddo	Soddo	aṭobbä	atˤobbæ	a tˤ o b b æ	sodd1242			Afro-Asiatic	998
4336	2276_tosufferlossordiminution	to suffer loss or diminution	arabic	Arabic	ḫsr	xsr	x s r	arab1395			Afro-Asiatic	1273
2610	1235_tosufferpain	to suffer pain	pcs	Central Semitic	*kˀb	kʔb	k ʔ b	cent2236			Afro-Asiatic	963
2614	1235_tosufferpain	to suffer pain	syriac	Classical Syriac	ke(ˀ)b	keb	k e b	clas1252	37.1129	42.1432	Afro-Asiatic	963
6644	3721_tosuffice	to suffice	jewishpalestinianaramaic	Jewish Palestinian Aramaic	spḳ	spqˤ	s p qˤ	pale1261			Afro-Asiatic	2160
6522	3625_tosuffocatesmotherbyplacingthehandoverthenoseandmouthtocoverthemouth	to suffocate, smother (by placing the hand over the nose and mouth); to cover the mouth	amharic	Amharic	affänä	affænæ	a f f æ n æ	amha1245	11.708182	39.543456	Afro-Asiatic	2073
6271	3461_tosurpasstoexcel	to surpass, to excel	tigrinya	Tigrinya	bäläṣä	bælæsˤæ	b æ l æ sˤ æ	tigr1271	15.3359	38.9266	Afro-Asiatic	1971
6272	3461_tosurpasstoexcel	to surpass, to excel	amharic	Amharic	bälläṭä	bællætˤæ	b æ l l æ tˤ æ	amha1245	11.708182	39.543456	Afro-Asiatic	1971
4088	2106_tosurround	to surround	hebrew	Modern Hebrew	ˁwd	ʕwd	ʕ w d	hebr1245	31.1056	35.0179	Afro-Asiatic	1245
5203	2822_tosurvive	to survive	jibbali	Jibbali	nígi	nígi	n í g i	sheh1240	17.29154	53.99526	Afro-Asiatic	1413
12	11_toswallow	to swallow	pws	West Semitic	*blˁ	blʕ	b l ʕ	west2786			Afro-Asiatic	16
13	11_toswallow	to swallow	ugaritic	Ugaritic	blˁ	blʕ	b l ʕ	ugar1238	35.6	35.78	Afro-Asiatic	16
14	11_toswallow	to swallow	hebrew	Modern Hebrew	blˁ	blʕ	b l ʕ	hebr1245	31.1056	35.0179	Afro-Asiatic	16
15	11_toswallow	to swallow	jewishpalestinianaramaic	Jewish Palestinian Aramaic	blˁ	blʕ	b l ʕ	pale1261			Afro-Asiatic	16
17	11_toswallow	to swallow	samaritan	Samaritan	blˁ	blʕ	b l ʕ	sama1313	32.0817	35.4487	Afro-Asiatic	16
18	11_toswallow	to swallow	jewishbabylonianaramaic	Jewish Babylonian Aramaic (ca. 200-1200 CE)	blˁ	blʕ	b l ʕ	jewi1240	32.273	44.245	Afro-Asiatic	16
21	11_toswallow	to swallow	arabic	Arabic	blˁ	blʕ	b l ʕ	arab1395			Afro-Asiatic	16
22	11_toswallow	to swallow	mehri	Mehri	bōla	boːla	b oː l a	mehr1241	16.793	52.473	Afro-Asiatic	16
23	11_toswallow	to swallow	jibbali	Jibbali	bélaˁ	bélaʕ	b é l a ʕ	sheh1240	17.29154	53.99526	Afro-Asiatic	16
4256	11_toswallow	to swallow	soqotri	Soqotri	ˁeṭ	ʕetˤ	ʕ e tˤ	soqo1240	12.4892	53.9168	Afro-Asiatic	1262
5255	11_toswallow	to swallow	pes	East Semitic	*wγṭ	wɣtˤ	w ɣ tˤ	east2678			Afro-Asiatic	1436
20	14_toswallowupdevour	to swallow up, devour	mandaic	Classical Mandaic	bla	bla	b l a	clas1253	36.1203	49.5659	Afro-Asiatic	16
16	12_toswallowdevour	to swallow, devour	christianpalestinianaramaic	Christian Palestinian Aramaic	blˁ	blʕ	b l ʕ	chri1239			Afro-Asiatic	16
2338	1090_toswear	to swear	pes	East Semitic	*mḥl	mħl	m ħ l	east2678			Afro-Asiatic	919
2340	1090_toswear	to swear	tigre	Tigre	mäḥalä	mæħalæ	m æ ħ a l æ	tigr1270	17.3494	38.2233	Afro-Asiatic	919
2341	1090_toswear	to swear	tigrinya	Tigrinya	mäḥalä	mæħalæ	m æ ħ a l æ	tigr1271	15.3359	38.9266	Afro-Asiatic	919
2342	1090_toswear	to swear	amharic	Amharic	malä	malæ	m a l æ	amha1245	11.708182	39.543456	Afro-Asiatic	919
2343	1090_toswear	to swear	zway	Zay	mālä	maːlæ	m aː l æ	zayy1238	8.01148	38.8258	Afro-Asiatic	919
2344	1090_toswear	to swear	soddo	Soddo	malä	malæ	m a l æ	sodd1242			Afro-Asiatic	919
2339	1091_tosweartakeanoath	to swear, take an oath	geez	Geez	maḥala	maħala	m a ħ a l a	geez1241	10.1342	40.6821	Afro-Asiatic	919
6398	3548_tosweepawaytodestroy	to sweep away, to destroy	tigre	Tigre	dämsäsä	dæmsæsæ	d æ m s æ s æ	tigr1270	17.3494	38.2233	Afro-Asiatic	2025
5162	2786_toswell	to swell	pcs	Central Semitic	*γdd	ɣdd	ɣ d d	cent2236			Afro-Asiatic	1402
5163	2786_toswell	to swell	ugaritic	Ugaritic	γdd	ɣdd	ɣ d d	ugar1238	35.6	35.78	Afro-Asiatic	1402
5390	2928_toswervestray	to swerve, stray	syriac	Classical Syriac	šgy	ʃgj	ʃ g j	clas1252	37.1129	42.1432	Afro-Asiatic	1561
336	220_toswim	to swim	pcs	Central Semitic	*ŝḥy	ɬħj	ɬ ħ j	cent2236			Afro-Asiatic	132
337	220_toswim	to swim	hebrew	Modern Hebrew	ŝḥy	ɬħj	ɬ ħ j	hebr1245	31.1056	35.0179	Afro-Asiatic	132
6572	220_toswim	to swim	geez	Geez	ḫammasa	xammasa	x a m m a s a	geez1241	10.1342	40.6821	Afro-Asiatic	2105
6573	220_toswim	to swim	tigre	Tigre	ḥammäsä	ħammæsæ	ħ a m m æ s æ	tigr1270	17.3494	38.2233	Afro-Asiatic	2105
6356	3517_toswing	to swing	pws	West Semitic	*nwp	nwp	n w p	west2786			Afro-Asiatic	1999
6538	3640_totakeawaytodeprive	to take away, to deprive	pws	West Semitic	*γṣ̂ṣ̂	ɣɬˤɬˤ	ɣ ɬˤ ɬˤ	west2786			Afro-Asiatic	2091
3794	1956_totakecaptive	to take captive	pcs	Central Semitic	*šby	ʃbj	ʃ b j	cent2236			Afro-Asiatic	1202
3795	1956_totakecaptive	to take captive	ugaritic	Ugaritic	šby	ʃbj	ʃ b j	ugar1238	35.6	35.78	Afro-Asiatic	1202
3796	1956_totakecaptive	to take captive	hebrew	Modern Hebrew	šby	ʃbj	ʃ b j	hebr1245	31.1056	35.0179	Afro-Asiatic	1202
3797	1956_totakecaptive	to take captive	syriac	Classical Syriac	šby	ʃbj	ʃ b j	clas1252	37.1129	42.1432	Afro-Asiatic	1202
3798	1956_totakecaptive	to take captive	arabic	Arabic	sby	sbj	s b j	arab1395			Afro-Asiatic	1202
3799	1956_totakecaptive	to take captive	sabaic	Sabaic	s₁by	s₁bj	s ¹ b j	saba1279	15.42	45.35	Afro-Asiatic	1202
3445	1724_totakefrightandfleetorunawayatrandom	to take fright and flee, to run away at random	arabic	Arabic	šrd	ʃrd	ʃ r d	arab1395			Afro-Asiatic	1161
3575	1808_totakehold	to take hold	syriac	Classical Syriac	ḥbš	ħbʃ	ħ b ʃ	clas1252	37.1129	42.1432	Afro-Asiatic	1176
4976	2646_totakeoff	to take off	pws	West Semitic	*šlb	ʃlb	ʃ l b	west2786			Afro-Asiatic	1354
6545	3647_totakeorladeoutwaterwithhandaswithaladle	to take or lade out water with hand (as with a ladle)	arabic	Arabic	γrf	ɣrf	ɣ r f	arab1395			Afro-Asiatic	2098
4679	2490_totakepleasureinbefavourabletosomeonebewelldisposed	to take pleasure in, be favourable to someone, be well disposed	hebrew	Modern Hebrew	rṣy	rsˤj	r sˤ j	hebr1245	31.1056	35.0179	Afro-Asiatic	1308
3595	1825_totakepleasureintodesiretobewillingtofeelinclined	to take pleasure in, to desire; to be willing, to feel inclined	hebrew	Modern Hebrew	ḥpṣ	ħpsˤ	ħ p sˤ	hebr1245	31.1056	35.0179	Afro-Asiatic	1178
1791	914_totakepossessionoftogettobeheir	to take possession of, to get; to be heir	hebrew	Modern Hebrew	yrš	jrʃ	j r ʃ	hebr1245	31.1056	35.0179	Afro-Asiatic	779
3578	1811_totakeprisoner	to take prisoner	tigre	Tigre	ḥabbäsä	ħabbæsæ	ħ a b b æ s æ	tigr1270	17.3494	38.2233	Afro-Asiatic	1176
3725	1917_totakerevenge	to take revenge	pcs	Central Semitic	*nḳm	nqˤm	n qˤ m	cent2236			Afro-Asiatic	1195
3726	1917_totakerevenge	to take revenge	akkadian	Akkadian	naḳāmum	naqˤaːmum	n a qˤ aː m u m	akka1240	33.1	44.1	Afro-Asiatic	1195
3728	1917_totakerevenge	to take revenge	hebrew	Modern Hebrew	nḳm	nqˤm	n qˤ m	hebr1245	31.1056	35.0179	Afro-Asiatic	1195
3729	1917_totakerevenge	to take revenge	oldaramaic	Old Aramaic (up to 700 BCE)	nḳm	nqˤm	n qˤ m	olda1246			Afro-Asiatic	1195
3730	1917_totakerevenge	to take revenge	arabic	Arabic	nqm	nqm	n q m	arab1395			Afro-Asiatic	1195
3731	1917_totakerevenge	to take revenge	sabaic	Sabaic	nḳm	nqˤm	n qˤ m	saba1279	15.42	45.35	Afro-Asiatic	1195
3732	1917_totakerevenge	to take revenge	soqotri	Soqotri	nö́kam	nö́kam	n ö́ k a m	soqo1240	12.4892	53.9168	Afro-Asiatic	1195
6543	3645_totakesmtoutofsmttoreducesmt	to take smt. out of smt., to reduce smt.	jibbali	Jibbali	aγẓ̂éẓ̂	aɣẓ̂éẓ̂	a ɣ ẓ̂ é ẓ̂	sheh1240	17.29154	53.99526	Afro-Asiatic	2091
4330	2270_totaketheplaceofsomeone	to take the place of someone	jibbali	Jibbali	ḫɔ́lɔ́f	xɔ́lɔ́f	x ɔ́ l ɔ́ f	sheh1240	17.29154	53.99526	Afro-Asiatic	1272
4434	2348_toteach	to teach	tigre	Tigre	mäharä	mæharæ	m æ h a r æ	tigr1270	17.3494	38.2233	Afro-Asiatic	1284
4435	2348_toteach	to teach	tigrinya	Tigrinya	mäharä	mæharæ	m æ h a r æ	tigr1271	15.3359	38.9266	Afro-Asiatic	1284
4433	2347_toteachtoinstruct	to teach, to instruct	geez	Geez	mahara	mahara	m a h a r a	geez1241	10.1342	40.6821	Afro-Asiatic	1284
5191	2811_totear	to tear	pcs	Central Semitic	*mzˁ	mzʕ	m z ʕ	cent2236			Afro-Asiatic	1412
5857	2811_totear	to tear	pws	West Semitic	*bzγ	bzɣ	b z ɣ	west2786			Afro-Asiatic	1836
5912	2811_totear	to tear	syriac	Classical Syriac	pḳˁ	pqˤʕ	p qˤ ʕ	clas1252	37.1129	42.1432	Afro-Asiatic	1859
6296	3471_totearoff	to tear off	amharic	Amharic	bäṭṭäḳä	bætˤtˤæqˤæ	b æ tˤ tˤ æ qˤ æ	amha1245	11.708182	39.543456	Afro-Asiatic	1974
5836	3202_totearupthegroundwithitshornenragedbull	to tear up the ground with its horn (enraged bull)	tigrinya	Tigrinya	fälläsä	fællæsæ	f æ l l æ s æ	tigr1271	15.3359	38.9266	Afro-Asiatic	1820
5192	2812_totearbetorn	to tear, be torn	ugaritic	Ugaritic	mzˁ	mzʕ	m z ʕ	ugar1238	35.6	35.78	Afro-Asiatic	1412
5860	3220_toteartobursttosplit	to tear, to burst, to split	christianpalestinianaramaic	Christian Palestinian Aramaic	bzˁ	bzʕ	b z ʕ	chri1239			Afro-Asiatic	1836
6130	3377_toteartocuttopeel	to tear, to cut, to peel	geez	Geez	baṣṣala	basˤsˤala	b a sˤ sˤ a l a	geez1241	10.1342	40.6821	Afro-Asiatic	1938
5858	3218_toteartorendtocleave	to tear, to rend, to cleave	officialaramaic	Middle-Modern Aramaic	bzˁ	bzʕ	b z ʕ	midd1367			Afro-Asiatic	1836
496	297_totellthetruth	to tell the truth	soqotri	Soqotri	έmon	ɛmon	ɛ m o n	soqo1240	12.4892	53.9168	Afro-Asiatic	187
4998	2666_totelltruth	to tell truth	arabic	Arabic	ṣdq	sˤdq	sˤ d q	arab1395			Afro-Asiatic	1358
5816	3184_totesttoinvestigatepitohopetowait	to test, to investigate;  (pi.) to hope, to wait	hebrew	Modern Hebrew	ŝbr	ɬbr	ɬ b r	hebr1245	31.1056	35.0179	Afro-Asiatic	1816
6193	3411_totesttotry	to test, to try	pws	West Semitic	*ptn	ptn	p t n	west2786			Afro-Asiatic	1955
6194	3411_totesttotry	to test, to try	arabic	Arabic	ftn	ftn	f t n	arab1395			Afro-Asiatic	1955
3593	1823_tothank	to thank	jibbali	Jibbali	ḥõd	ħõd	ħ õ d	sheh1240	17.29154	53.99526	Afro-Asiatic	1177
6651	3727_tothink	to think	pcs	Central Semitic	*fkr	fkr	f k r	cent2236			Afro-Asiatic	2161
6653	3727_tothink	to think	arabic	Arabic	fkr	fkr	f k r	arab1395			Afro-Asiatic	2161
6654	3727_tothink	to think	soqotri	Soqotri	fótker	fótker	f ó t k e r	soqo1240	12.4892	53.9168	Afro-Asiatic	2161
6625	3703_tothinkbelieveesteem	to think, believe, esteem	geez	Geez	ḥsb	ħsb	ħ s b	geez1241	10.1342	40.6821	Afro-Asiatic	2147
5821	3189_tothinkhope	to think, hope	syriac	Classical Syriac	sbr	sbr	s b r	clas1252	37.1129	42.1432	Afro-Asiatic	1816
5820	3188_tothinktobeoftheopinion	to think, to be of the opinion	jewishbabylonianaramaic	Jewish Babylonian Aramaic (ca. 200-1200 CE)	sbr	sbr	s b r	jewi1240	32.273	44.245	Afro-Asiatic	1816
6620	3698_tothinktocount	to think, to count	pws	West Semitic	*ḥšb	ħʃb	ħ ʃ b	west2786			Afro-Asiatic	2147
5819	3187_tothinktosupposetopresume	to think, to suppose, to presume	christianpalestinianaramaic	Christian Palestinian Aramaic	sbr	sbr	s b r	chri1239			Afro-Asiatic	1816
5818	3186_tothinktounderstandtobeoftheopinion	to think, to understand, to be of the opinion	jewishpalestinianaramaic	Jewish Palestinian Aramaic	sbr	sbr	s b r	pale1261			Afro-Asiatic	1816
5563	3039_tothrashabouttoflailabouttomoveconvulsively	to thrash about, to flail about, to move convulsively	geez	Geez	ˀanfarfara	ʔanfarfara	ʔ a n f a r f a r a	geez1241	10.1342	40.6821	Afro-Asiatic	1749
5167	2790_tothrottle	to throttle	jibbali	Jibbali	γedd	ɣedd	ɣ e d d	sheh1240	17.29154	53.99526	Afro-Asiatic	1402
4387	2311_tothrow	to throw	soqotri	Soqotri	ḳáḷaˁ	qˤáḷaʕ	qˤ á l̩ a ʕ	soqo1240	12.4892	53.9168	Afro-Asiatic	1279
4379	2306_tothrowstonesfromasling	to throw (stones from a sling)	pws	West Semitic	*ḳlˁ	qˤlʕ	qˤ l ʕ	west2786			Afro-Asiatic	1279
6292	3467_tothrowdowntoknockoutwithablowtothehead	to throw down, to knock out with a blow to the head	tigrinya	Tigrinya	fäggämä	fæggæmæ	f æ g g æ m æ	tigr1271	15.3359	38.9266	Afro-Asiatic	1973
579	354_tothrowthingsaroundwhilesearching	to throw things around while searching	jibbali	Jibbali	bɔ́tḳəṯ	bɔ́tqˤəθ	b ɔ́ t qˤ ə θ	sheh1240	17.29154	53.99526	Afro-Asiatic	225
4824	2557_tothrowtothegroundsothatobjectbreaksorpersongetshurt	to throw to the ground so that object breaks or person gets hurt	selti	Silt'e	fiṭäfäṭä	fitˤæfætˤæ	f i tˤ æ f æ tˤ æ	silt1240	7.77004	38.1449	Afro-Asiatic	1325
4825	2557_tothrowtothegroundsothatobjectbreaksorpersongetshurt	to throw to the ground so that object breaks or person gets hurt	wolane	Wolane	fəṭäfäṭä	fətˤæfætˤæ	f ə tˤ æ f æ tˤ æ	wola1253	8.23	38.14	Afro-Asiatic	1325
4826	2557_tothrowtothegroundsothatobjectbreaksorpersongetshurt	to throw to the ground so that object breaks or person gets hurt	chaha	Chaha	fəṭäfäṭä	fətˤæfætˤæ	f ə tˤ æ f æ tˤ æ	chah1248			Afro-Asiatic	1325
4827	2557_tothrowtothegroundsothatobjectbreaksorpersongetshurt	to throw to the ground so that object breaks or person gets hurt	ezha	Ezha	fəṭäffäṭä	fətˤæffætˤæ	f ə tˤ æ f f æ tˤ æ	ezha1238			Afro-Asiatic	1325
4828	2557_tothrowtothegroundsothatobjectbreaksorpersongetshurt	to throw to the ground so that object breaks or person gets hurt	endegen	Endegegny	fəṭäfäṭä	fətˤæfætˤæ	f ə tˤ æ f æ tˤ æ	eneg1238			Afro-Asiatic	1325
4829	2557_tothrowtothegroundsothatobjectbreaksorpersongetshurt	to throw to the ground so that object breaks or person gets hurt	ennemor	Inoric	fəṭäfäṭä	fətˤæfætˤæ	f ə tˤ æ f æ tˤ æ	inor1238	7.94883	37.7968	Afro-Asiatic	1325
4830	2557_tothrowtothegroundsothatobjectbreaksorpersongetshurt	to throw to the ground so that object breaks or person gets hurt	gyeto	Gyeta	fəṭäfäṭä	fətˤæfætˤæ	f ə tˤ æ f æ tˤ æ	gyet1241			Afro-Asiatic	1325
4831	2557_tothrowtothegroundsothatobjectbreaksorpersongetshurt	to throw to the ground so that object breaks or person gets hurt	muher	Muher	fəṭäffäṭä	fətˤæffætˤæ	f ə tˤ æ f f æ tˤ æ	muhe1234			Afro-Asiatic	1325
4832	2557_tothrowtothegroundsothatobjectbreaksorpersongetshurt	to throw to the ground so that object breaks or person gets hurt	masqan	Mesqan	fəṭäffäṭä	fətˤæffætˤæ	f ə tˤ æ f f æ tˤ æ	mesq1240	8.10617	38.3386	Afro-Asiatic	1325
4833	2557_tothrowtothegroundsothatobjectbreaksorpersongetshurt	to throw to the ground so that object breaks or person gets hurt	gogot	Kistane	fəṭäffäṭä	fətˤæffætˤæ	f ə tˤ æ f f æ tˤ æ	kist1241	8.33561	38.4763	Afro-Asiatic	1325
4834	2557_tothrowtothegroundsothatobjectbreaksorpersongetshurt	to throw to the ground so that object breaks or person gets hurt	soddo	Soddo	fəṭäffäṭä	fətˤæffætˤæ	f ə tˤ æ f f æ tˤ æ	sodd1242			Afro-Asiatic	1325
6639	3716_tothrusttopush	to thrust, to push	geez	Geez	dafˁa	dafʕa	d a f ʕ a	geez1241	10.1342	40.6821	Afro-Asiatic	2155
312	198_totieorwraparoundtorollaround	to tie or wrap around, to roll around	jewishpalestinianaramaic	Jewish Palestinian Aramaic	ˁgl	ʕgl	ʕ g l	pale1261			Afro-Asiatic	129
3571	1804_totietoband	to tie, to band	pcs	Central Semitic	*ḥbš	ħbʃ	ħ b ʃ	cent2236			Afro-Asiatic	1176
5494	2992_totietobind	to tie, to bind	geez	Geez	ḥagala	ħagala	ħ a g a l a	geez1241	10.1342	40.6821	Afro-Asiatic	1673
6531	2992_totietobind	to tie, to bind	geez	Geez	ˁaḳada	ʕaqˤada	ʕ a qˤ a d a	geez1241	10.1342	40.6821	Afro-Asiatic	2080
5122	2758_totietofastentobind	to tie, to fasten, to bind	ugaritic	Ugaritic	ˁtk	ʕtk	ʕ t k	ugar1238	35.6	35.78	Afro-Asiatic	1392
6530	3633_totietoratifyacontract	to tie; to ratify a contract	arabic	Arabic	ˁqd	ʕqd	ʕ q d	arab1395			Afro-Asiatic	2080
500	301_totill	to till	samalian	Old Aramaic-Sam'alian	ˁbd	ʕbd	ʕ b d	olda1245	32.84	37.0	Afro-Asiatic	188
6103	3356_totoillaborendurehardshipbeweariedtormentedvexed	to toil, labor, endure hardship, be wearied, tormented, vexed	geez	Geez	ṣāmawa	sˤaːmawa	sˤ aː m a w a	geez1241	10.1342	40.6821	Afro-Asiatic	1932
6102	3355_totoiltosufferpain	to toil, to suffer pain	pes	East Semitic	*ṣmw	sˤmw	sˤ m w	east2678			Afro-Asiatic	1932
6187	3405_totouchtofalluponsomebodytoattack	to touch; to fall upon somebody, to attack	pws	West Semitic	*pgˁ	pgʕ	p g ʕ	west2786			Afro-Asiatic	1954
6394	3544_totransfixtorunthroughtothrusttostab	to transfix, to run through, to thrust, to stab	tigrinya	Tigrinya	däḳdäḳä	dæqˤdæqˤæ	d æ qˤ d æ qˤ æ	tigr1271	15.3359	38.9266	Afro-Asiatic	2017
5085	2727_totransportgoodsbroughtbythemawsimgoingbackwardsandforwardscarryingtodancearunningdancecamelstodancetofrolic	to transport goods brought by the mawsim, going backwards and forwards carrying; to dance a running dance; (camels) to dance, to frolic	mehri	Mehri	zəfūn	zəfuːn	z ə f uː n	mehr1241	16.793	52.473	Afro-Asiatic	1374
2412	1123_totravel	to travel	pes	East Semitic	*ngd	ngd	n g d	east2678			Afro-Asiatic	930
2419	1123_totravel	to travel	soddo	Soddo	näggädä	næggædæ	n æ g g æ d æ	sodd1242			Afro-Asiatic	930
2417	1127_totravelabouttradeinbeastranger	to travel about, trade in, be a stranger	amharic	Amharic	näggädä	næggædæ	n æ g g æ d æ	amha1245	11.708182	39.543456	Afro-Asiatic	930
2416	1126_totravelforbusinesstrade	to travel for business, trade	tigrinya	Tigrinya	nägädä	nægædæ	n æ g æ d æ	tigr1271	15.3359	38.9266	Afro-Asiatic	930
6159	3390_totravelgoonatripajourney	to travel, go on a trip, a journey	amharic	Amharic	tägʷazä	tægʷazæ	t æ gʷ a z æ	amha1245	11.708182	39.543456	Afro-Asiatic	1947
2418	1128_totraveltotrade	to travel; to trade	harari	Harari	nigdi āša	nigdi	n i g d i	hara1271	9.30485	42.1332	Afro-Asiatic	930
2312	1072_totreadtotrampletowalk	to tread, to trample, to walk	pes	East Semitic	*kyd	kjd	k j d	east2678			Afro-Asiatic	914
2318	1077_totreadtowalkslowly	to tread, to walk slowly (?)	pws	West Semitic	*kd	kd	k d	west2786			Afro-Asiatic	915
2313	1073_totreadtramplethreshbetreading	to tread, trample, thresh (be treading)	geez	Geez	keda	keda	k e d a	geez1241	10.1342	40.6821	Afro-Asiatic	914
6071	3342_totreatmedicallytherapeutically	to treat medically, therapeutically	arabic	Arabic	ṭbb	tˤbb	tˤ b b	arab1395			Afro-Asiatic	1927
6517	3620_totremble	to tremble	hebrew	Modern Hebrew	zwˁ	zwʕ	z w ʕ	hebr1245	31.1056	35.0179	Afro-Asiatic	2071
6515	3618_totrembletoshake	to tremble, to shake	pws	West Semitic	*zˁ	zʕ	z ʕ	west2786			Afro-Asiatic	2071
6063	3336_totrespass	to trespass	tigrinya	Tigrinya	ˁadäwä	ʕadæwæ	ʕ a d æ w æ	tigr1271	15.3359	38.9266	Afro-Asiatic	1924
6528	3631_totrusstogetherthelegsofananimalforsacrifice	to truss together the legs of an animal for sacrifice	hebrew	Modern Hebrew	ˁḳd	ʕqˤd	ʕ qˤ d	hebr1245	31.1056	35.0179	Afro-Asiatic	2080
4449	2351_totryanddosomethingtothinkonecandosomething	to try and do something; to think one can do something	mehri	Mehri	məthūr	məthuːr	m ə t h uː r	mehr1241	16.793	52.473	Afro-Asiatic	1284
6195	3412_totrytotesttoinvestigate	to try, to test, to investigate	geez	Geez	fatana	fatana	f a t a n a	geez1241	10.1342	40.6821	Afro-Asiatic	1955
5173	2796_totumblefallhurry	to tumble, fall, hurry	ugaritic	Ugaritic	γr	ɣr	ɣ r	ugar1238	35.6	35.78	Afro-Asiatic	1405
4087	2105_toturn	to turn	pws	West Semitic	*ˁwd	ʕwd	ʕ w d	west2786			Afro-Asiatic	1245
6603	2105_toturn	to turn	pws	West Semitic	*pny	pnj	p n j	west2786			Afro-Asiatic	2117
2453	1137_toturnacorner	to turn (a corner)	mehri	Mehri	alwīṭ	alwiːtˤ	a l w iː tˤ	mehr1241	16.793	52.473	Afro-Asiatic	935
2454	1137_toturnacorner	to turn (a corner)	jibbali	Jibbali	elbéṭ	elbétˤ	e l b é tˤ	sheh1240	17.29154	53.99526	Afro-Asiatic	935
3966	2031_toturnawayfrom	to turn away from	harsusi	Harsusi	adēber	adeːber	a d eː b e r	hars1241	19.6511	56.1562	Afro-Asiatic	1225
3965	2030_toturnonesback	to turn one’s back	jibbali	Jibbali	s̃ədbér	s̃ədbér	s̃ ə d b é r	sheh1240	17.29154	53.99526	Afro-Asiatic	1225
3378	1675_toturnoutwellsucceedincrease	to turn out well, succeed, increase	syriac	Classical Syriac	ṣlḥ	sˤlħ	sˤ l ħ	clas1252	37.1129	42.1432	Afro-Asiatic	1153
1977	982_toturnover	to turn over	arabic	Arabic	kbkb	kbkb	k b k b	arab1395			Afro-Asiatic	862
3964	2029_toturntheback	to turn the back	mehri	Mehri	adōber	adoːber	a d oː b e r	mehr1241	16.793	52.473	Afro-Asiatic	1225
3961	2026_toturnthebacktolieononesback	to turn the back; to lie on one’s back	pws	West Semitic	*dbr	dbr	d b r	west2786			Afro-Asiatic	1225
4203	2174_toturntoreturntocomebacktodrawback	to turn, to return, to come back, to draw back	tigrinya	Tigrinya	gäbˀe	gæbʔe	g æ b ʔ e	tigr1271	15.3359	38.9266	Afro-Asiatic	1256
5322	2896_totwisttheropeorcordfromtheleft	to twist the rope, or cord, from the left	arabic	Arabic	šzr	ʃzr	ʃ z r	arab1395			Afro-Asiatic	1499
4080	2098_totwisttoturntobend	to twist, to turn, to bend	pws	West Semitic	*ˁḳl	ʕqˤl	ʕ qˤ l	west2786			Afro-Asiatic	1244
2451	1135_totwisttoturntodoasecondtime	to twist, to turn, to do a second time	pws	West Semitic	*lwṭ	lwtˤ	l w tˤ	west2786			Afro-Asiatic	935
6532	3634_totwisttowindtransitive	to twist, to wind (transitive)	soqotri	Soqotri	ˁóḳid	ʕóqˤid	ʕ ó qˤ i d	soqo1240	12.4892	53.9168	Afro-Asiatic	2080
4152	2146_tounderstand	to understand	ugaritic	Ugaritic	byn	bjn	b j n	ugar1238	35.6	35.78	Afro-Asiatic	1252
4153	2146_tounderstand	to understand	hebrew	Modern Hebrew	byn	bjn	b j n	hebr1245	31.1056	35.0179	Afro-Asiatic	1252
4114	2126_touphold	to uphold	sabaic	Sabaic	h-ˁzz	h-ʕzz	h ʕ z z	saba1279	15.42	45.35	Afro-Asiatic	1248
3663	1872_tovaccinate	to vaccinate	tigre	Tigre	katäbä	katæbæ	k a t æ b æ	tigr1270	17.3494	38.2233	Afro-Asiatic	1186
3664	1872_tovaccinate	to vaccinate	tigrinya	Tigrinya	katäbä	katæbæ	k a t æ b æ	tigr1271	15.3359	38.9266	Afro-Asiatic	1186
4985	2655_tovanishpassaway	to vanish, pass away	syriac	Classical Syriac	šyḥ	ʃjħ	ʃ j ħ	clas1252	37.1129	42.1432	Afro-Asiatic	1356
3195	1558_tovoidexcrementwithanemissionofwind	to void excrement with an emission of wind	arabic	Arabic	fyḫ	fjx	f j x	arab1395			Afro-Asiatic	1118
2726	1311_tovoidurineexcrement	to void urine, excrement	akkadian	Akkadian	nezû	nezû	n e z û	akka1240	33.1	44.1	Afro-Asiatic	991
2516	1159_tovomitspitout	to vomit, spit out	syriac	Classical Syriac	gˁṭ	gʕtˤ	g ʕ tˤ	clas1252	37.1129	42.1432	Afro-Asiatic	943
3623	1845_towagewar	to wage war	sabaic	Sabaic	ḥrb	ħrb	ħ r b	saba1279	15.42	45.35	Afro-Asiatic	1181
6658	3732_towait	to wait	jewishbabylonianaramaic	Jewish Babylonian Aramaic (ca. 200-1200 CE)	sky	skj	s k j	jewi1240	32.273	44.245	Afro-Asiatic	2164
5277	2866_towake	to wake	pcs	Central Semitic	*yḳṯ̣	jqˤθˤ	j qˤ θˤ	cent2236			Afro-Asiatic	1438
5279	2868_towakeup	to wake up	hebrew	Modern Hebrew	ḳyṣ	qˤjsˤ	qˤ j sˤ	hebr1245	31.1056	35.0179	Afro-Asiatic	1438
5281	2870_towakeuptobealerttobenotsleeping	to wake up; to be alert, to be not sleeping	arabic	Arabic	yqḏ̣	jqðˤ	j q ðˤ	arab1395			Afro-Asiatic	1438
2314	1074_towalk	to walk	tigrinya	Tigrinya	kädä	kædæ	k æ d æ	tigr1271	15.3359	38.9266	Afro-Asiatic	914
3601	1830_towalkbarefoot	to walk barefoot	pcs	Central Semitic	*ḥp	ħp	ħ p	cent2236			Afro-Asiatic	1179
2315	1075_towalkgo	to walk, go	amharic	Amharic	hedä	hedæ	h e d æ	amha1245	11.708182	39.543456	Afro-Asiatic	914
2317	1075_towalkgo	to walk, go	ezha	Ezha	hedä	hedæ	h e d æ	ezha1238			Afro-Asiatic	914
2409	1120_towalktravel	to walk, travel	pws	West Semitic	*ngd	ngd	n g d	west2786			Afro-Asiatic	929
5387	2925_towander	to wander	pws	West Semitic	*šgy	ʃgj	ʃ g j	west2786			Afro-Asiatic	1561
5388	2926_towanderinsearchofsubsistence	to wander (in search of subsistence)	akkadian	Akkadian	sagû	sagû	s a g û	akka1240	33.1	44.1	Afro-Asiatic	1561
4233	2193_towandertouraround	to wander, tour around	jibbali	Jibbali	egtél	egtél	e g t é l	sheh1240	17.29154	53.99526	Afro-Asiatic	1259
1101	594_towantbewilling	to want, be willing	hebrew	Modern Hebrew	ˀby	ʔbj	ʔ b j	hebr1245	31.1056	35.0179	Afro-Asiatic	573
1100	593_towanttodesire	to want, to desire	pws	West Semitic	*ˀby	ʔbj	ʔ b j	west2786			Afro-Asiatic	573
4628	2451_towantwishdesire	to want, wish, desire	geezepigraphic	Geez	ftw	ftw	f t w	geez1241	10.1342	40.6821	Afro-Asiatic	1301
2279	1064_towash	to wash	pes	East Semitic	*ḫṣ̂b	xɬˤb	x ɬˤ b	east2678			Afro-Asiatic	910
2280	1064_towash	to wash	geez	Geez	ḫaṣ̂aba	xaɬˤaba	x a ɬˤ a b a	geez1241	10.1342	40.6821	Afro-Asiatic	910
2281	1064_towash	to wash	tigre	Tigre	ḥaṣbä	ħasˤbæ	ħ a sˤ b æ	tigr1270	17.3494	38.2233	Afro-Asiatic	910
2282	1064_towash	to wash	tigrinya	Tigrinya	ḥaṣäbä	ħasˤæbæ	ħ a sˤ æ b æ	tigr1271	15.3359	38.9266	Afro-Asiatic	910
2283	1064_towash	to wash	amharic	Amharic	aṭṭäbä	atˤtˤæbæ	a tˤ tˤ æ b æ	amha1245	11.708182	39.543456	Afro-Asiatic	910
2284	1064_towash	to wash	argobba	Argobba	aṭṭäba, haṭṭäba	atˤtˤæba	a tˤ tˤ æ b a	argo1244	10.6596	39.756	Afro-Asiatic	910
2286	1064_towash	to wash	harari	Harari	ḥaṭäbä	ħatˤæbæ	ħ a tˤ æ b æ	hara1271	9.30485	42.1332	Afro-Asiatic	910
2287	1064_towash	to wash	harari	Harari	ḥaṭäba	ħatˤæba	ħ a tˤ æ b a	hara1271	9.30485	42.1332	Afro-Asiatic	910
2288	1064_towash	to wash	selti	Silt'e	aṭäbä	atˤæbæ	a tˤ æ b æ	silt1240	7.77004	38.1449	Afro-Asiatic	910
2289	1064_towash	to wash	wolane	Wolane	aṭäbä	atˤæbæ	a tˤ æ b æ	wola1253	8.23	38.14	Afro-Asiatic	910
2290	1064_towash	to wash	gafat	Gafat	aṣṣäbä	asˤsˤæbæ	a sˤ sˤ æ b æ	gafa1240	11.5764	39.5605	Afro-Asiatic	910
2291	1064_towash	to wash	chaha	Chaha	aṭäbä	atˤæbæ	a tˤ æ b æ	chah1248			Afro-Asiatic	910
2292	1064_towash	to wash	ezha	Ezha	aṭṭäbä	atˤtˤæbæ	a tˤ tˤ æ b æ	ezha1238			Afro-Asiatic	910
2293	1064_towash	to wash	endegen	Endegegny	aˀäwä	aʔæwæ	a ʔ æ w æ	eneg1238			Afro-Asiatic	910
2294	1064_towash	to wash	ennemor	Inoric	aˀäḇä	aʔæḇæ	a ʔ æ b̠ æ	inor1238	7.94883	37.7968	Afro-Asiatic	910
2295	1064_towash	to wash	gyeto	Gyeta	aṭäḇä	atˤæḇæ	a tˤ æ b̠ æ	gyet1241			Afro-Asiatic	910
2296	1064_towash	to wash	muher	Muher	aṭṭäbä	atˤtˤæbæ	a tˤ tˤ æ b æ	muhe1234			Afro-Asiatic	910
2297	1064_towash	to wash	masqan	Mesqan	aṭṭäbä	atˤtˤæbæ	a tˤ tˤ æ b æ	mesq1240	8.10617	38.3386	Afro-Asiatic	910
2298	1064_towash	to wash	gogot	Kistane	aṭṭäbä	atˤtˤæbæ	a tˤ tˤ æ b æ	kist1241	8.33561	38.4763	Afro-Asiatic	910
2299	1064_towash	to wash	soddo	Soddo	aṭṭäbä	atˤtˤæbæ	a tˤ tˤ æ b æ	sodd1242			Afro-Asiatic	910
2300	1064_towash	to wash	soddo	Soddo	aṭṭäbä	atˤtˤæbæ	a tˤ tˤ æ b æ	sodd1242			Afro-Asiatic	910
339	222_towashosbathe	to wash o.s., bathe	syriac	Classical Syriac	sḥy	sħj	s ħ j	clas1252	37.1129	42.1432	Afro-Asiatic	132
338	221_towashoneselfbathe	to wash oneself, bathe	jewishbabylonianaramaic	Jewish Babylonian Aramaic (ca. 200-1200 CE)	sḥy	sħj	s ħ j	jewi1240	32.273	44.245	Afro-Asiatic	132
340	223_towashperformablutions	to wash, perform ablutions	mandaic	Classical Mandaic	saa	saa	s a a	clas1253	36.1203	49.5659	Afro-Asiatic	132
5144	2771_towatch	to watch	ugaritic	Ugaritic	bṣr	bsˤr	b sˤ r	ugar1238	35.6	35.78	Afro-Asiatic	1395
517	315_toweavetodomischieftoinventlies	to weave; to do mischief, to invent (lies)	tigre	Tigre	fäˁalä	fæʕalæ	f æ ʕ a l æ	tigr1270	17.3494	38.2233	Afro-Asiatic	189
6621	3699_toweavetorespecttoassumereckonplan	to weave; to respect; to assume, reckon, plan	hebrew	Modern Hebrew	ḥšb	ħʃb	ħ ʃ b	hebr1245	31.1056	35.0179	Afro-Asiatic	2147
2936	1418_toweigh	to weigh	pes	East Semitic	*dlw	dlw	d l w	east2678			Afro-Asiatic	1056
2937	1418_toweigh	to weigh	geez	Geez	dalawa	dalawa	d a l a w a	geez1241	10.1342	40.6821	Afro-Asiatic	1056
2938	1419_toweighonscales	to weigh on scales	tigrinya	Tigrinya	däläwä	dælæwæ	d æ l æ w æ	tigr1271	15.3359	38.9266	Afro-Asiatic	1056
5009	2672_towhinnyneightoyell	to whinny, neigh; to yell	jibbali	Jibbali	ṣɛhέl	sˤɛhɛl	sˤ ɛ h ɛ l	sheh1240	17.29154	53.99526	Afro-Asiatic	1359
3574	1807_towindroundtowraptobindup	to wind round, to wrap, to bind up	hebrew	Modern Hebrew	ḥbš	ħbʃ	ħ b ʃ	hebr1245	31.1056	35.0179	Afro-Asiatic	1176
4464	2362_towipeclean	to wipe clean	hebrew	Modern Hebrew	mḥw	mħw	m ħ w	hebr1245	31.1056	35.0179	Afro-Asiatic	1286
4462	2360_towipecleantoerase	to wipe clean, to erase	pws	West Semitic	*mḥw	mħw	m ħ w	west2786			Afro-Asiatic	1286
6396	3546_towipeouttoefface	to wipe out, to efface	pes	East Semitic	*dmš	dmʃ	d m ʃ	east2678			Afro-Asiatic	2025
4073	2091_towishtodesire	to wish, to desire	pws	West Semitic	*ˁgb	ʕgb	ʕ g b	west2786			Afro-Asiatic	1243
3699	1897_towithholdtorefuse	to withhold, to refuse	tigre	Tigre	männəˁa	mænnəʕa	m æ n n ə ʕ a	tigr1270	17.3494	38.2233	Afro-Asiatic	1190
4076	2094_towondertolovetolike	to wonder; to love, to like	arabic	Arabic	ˁǯb	ʕgb	ʕ g b	arab1395			Afro-Asiatic	1243
511	311_towork	to work	syriac	Classical Syriac	pˁl	pʕl	p ʕ l	clas1252	37.1129	42.1432	Afro-Asiatic	189
498	299_toworkafieldtocultivatetoproduce	to work (a field), to cultivate, to produce	ugaritic	Ugaritic	ˁbd	ʕbd	ʕ b d	ugar1238	35.6	35.78	Afro-Asiatic	188
4115	2127_toworkvigorously	to work vigorously	qatabanian	Qatabanian	ˁzz	ʕzz	ʕ z z	qata1238	14.8	45.733333	Afro-Asiatic	1248
499	300_toworktotoil	to work, to toil	hebrew	Modern Hebrew	ˁbd	ʕbd	ʕ b d	hebr1245	31.1056	35.0179	Afro-Asiatic	188
503	304_toworktomakedoproducecomplete	to work; to make, do, produce, complete	syriac	Classical Syriac	ˁbd	ʕbd	ʕ b d	clas1252	37.1129	42.1432	Afro-Asiatic	188
2452	1136_towrapup	to wrap up	hebrew	Modern Hebrew	lwṭ	lwtˤ	l w tˤ	hebr1245	31.1056	35.0179	Afro-Asiatic	935
6520	3623_towraptocover	to wrap, to cover	pws	West Semitic	*γpn	ɣpn	ɣ p n	west2786			Afro-Asiatic	2073
6526	3629_towraptocoverripeningdateclustersfromwind	to wrap, to cover (ripening date clusters from wind)	soqotri	Soqotri	ˁófin	ʕófin	ʕ ó f i n	soqo1240	12.4892	53.9168	Afro-Asiatic	2073
3027	1444_towraptofold	to wrap, to fold	pws	West Semitic	*ˁṭp	ʕtˤp	ʕ tˤ p	west2786			Afro-Asiatic	1086
3028	1444_towraptofold	to wrap, to fold	hebrew	Modern Hebrew	ˁṭp	ʕtˤp	ʕ tˤ p	hebr1245	31.1056	35.0179	Afro-Asiatic	1086
3030	1444_towraptofold	to wrap, to fold	arabic	Arabic	ˁṭf	ʕtˤf	ʕ tˤ f	arab1395			Afro-Asiatic	1086
3031	1444_towraptofold	to wrap, to fold	geez	Geez	ˁaṭafa	ʕatˤafa	ʕ a tˤ a f a	geez1241	10.1342	40.6821	Afro-Asiatic	1086
3032	1444_towraptofold	to wrap, to fold	mehri	Mehri	ˀāṭáwf	ʔaːtˤáwf	ʔ aː tˤ á w f	mehr1241	16.793	52.473	Afro-Asiatic	1086
3033	1444_towraptofold	to wrap, to fold	jibbali	Jibbali	ˁɔ́ṭɔ́f	ʕɔ́tˤɔ́f	ʕ ɔ́ tˤ ɔ́ f	sheh1240	17.29154	53.99526	Afro-Asiatic	1086
5561	3037_towriggleouttowritheindeathordeathlikeagony	to wriggle out; to writhe in death (or deathlike) agony	syriac	Classical Syriac	prpr	prpr	p r p r	clas1252	37.1129	42.1432	Afro-Asiatic	1749
651	404_towringwetclothestosqueezewateroutofclothesordough	to wring wet clothes, to squeeze water out of clothes or dough	selti	Silt'e	aṭämäḳä	atˤæmæqˤæ	a tˤ æ m æ qˤ æ	silt1240	7.77004	38.1449	Afro-Asiatic	287
652	404_towringwetclothestosqueezewateroutofclothesordough	to wring wet clothes, to squeeze water out of clothes or dough	wolane	Wolane	aṭämäḳä	atˤæmæqˤæ	a tˤ æ m æ qˤ æ	wola1253	8.23	38.14	Afro-Asiatic	287
653	404_towringwetclothestosqueezewateroutofclothesordough	to wring wet clothes, to squeeze water out of clothes or dough	zway	Zay	ṭämäḳä	tˤæmæqˤæ	tˤ æ m æ qˤ æ	zayy1238	8.01148	38.8258	Afro-Asiatic	287
654	404_towringwetclothestosqueezewateroutofclothesordough	to wring wet clothes, to squeeze water out of clothes or dough	ezha	Ezha	č̣əmammäḳä	č̣əmammæqˤæ	č̣ ə m a m m æ qˤ æ	ezha1238			Afro-Asiatic	287
649	402_towringtosqueezetocompress	to wring, to squeeze, to compress	amharic	Amharic	č̣ämmäḳä	č̣æmmæqˤæ	č̣ æ m m æ qˤ æ	amha1245	11.708182	39.543456	Afro-Asiatic	287
648	401_towringtosqueezetoextract	to wring, to squeeze, to extract	tigrinya	Tigrinya	ṣämäḳʷä	sˤæmæqˤʷæ	sˤ æ m æ qʷˤ æ	tigr1271	15.3359	38.9266	Afro-Asiatic	287
3652	1867_towrite	to write	pcs	Central Semitic	*ktb	ktb	k t b	cent2236			Afro-Asiatic	1185
3653	1867_towrite	to write	ugaritic	Ugaritic	ktb	ktb	k t b	ugar1238	35.6	35.78	Afro-Asiatic	1185
3654	1867_towrite	to write	hebrew	Modern Hebrew	ktb	ktb	k t b	hebr1245	31.1056	35.0179	Afro-Asiatic	1185
3655	1867_towrite	to write	syriac	Classical Syriac	ktb	ktb	k t b	clas1252	37.1129	42.1432	Afro-Asiatic	1185
3656	1867_towrite	to write	arabic	Arabic	ktb	ktb	k t b	arab1395			Afro-Asiatic	1185
3658	1867_towrite	to write	mehri	Mehri	kətūb	kətuːb	k ə t uː b	mehr1241	16.793	52.473	Afro-Asiatic	1185
3659	1867_towrite	to write	jibbali	Jibbali	ktɔb	ktɔb	k t ɔ b	sheh1240	17.29154	53.99526	Afro-Asiatic	1185
146	100_towritetosealtoteachtomakeasigntomark	to write, to seal, to teach, to make a sign, to mark	geez	Geez	ˁallama	ʕallama	ʕ a l l a m a	geez1241	10.1342	40.6821	Afro-Asiatic	93
5565	3041_towrithetoflailabouttofloparoundtoflapitswingtofloptohavestrongpulsations	to writhe, to flail about, to flop around, to flap its wing, to flop, to have strong pulsations	amharic	Amharic	tänfäräffärä	tænfæræffæræ	t æ n f æ r æ f f æ r æ	amha1245	11.708182	39.543456	Afro-Asiatic	1749
4908	2604_tofor	to, for	tigrinya	Tigrinya	nə	nə	n ə	tigr1271	15.3359	38.9266	Afro-Asiatic	1347
4903	2600_toforatupon	to, for, at, upon	mandaic	Classical Mandaic	l-	l-	l	clas1253	36.1203	49.5659	Afro-Asiatic	1347
4909	2605_toforforthesakeofaboutconcerningasfor	to, for, for the sake of; about, concerning, as for	amharic	Amharic	lä-	læ-	l æ	amha1245	11.708182	39.543456	Afro-Asiatic	1347
4910	2606_toforinorderthat	to, for, in order that	harari	Harari	le	le	l e	hara1271	9.30485	42.1332	Afro-Asiatic	1347
4918	2607_toonagainstrarelysubjmarker	to, on, against; (rarely) subj. marker	harsusi	Harsusi	l-/le-/el-	l-	l	hars1241	19.6511	56.1562	Afro-Asiatic	1347
5411	2935_totoward	to, toward	harari	Harari	de	de	d e	hara1271	9.30485	42.1332	Afro-Asiatic	1576
4899	2596_totowardpreposition	to, toward (preposition)	hebrew	Modern Hebrew	lə	lə	l ə	hebr1245	31.1056	35.0179	Afro-Asiatic	1347
4904	2601_totowardfor	to, toward, for	arabic	Arabic	li	li	l i	arab1395			Afro-Asiatic	1347
4907	2601_totowardfor	to, toward, for	geez	Geez	la	la	l a	geez1241	10.1342	40.6821	Afro-Asiatic	1347
4906	2603_totowardforaboutconcerning	to, toward, for, about, concerning	qatabanian	Qatabanian	l-	l-	l	qata1238	14.8	45.733333	Afro-Asiatic	1347
4900	2597_totowardnear	to, toward, near	syriac	Classical Syriac	l-	l-	l	clas1252	37.1129	42.1432	Afro-Asiatic	1347
5413	2937_totowards	to, towards	harsusi	Harsusi	wdé-	wdé-	w d é	hars1241	19.6511	56.1562	Afro-Asiatic	1576
5414	2937_totowards	to, towards	soqotri	Soqotri	di-, id	di-	d i	soqo1240	12.4892	53.9168	Afro-Asiatic	1576
5409	2933_totowardsupto	to, towards, up to	pws	West Semitic	*ˀVd/d	ʔ-d	ʔ d	west2786			Afro-Asiatic	1576
5412	2936_toupto	to, up to	jibbali	Jibbali	ˀéd/d	ʔéd	ʔ é d	sheh1240	17.29154	53.99526	Afro-Asiatic	1576
4905	2602_touptofor	to, up to; for	sabaic	Sabaic	l	l	l	saba1279	15.42	45.35	Afro-Asiatic	1347
4897	2594_toforfrom	to; for; from	ugaritic	Ugaritic	l	l	l	ugar1238	35.6	35.78	Afro-Asiatic	1347
4901	2598_tonexttobefore	to; next to; before	syriac	Classical Syriac	ləwāt	ləwaːt	l ə w aː t	clas1252	37.1129	42.1432	Afro-Asiatic	1347
3224	1575_together	together	arabic	Arabic	maˁaⁿ	maʕa	m a ʕ a	arab1395			Afro-Asiatic	1122
3211	1569_togetherwith	together with	pcs	Central Semitic	*ˁimm(-a)	ʕimm	ʕ i m m	cent2236			Afro-Asiatic	1122
3212	1569_togetherwith	together with	ugaritic	Ugaritic	ˁm	ʕm	ʕ m	ugar1238	35.6	35.78	Afro-Asiatic	1122
3214	1569_togetherwith	together with	hebrew	Modern Hebrew	ˁim	ʕim	ʕ i m	hebr1245	31.1056	35.0179	Afro-Asiatic	1122
3218	1569_togetherwith	together with	jewishpalestinianaramaic	Jewish Palestinian Aramaic	ˁäm	ʕæm	ʕ æ m	pale1261			Afro-Asiatic	1122
3225	1569_togetherwith	together with	sabaic	Sabaic	ˁm	ʕm	ʕ m	saba1279	15.42	45.35	Afro-Asiatic	1122
3226	1569_togetherwith	together with	minaean	Minaean	ˁm	ʕm	ʕ m	mina1279	16.166667	44.672778	Afro-Asiatic	1122
6105	3358_toil	toil	tigrinya	Tigrinya	ṣama	sˤama	sˤ a m a	tigr1271	15.3359	38.9266	Afro-Asiatic	1932
122	85_tomorrow	tomorrow	jibbali	Jibbali	ḳərérɛ	qˤərérɛ	qˤ ə r é r ɛ	sheh1240	17.29154	53.99526	Afro-Asiatic	83
3334	85_tomorrow	tomorrow	pcs	Central Semitic	*maḫar-	maxar-	m a x a r	cent2236			Afro-Asiatic	1143
3336	85_tomorrow	tomorrow	syriac	Classical Syriac	mḥār	mħaːr	m ħ aː r	clas1252	37.1129	42.1432	Afro-Asiatic	1143
3337	85_tomorrow	tomorrow	sabaic	Sabaic	mḫr	mxr	m x r	saba1279	15.42	45.35	Afro-Asiatic	1143
123	86_tomorrownextday	tomorrow; next day	soqotri	Soqotri	ḳarére	qˤarére	qˤ a r é r e	soqo1240	12.4892	53.9168	Afro-Asiatic	83
3952	2018_tonsil	tonsil	jibbali	Jibbali	múblɔγ	múblɔɣ	m ú b l ɔ ɣ	sheh1240	17.29154	53.99526	Afro-Asiatic	1222
3954	2019_tonsiluvula	tonsil; uvula	harsusi	Harsusi	tebelōt	tebeloːt	t e b e l oː t	hars1241	19.6511	56.1562	Afro-Asiatic	1222
2678	1280_tonsils	tonsils	syriac	Classical Syriac	naḥnaḥtā	naħnaħtaː	n a ħ n a ħ t aː	clas1252	37.1129	42.1432	Afro-Asiatic	983
89	63_tooth	tooth	soqotri	Soqotri	ŝáˁal	ɬáʕal	ɬ á ʕ a l	soqo1240	12.4892	53.9168	Afro-Asiatic	74
1763	63_tooth	tooth	tigrinya	Tigrinya	ṭǝrsi	tˤǝrsi	tˤ ə r s i	tigr1271	15.3359	38.9266	Afro-Asiatic	745
1866	940_toothcaninetoothmilkteethincisorsofgrownuppeople	tooth; canine tooth; milkteeth; incisors (of grown up people)	tigre	Tigre	nib	nib	n i b	tigr1270	17.3494	38.2233	Afro-Asiatic	829
3074	1471_topofthehead	top of the head	amharic	Amharic	dəmah	dəmah	d ə m a h	amha1245	11.708182	39.543456	Afro-Asiatic	1092
5410	2934_towardtointoaroundaboutapproximatelywithnumbers	toward, to, into; around, about, approximately (with numbers)	amharic	Amharic	wädä	wædæ	w æ d æ	amha1245	11.708182	39.543456	Afro-Asiatic	1576
3197	1560_towards	towards	pcs	Central Semitic	*ˀil/ˀilay	ʔil	ʔ i l	cent2236			Afro-Asiatic	1120
3199	1560_towards	towards	hebrew	Modern Hebrew	ˀäl	ʔæl	ʔ æ l	hebr1245	31.1056	35.0179	Afro-Asiatic	1120
3200	1560_towards	towards	oldaramaic	Old Aramaic (up to 700 BCE)	ˀl	ʔl	ʔ l	olda1246			Afro-Asiatic	1120
3201	1560_towards	towards	officialaramaic	Middle-Modern Aramaic	ˀl	ʔl	ʔ l	midd1367			Afro-Asiatic	1120
3203	1560_towards	towards	arabic	Arabic	ˀilā	ʔilaː	ʔ i l aː	arab1395			Afro-Asiatic	1120
4641	2462_town	town	mehri	Mehri	rəḥbēt	rəħbeːt	r ə ħ b eː t	mehr1241	16.793	52.473	Afro-Asiatic	1302
4642	2462_town	town	harsusi	Harsusi	reḥebét	reħebét	r e ħ e b é t	hars1241	19.6511	56.1562	Afro-Asiatic	1302
3683	1884_towncollectionofhouses	town, collection of houses	jibbali	Jibbali	ṣ̃írɛt	sˤ̃írɛt	s̃ˤ í r ɛ t	sheh1240	17.29154	53.99526	Afro-Asiatic	1188
3676	1880_townvillage	town, village	pcs	Central Semitic	*ḳVry-at-/*ḳar-t-	qˤ-rj-at-	qˤ r j a t	cent2236			Afro-Asiatic	1188
3677	1880_townvillage	town, village	ugaritic	Ugaritic	ḳrt	qˤrt	qˤ r t	ugar1238	35.6	35.78	Afro-Asiatic	1188
3678	1880_townvillage	town, village	ugaritic	Ugaritic	ḳryt	qˤrjt	qˤ r j t	ugar1238	35.6	35.78	Afro-Asiatic	1188
3680	1880_townvillage	town, village	hebrew	Modern Hebrew	ḳiryā	qˤirjaː	qˤ i r j aː	hebr1245	31.1056	35.0179	Afro-Asiatic	1188
4263	2218_tradingstall	trading stall	qatabanian	Qatabanian	ḫdr	xdr	x d r	qata1238	14.8	45.733333	Afro-Asiatic	1264
3345	1650_trapsnare	trap, snare	syriac	Classical Syriac	paḥḥā	paħħaː	p a ħ ħ aː	clas1252	37.1129	42.1432	Afro-Asiatic	1148
3346	1650_trapsnare	trap, snare	arabic	Arabic	faḫḫ-	faxx-	f a x x	arab1395			Afro-Asiatic	1148
3344	1649_trappingnet	trapping net	hebrew	Modern Hebrew	paḥ	paħ	p a ħ	hebr1245	31.1056	35.0179	Afro-Asiatic	1148
6068	3340_traversercrossgoacross	traverser (cross, go across)	gafat	Gafat	addä	addæ	a d d æ	gafa1240	11.5764	39.5605	Afro-Asiatic	1924
4937	2625_trainertopulldrag	traîner (to pull, drag)	gafat	Gafat	sabä	sabæ	s a b æ	gafa1240	11.5764	39.5605	Afro-Asiatic	1351
5732	3141_tree	tree	arabic	Arabic	lubn-	lubn-	l u b n	arab1395			Afro-Asiatic	1796
6087	3352_treetherootofwhichfurnishesareddyewhichisputaroundtheeyes	tree the root of which furnishes a red dye which is put around the eyes	amharic	Amharic	bəš(šə)b(əš)ša	bəʃbʃa	b ə ʃ b ʃ a	amha1245	11.708182	39.543456	Afro-Asiatic	1931
6298	3473_treebush	tree, bush	pes	East Semitic	*barbar	barbar	b a r b a r	east2678			Afro-Asiatic	1975
1915	969_tribalunion	tribal union	deiralla	Canaanite	phz	phz	p h z	cana1267			Afro-Asiatic	848
1916	969_tribalunion	tribal union	palmyrean	Palmyrene	pḥz	pħz	p ħ z	palm1242			Afro-Asiatic	848
6029	3318_tributaryterritory	tributary territory	qatabanian	Qatabanian	bṣ̂ˁ	bɬˤʕ	b ɬˤ ʕ	qata1238	14.8	45.733333	Afro-Asiatic	1907
6027	3316_tributaryterritoryofatown	tributary territory of a town	sabaic	Sabaic	bṣ̂ˁ	bɬˤʕ	b ɬˤ ʕ	saba1279	15.42	45.35	Afro-Asiatic	1907
6455	3584_tripeventricleofruminants	tripe, ventricle of ruminants	tigrinya	Tigrinya	šənfəlla	ʃənfəlla	ʃ ə n f ə l l a	tigr1271	15.3359	38.9266	Afro-Asiatic	2037
5117	2753_troublelabourtoilanxietyneed	trouble, labour, toil; anxiety; need	hebrew	Modern Hebrew	ˁāmāl	ʕaːmaːl	ʕ aː m aː l	hebr1245	31.1056	35.0179	Afro-Asiatic	1391
469	284_truth	truth	ugaritic	Ugaritic	ˀimt	ʔimt	ʔ i m t	ugar1238	35.6	35.78	Afro-Asiatic	187
494	284_truth	truth	jibbali	Jibbali	ˀeyɛ̃n	ʔejɛ̃n	ʔ e j ɛ̃ n	sheh1240	17.29154	53.99526	Afro-Asiatic	187
5003	284_truth	truth	mehri	Mehri	ṣadḳ	sˤadqˤ	sˤ a d qˤ	mehr1241	16.793	52.473	Afro-Asiatic	1358
5477	2978_tumeursduressurlecorpsquiproviennentordinairementdelatrabilecommedanslalepreappliedtoacamelmeansmangyorscabby	tumeurs dures sur le corps, qui proviennent ordinairement de l'atrabile, comme dans la lèpre (applied to a camel means mangy, or scabby)	arabic	Arabic	daran-	daran-	d a r a n	arab1395			Afro-Asiatic	1638
1382	712_turtledove	turtledove	amharic	Amharic	wane	wane	w a n e	amha1245	11.708182	39.543456	Afro-Asiatic	646
3254	712_turtledove	turtledove	hebrew	Modern Hebrew	gōzāl	goːzaːl	g oː z aː l	hebr1245	31.1056	35.0179	Afro-Asiatic	1129
795	468_turtledovelocusteatingcrane	turtledove, locusteating crane	geez	Geez	māˁǝnaḳ, māˁnǝḳ	maːʕǝnaqˤ	m aː ʕ ə n a qˤ	geez1241	10.1342	40.6821	Afro-Asiatic	364
1764	897_tusktooth	tusk, tooth	amharic	Amharic	ṭərs	tˤərs	tˤ ə r s	amha1245	11.708182	39.543456	Afro-Asiatic	745
1863	937_tuskscanineteeththesinewsconnectingthehipbonewithitssocket	tusks, canine teeth; the sinews connecting the hipbone with its socket	jewishbabylonianaramaic	Jewish Babylonian Aramaic (ca. 200-1200 CE)	nībā	niːbaː	n iː b aː	jewi1240	32.273	44.245	Afro-Asiatic	829
5101	2743_twilight	twilight	syriac	Classical Syriac	bahrā	bahraː	b a h r aː	clas1252	37.1129	42.1432	Afro-Asiatic	1380
1402	721_two	two	pes	East Semitic	*kVlˀ-ay	k-lʔ-aj	k l ʔ a j	east2678			Afro-Asiatic	652
1403	721_two	two	geez	Geez	kəlˀe	kəlʔe	k ə l ʔ e	geez1241	10.1342	40.6821	Afro-Asiatic	652
1404	721_two	two	tigre	Tigre	kəlˀot	kəlʔot	k ə l ʔ o t	tigr1270	17.3494	38.2233	Afro-Asiatic	652
1405	721_two	two	tigrinya	Tigrinya	kələtte	kələtte	k ə l ə t t e	tigr1271	15.3359	38.9266	Afro-Asiatic	652
1406	721_two	two	amharic	Amharic	hulätt	hulætt	h u l æ t t	amha1245	11.708182	39.543456	Afro-Asiatic	652
1407	721_two	two	argobba	Argobba	ket,  ḫäˀet, ḫoˀet, haˀet	ket	k e t	argo1244	10.6596	39.756	Afro-Asiatic	652
1408	721_two	two	harari	Harari	koˀot	koʔot	k o ʔ o t	hara1271	9.30485	42.1332	Afro-Asiatic	652
1409	721_two	two	wolane	Wolane	hoyt	hojt	h o j t	wola1253	8.23	38.14	Afro-Asiatic	652
1410	721_two	two	zway	Zay	hoyt	hojt	h o j t	zayy1238	8.01148	38.8258	Afro-Asiatic	652
1411	721_two	two	gafat	Gafat	ələttä	ələttæ	ə l ə t t æ	gafa1240	11.5764	39.5605	Afro-Asiatic	652
1412	721_two	two	chaha	Chaha	xʷet	xʷet	xʷ e t	chah1248			Afro-Asiatic	652
1413	721_two	two	ezha	Ezha	xʷett	xʷett	xʷ e t t	ezha1238			Afro-Asiatic	652
1414	721_two	two	endegen	Endegegny	hurˀet	hurʔet	h u r ʔ e t	eneg1238			Afro-Asiatic	652
1415	721_two	two	ennemor	Inoric	wərˀet	wərʔet	w ə r ʔ e t	inor1238	7.94883	37.7968	Afro-Asiatic	652
1416	721_two	two	gyeto	Gyeta	xʷet	xʷet	xʷ e t	gyet1241			Afro-Asiatic	652
1417	721_two	two	muher	Muher	xʷett	xʷett	xʷ e t t	muhe1234			Afro-Asiatic	652
1418	721_two	two	gogot	Kistane	kʷett, hʷett	kʷett	kʷ e t t	kist1241	8.33561	38.4763	Afro-Asiatic	652
1419	721_two	two	soddo	Soddo	kitt, hitt	kitt	k i t t	sodd1242			Afro-Asiatic	652
4324	2264_typeofcloakorcape	type of cloak or cape	ugaritic	Ugaritic	ḫlpn	xlpn	x l p n	ugar1238	35.6	35.78	Afro-Asiatic	1272
3505	1765_typeofdeer	type of deer	jewishbabylonianaramaic	Jewish Babylonian Aramaic (ca. 200-1200 CE)	yaḥmurtā	jaħmurtaː	j a ħ m u r t aː	jewi1240	32.273	44.245	Afro-Asiatic	1169
1428	724_typeoflizard	type of lizard	syriac	Classical Syriac	ˁabbā	ʕabbaː	ʕ a b b aː	clas1252	37.1129	42.1432	Afro-Asiatic	656
1509	762_typeofworm	type of worm	jewishpalestinianaramaic	Jewish Palestinian Aramaic	rymh	rjmh	r j m h	pale1261			Afro-Asiatic	684
2782	1335_tetertosuckle	téter (to suckle)	gafat	Gafat	ṣäbbä	sˤæbbæ	sˤ æ b b æ	gafa1240	11.5764	39.5605	Afro-Asiatic	998
708	431_totentokill	töten (to kill)	mlahso	Mlahsô	ḳṭl	qˤtˤl	qˤ tˤ l	mlah1239	37.0311	41.2209	Afro-Asiatic	332
1622	832_udder	udder	mehri	Mehri	nəˁīt	nəʕiːt	n ə ʕ iː t	mehr1241	16.793	52.473	Afro-Asiatic	719
1623	832_udder	udder	jibbali	Jibbali	nə́ˁəh	nə́ʕəh	n ə́ ʕ ə h	sheh1240	17.29154	53.99526	Afro-Asiatic	719
1624	832_udder	udder	jibbali	Jibbali	naˁét	naʕét	n a ʕ é t	sheh1240	17.29154	53.99526	Afro-Asiatic	719
1625	832_udder	udder	jibbali	Jibbali	nə́ˁəh	nə́ʕəh	n ə́ ʕ ə h	sheh1240	17.29154	53.99526	Afro-Asiatic	719
6108	832_udder	udder	arabic	Arabic	naǯd-	nagd-	n a g d	arab1395			Afro-Asiatic	1934
1626	833_udderteat	udder, teat	harsusi	Harsusi	neˁēt	neʕeːt	n e ʕ eː t	hars1241	19.6511	56.1562	Afro-Asiatic	719
3910	2000_ugolauvula	ugola (uvula)	tigrinya	Tigrinya	ˁanḳär	ʕanqˤær	ʕ a n qˤ æ r	tigr1271	15.3359	38.9266	Afro-Asiatic	1214
1650	847_umbilicalcord	umbilical cord	jewishpalestinianaramaic	Jewish Palestinian Aramaic	šwr	ʃwr	ʃ w r	pale1261			Afro-Asiatic	725
1651	847_umbilicalcord	umbilical cord	jewishbabylonianaramaic	Jewish Babylonian Aramaic (ca. 200-1200 CE)	šūrā	ʃuːraː	ʃ uː r aː	jewi1240	32.273	44.245	Afro-Asiatic	725
1652	848_umbilicalcordnavel	umbilical cord, navel	syriac	Classical Syriac	šerrā, šurtā	ʃerraː	ʃ e r r aː	clas1252	37.1129	42.1432	Afro-Asiatic	725
971	535_uncle	uncle	syriac	Classical Syriac	ḥālā	ħaːlaː	ħ aː l aː	clas1252	37.1129	42.1432	Afro-Asiatic	511
3448	1727_unclean	unclean	syriac	Classical Syriac	ṭma	tˤma	tˤ m a	clas1252	37.1129	42.1432	Afro-Asiatic	1162
1336	694_uncleananimal	unclean animal	samaritan	Samaritan	ḥld	ħld	ħ l d	sama1313	32.0817	35.4487	Afro-Asiatic	637
6020	3311_uncultivatedfieldplainmeadow	uncultivated field, plain, meadow	soddo	Soddo	bäda	bæda	b æ d a	sodd1242			Afro-Asiatic	1906
6019	3310_uncultivatedlanddesert	uncultivated land, desert	amharic	Amharic	bäda	bæda	b æ d a	amha1245	11.708182	39.543456	Afro-Asiatic	1906
584	359_under	under	pws	West Semitic	*taḥt-	taħt-	t a ħ t	west2786			Afro-Asiatic	255
586	359_under	under	phoenician	Phoenician	tḥt	tħt	t ħ t	phoe1239	34.12	35.65	Afro-Asiatic	255
602	369_underbelowbeneathinfra	under, below, beneath, infra	tigrinya	Tigrinya	təḥti	təħti	t ə ħ t i	tigr1271	15.3359	38.9266	Afro-Asiatic	255
585	360_underbeneath	under, beneath	ugaritic	Ugaritic	tḥt	tħt	t ħ t	ugar1238	35.6	35.78	Afro-Asiatic	255
599	360_underbeneath	under, beneath	qatabanian	Qatabanian	tḥthw	tħthw	t ħ t h w	qata1238	14.8	45.733333	Afro-Asiatic	255
588	362_underintheplaceofinsteadofinexchangefor	under; in the place of, instead of, in exchange for	oldaramaic	Old Aramaic (up to 700 BCE)	tḥt	tħt	t ħ t	olda1246			Afro-Asiatic	255
589	362_underintheplaceofinsteadofinexchangefor	under; in the place of, instead of, in exchange for	officialaramaic	Middle-Modern Aramaic	tḥt	tħt	t ħ t	midd1367			Afro-Asiatic	255
590	362_underintheplaceofinsteadofinexchangefor	under; in the place of, instead of, in exchange for	officialaramaic	Middle-Modern Aramaic	tḥt	tħt	t ħ t	midd1367			Afro-Asiatic	255
591	362_underintheplaceofinsteadofinexchangefor	under; in the place of, instead of, in exchange for	demoticaramaic	Demotic Egyptian	tḥt	tħt	t ħ t	demo1234			Afro-Asiatic	255
592	362_underintheplaceofinsteadofinexchangefor	under; in the place of, instead of, in exchange for	palmyrean	Palmyrene	tḥt	tħt	t ħ t	palm1242			Afro-Asiatic	255
593	362_underintheplaceofinsteadofinexchangefor	under; in the place of, instead of, in exchange for	nabataean	Nabatean	tḥt	tħt	t ħ t	naba1259			Afro-Asiatic	255
4154	2147_understanding	understanding	hebrew	Modern Hebrew	bīnā	biːnaː	b iː n aː	hebr1245	31.1056	35.0179	Afro-Asiatic	1252
5688	3113_undevelopedland	undeveloped land (?)	akkadian	Akkadian	barrātu	barraːtu	b a r r aː t u	akka1240	33.1	44.1	Afro-Asiatic	1784
4807	2544_uniquelyalone	uniquely, alone	sabaic	Sabaic	frd-m	frd-m	f r d m	saba1279	15.42	45.35	Afro-Asiatic	1323
4511	2392_unleavenedbread	unleavened bread	geez	Geez	nāˀt	naːʔt	n aː ʔ t	geez1241	10.1342	40.6821	Afro-Asiatic	1291
5977	3278_unripedates	unripe dates	arabic	Arabic	busr-	busr-	b u s r	arab1395			Afro-Asiatic	1886
888	502_unripefruit	unripe fruit	jibbali	Jibbali	frέt	frɛt	f r ɛ t	sheh1240	17.29154	53.99526	Afro-Asiatic	397
5974	502_unripefruit	unripe fruit	pws	West Semitic	*bVsr-	b-sr-	b s r	west2786			Afro-Asiatic	1886
5975	502_unripefruit	unripe fruit	hebrew	Modern Hebrew	bōsär	boːsær	b oː s æ r	hebr1245	31.1056	35.0179	Afro-Asiatic	1886
5976	502_unripefruit	unripe fruit	syriac	Classical Syriac	besrā	besraː	b e s r aː	clas1252	37.1129	42.1432	Afro-Asiatic	1886
3202	1562_until	until	mandaic	Classical Mandaic	ala	ala	a l a	clas1253	36.1203	49.5659	Afro-Asiatic	1120
6018	3309_untilledfieldvirginsoil	untilled field, virgin soil	tigrinya	Tigrinya	bädu	bædu	b æ d u	tigr1271	15.3359	38.9266	Afro-Asiatic	1906
3275	1609_upgetupcome	up! get up! come!	arabic	Arabic	halumma	halumma	h a l u m m a	arab1395			Afro-Asiatic	1133
5705	3128_upperjawcheak	upper jaw, cheak	syriac	Classical Syriac	pakkā	pakkaː	p a k k aː	clas1252	37.1129	42.1432	Afro-Asiatic	1792
1861	935_upperlip	upper lip	hebrew	Modern Hebrew	nīb ŝəpātayim	niːb	n iː b	hebr1245	31.1056	35.0179	Afro-Asiatic	829
6111	3362_upperpartofchest	upper part of chest	pcs	Central Semitic	*naḥ(a)r-	naħr-	n a ħ r	cent2236			Afro-Asiatic	1935
3967	2032_uppertorso	upper torso	pws	West Semitic	*dap-an-, *dapp(-at)-	dap-an-	d a p a n	west2786			Afro-Asiatic	1227
4466	2364_uprootpluckouttearaway	uproot, pluck out, tear away	geez	Geez	maḥawa	maħawa	m a ħ a w a	geez1241	10.1342	40.6821	Afro-Asiatic	1286
5287	2874_usedasnotaobjectivipassimfollowedbyprolepticpronsuffixusedasdemonstrative	used as nota objectivi, passim; followed by proleptic pron. suffix, used as demonstrative	moabite	Moabite	ˀt	ʔt	ʔ t	moab1234			Afro-Asiatic	1450
5288	2874_usedasnotaobjectivipassimfollowedbyprolepticpronsuffixusedasdemonstrative	used as nota objectivi, passim; followed by proleptic pron. suffix, used as demonstrative	samalian	Old Aramaic-Sam'alian	ˀt	ʔt	ʔ t	olda1245	32.84	37.0	Afro-Asiatic	1450
5290	2874_usedasnotaobjectivipassimfollowedbyprolepticpronsuffixusedasdemonstrative	used as nota objectivi, passim; followed by proleptic pron. suffix, used as demonstrative	officialaramaic	Middle-Modern Aramaic	wt	wt	w t	midd1367			Afro-Asiatic	1450
5292	2874_usedasnotaobjectivipassimfollowedbyprolepticpronsuffixusedasdemonstrative	used as nota objectivi, passim; followed by proleptic pron. suffix, used as demonstrative	palmyrean	Palmyrene	yt/wt	jt	j t	palm1242			Afro-Asiatic	1450
5293	2874_usedasnotaobjectivipassimfollowedbyprolepticpronsuffixusedasdemonstrative	used as nota objectivi, passim; followed by proleptic pron. suffix, used as demonstrative	nabataean	Nabatean	wt-/yt-	wt-	w t	naba1259			Afro-Asiatic	1450
3911	2001_uvula	uvula	amharic	Amharic	anḳär	anqˤær	a n qˤ æ r	amha1245	11.708182	39.543456	Afro-Asiatic	1214
3953	2001_uvula	uvula	jibbali	Jibbali	tɔbẑɔˁɔ́t	tɔbɬ̬ˤɔʕɔ́t	t ɔ b ɬ̬ˤ ɔ ʕ ɔ́ t	sheh1240	17.29154	53.99526	Afro-Asiatic	1222
3909	1999_uvulathroat	uvula, throat	tigre	Tigre	ˁanḳär	ʕanqˤær	ʕ a n qˤ æ r	tigr1270	17.3494	38.2233	Afro-Asiatic	1214
3946	2013_uvulagulletgorge	uvula; gullet, gorge	pws	West Semitic	*balVˁ/γ-, *balˁVm-	bal-ʕ	b a l ʕ	west2786			Afro-Asiatic	1222
3951	2017_uvulatonsilstonsilitis	uvula; tonsil(s); tonsilitis	mehri	Mehri	təbəlōt	təbəloːt	t ə b ə l oː t	mehr1241	16.793	52.473	Afro-Asiatic	1222
5627	3078_valley	valley	jewishbabylonianaramaic	Jewish Babylonian Aramaic (ca. 200-1200 CE)	biḳˁătā	biqˤʕătaː	b i qˤ ʕ ă t aː	jewi1240	32.273	44.245	Afro-Asiatic	1770
6505	3078_valley	valley	pws	West Semitic	*gVy-	g-j-	g j	west2786			Afro-Asiatic	2057
6506	3078_valley	valley	hebrew	Modern Hebrew	gay(ˀ)	gaj	g a j	hebr1245	31.1056	35.0179	Afro-Asiatic	2057
930	521_vegetationherbage	vegetation, herbage	arabic	Arabic	ˀabb-	ʔabb-	ʔ a b b	arab1395			Afro-Asiatic	486
148	102_veinartery	vein, artery	arabic	Arabic	ˁirq	ʕirq	ʕ i r q	arab1395			Afro-Asiatic	102
156	108_veinsinewnerveartery	vein, sinew, nerve, artery	harsusi	Harsusi	ˁarḳ	ʕarqˤ	ʕ a r qˤ	hars1241	19.6511	56.1562	Afro-Asiatic	102
6475	3592_vergepenisofthemanorofanothermalebeingtipofthebeardnose	verge, penis (of the man or of another male being); tip of the beard; nose	arabic	Arabic	zubb-	zubb-	z u b b	arab1395			Afro-Asiatic	2039
2195	1034_vergessentoforget	vergessen (to forget)	argobba	Argobba	rɛssɛˁ	rɛssɛʕ	r ɛ s s ɛ ʕ	argo1244	10.6596	39.756	Afro-Asiatic	899
1508	761_vermin	vermin	deiralla	Canaanite	rmh	rmh	r m h	cana1267			Afro-Asiatic	684
1513	765_verminworms	vermin, worms	mandaic	Classical Mandaic	rima	rima	r i m a	clas1253	36.1203	49.5659	Afro-Asiatic	684
5757	3152_vertebra	vertebra	arabic	Arabic	faqrat-	faqrat-	f a q r a t	arab1395			Afro-Asiatic	1800
6390	3542_verysmall	very small	jewishbabylonianaramaic	Jewish Babylonian Aramaic (ca. 200-1200 CE)	daḳdēḳ	daqˤdeːqˤ	d a qˤ d eː qˤ	jewi1240	32.273	44.245	Afro-Asiatic	2017
5873	3232_verythinpellicleundertheeggshell	very thin pellicle under the eggshell	arabic	Arabic	qīqat-	qiːqat-	q iː q a t	arab1395			Afro-Asiatic	1849
5351	2909_verzeihentoforgive	verzeihen (to forgive)	argobba	Argobba	mɛḥar	mɛħar	m ɛ ħ a r	argo1244	10.6596	39.756	Afro-Asiatic	1508
6310	3483_vesicabladderpustula	vesica (bladder); pustula	syriac	Classical Syriac	šalpuḥtā	ʃalpuħtaː	ʃ a l p u ħ t aː	clas1252	37.1129	42.1432	Afro-Asiatic	1980
3681	1882_village	village	syriac	Classical Syriac	ḳritā	qˤritaː	qˤ r i t aː	clas1252	37.1129	42.1432	Afro-Asiatic	1188
3682	1883_villagesmalltown	village, small town	arabic	Arabic	qaryat-	qarjat-	q a r j a t	arab1395			Afro-Asiatic	1188
3248	1593_vine	vine	pcs	Central Semitic	*gapn-	gapn-	g a p n	cent2236			Afro-Asiatic	1127
3250	1593_vine	vine	hebrew	Modern Hebrew	gäpän	gæpæn	g æ p æ n	hebr1245	31.1056	35.0179	Afro-Asiatic	1127
3251	1593_vine	vine	syriac	Classical Syriac	gpettā	gpettaː	g p e t t aː	clas1252	37.1129	42.1432	Afro-Asiatic	1127
3491	1593_vine	vine	syriac	Classical Syriac	sattā	sattaː	s a t t aː	clas1252	37.1129	42.1432	Afro-Asiatic	1167
663	412_vineyard	vine(yard)	sabaic	Sabaic	wyn	wjn	w j n	saba1279	15.42	45.35	Afro-Asiatic	308
665	414_vineyardwinegrape	vine(yard), wine, grape	geez	Geez	wayn	wajn	w a j n	geez1241	10.1342	40.6821	Afro-Asiatic	308
3249	1594_vinevinestockvineyard	vine, vinestock, vineyard	ugaritic	Ugaritic	gpn	gpn	g p n	ugar1238	35.6	35.78	Afro-Asiatic	1127
664	413_vineyard	vineyard	qatabanian	Qatabanian	wyn	wjn	w j n	qata1238	14.8	45.733333	Afro-Asiatic	308
932	413_vineyard	vineyard	pcs	Central Semitic	*karm-	karm-	k a r m	cent2236			Afro-Asiatic	488
933	413_vineyard	vineyard	ugaritic	Ugaritic	krm	krm	k r m	ugar1238	35.6	35.78	Afro-Asiatic	488
934	413_vineyard	vineyard	hebrew	Modern Hebrew	käräm	kæræm	k æ r æ m	hebr1245	31.1056	35.0179	Afro-Asiatic	488
935	413_vineyard	vineyard	syriac	Classical Syriac	karmā	karmaː	k a r m aː	clas1252	37.1129	42.1432	Afro-Asiatic	488
936	413_vineyard	vineyard	arabic	Arabic	karm-	karm-	k a r m	arab1395			Afro-Asiatic	488
3267	413_vineyard	vineyard	sabaic	Sabaic	ˁnb	ʕnb	ʕ n b	saba1279	15.42	45.35	Afro-Asiatic	1131
3089	1478_visceraheart	viscera; heart	pcs	Central Semitic	*gVnVn-	g-n-n-	g n n	cent2236			Afro-Asiatic	1096
4371	2301_voice	voice	pws	West Semitic	*ḳawl-/*ḳāl-	qˤawl-	qˤ a w l	west2786			Afro-Asiatic	1277
4373	2301_voice	voice	hebrew	Modern Hebrew	ḳōl	qˤoːl	qˤ oː l	hebr1245	31.1056	35.0179	Afro-Asiatic	1277
4372	2302_voiceshoutcry	voice, shout, cry	ugaritic	Ugaritic	ḳl	qˤl	qˤ l	ugar1238	35.6	35.78	Afro-Asiatic	1277
4374	2303_voicesoundnoise	voice, sound, noise	syriac	Classical Syriac	ḳālā	qˤaːlaː	qˤ aː l aː	clas1252	37.1129	42.1432	Afro-Asiatic	1277
4376	2305_voiceword	voice, word	geez	Geez	ḳāl	qˤaːl	qˤ aː l	geez1241	10.1342	40.6821	Afro-Asiatic	1277
6529	3632_volvitcontorsitconvolvittorolltoswingtoconvulse	volvit; contorsit, convolvit (to roll, to swing, to convulse)	syriac	Classical Syriac	ˁḳd	ʕqˤd	ʕ qˤ d	clas1252	37.1129	42.1432	Afro-Asiatic	2080
3867	1984_vomitaretovomit	vomitare (to vomit)	tigrinya	Tigrinya	täfˀē	tæfʔeː	t æ f ʔ eː	tigr1271	15.3359	38.9266	Afro-Asiatic	1211
1643	841_voracious	voracious	harari	Harari	bäṭni	bætˤni	b æ tˤ n i	hara1271	9.30485	42.1332	Afro-Asiatic	723
1363	707_vulture	vulture	deiralla	Canaanite	rḥm	rħm	r ħ m	cana1267			Afro-Asiatic	644
4002	2058_vulva	vulva	mehri	Mehri	gēbər	geːbər	g eː b ə r	mehr1241	16.793	52.473	Afro-Asiatic	1231
4003	2058_vulva	vulva	harsusi	Harsusi	gēbər	geːbər	g eː b ə r	hars1241	19.6511	56.1562	Afro-Asiatic	1231
508	308_wagesreward	wages, reward	hebrew	Modern Hebrew	pəˁullā	pəʕullaː	p ə ʕ u l l aː	hebr1245	31.1056	35.0179	Afro-Asiatic	189
3131	1506_wagon	wagon	pcs	Central Semitic	*ˁagal-at-	ʕagal-at-	ʕ a g a l a t	cent2236			Afro-Asiatic	1105
3132	1507_wagoncart	wagon, cart	hebrew	Modern Hebrew	ˁăgālā	ʕăgaːlaː	ʕ ă g aː l aː	hebr1245	31.1056	35.0179	Afro-Asiatic	1105
1671	860_waist	waist	harari	Harari	č̣ən	č̣ən	č̣ ə n	hara1271	9.30485	42.1332	Afro-Asiatic	727
1681	866_waistflanktheplacewherethewaistwrapperisbound	waist, flank, the place where the waistwrapper is bound	arabic	Arabic	ḥaqw-/ḥiqw-	ħaqw-	ħ a q w	arab1395			Afro-Asiatic	728
3547	1793_wall	wall	arabic	Arabic	ǯadr-	gadr-	g a d r	arab1395			Afro-Asiatic	1173
3548	1793_wall	wall	arabic	Arabic	ǯidār-	gidaːr-	g i d aː r	arab1395			Afro-Asiatic	1173
3555	1793_wall	wall	jibbali	Jibbali	gédɔ́r	gédɔ́r	g é d ɔ́ r	sheh1240	17.29154	53.99526	Afro-Asiatic	1173
3554	1798_wallcairnpiledstones	wall, cairn, piled stones	mehri	Mehri	gīdōr	giːdoːr	g iː d oː r	mehr1241	16.793	52.473	Afro-Asiatic	1173
5486	2986_wallenclosure	wall, enclosure	phoenician	Phoenician	ḥgr	ħgr	ħ g r	phoe1239	34.12	35.65	Afro-Asiatic	1672
5488	2986_wallenclosure	wall, enclosure	nabataean	Nabatean	ḥgr	ħgr	ħ g r	naba1259			Afro-Asiatic	1672
4664	2476_wandarrow	wand, arrow	jibbali	Jibbali	rəmḥát	rəmħát	r ə m ħ á t	sheh1240	17.29154	53.99526	Afro-Asiatic	1305
5989	3289_wanton	wanton	mandaic	Classical Mandaic	pahza	pahza	p a h z a	clas1253	36.1203	49.5659	Afro-Asiatic	1889
3621	1843_war	war	arabic	Arabic	ḥarb-	ħarb-	ħ a r b	arab1395			Afro-Asiatic	1181
5394	1843_war	war	ugaritic	Ugaritic	mlḥmt	mlħmt	m l ħ m t	ugar1238	35.6	35.78	Afro-Asiatic	1572
5396	1843_war	war	hebrew	Modern Hebrew	milḥāmā	milħaːmaː	m i l ħ aː m aː	hebr1245	31.1056	35.0179	Afro-Asiatic	1572
3625	1847_warspear	war, spear	amharic	Amharic	(h)arb	arb	a r b	amha1245	11.708182	39.543456	Afro-Asiatic	1181
3626	1847_warspear	war, spear	gurage	Sebat Bet Gurage	(h)arb	arb	a r b	seba1251	8.11879	37.9891	Afro-Asiatic	1181
2044	997_warm	warm	geez	Geez	məwwəḳ	məwwəqˤ	m ə w w ə qˤ	geez1241	10.1342	40.6821	Afro-Asiatic	872
2045	997_warm	warm	tigrinya	Tigrinya	moḳ	moqˤ	m o qˤ	tigr1271	15.3359	38.9266	Afro-Asiatic	872
2046	997_warm	warm	amharic	Amharic	muḳ	muqˤ	m u qˤ	amha1245	11.708182	39.543456	Afro-Asiatic	872
2047	997_warm	warm	harari	Harari	muḳ	muqˤ	m u qˤ	hara1271	9.30485	42.1332	Afro-Asiatic	872
2048	997_warm	warm	soddo	Soddo	muḳənna	muqˤənna	m u qˤ ə n n a	sodd1242			Afro-Asiatic	872
4425	2340_warriorsoldier	warrior, soldier	ugaritic	Ugaritic	mhr	mhr	m h r	ugar1238	35.6	35.78	Afro-Asiatic	1284
2285	1065_waschentowash	waschen (to wash)	argobba	Argobba	ḥaṭṭɛw	ħatˤtˤɛw	ħ a tˤ tˤ ɛ w	argo1244	10.6596	39.756	Afro-Asiatic	910
1436	729_wasp	wasp	syriac	Classical Syriac	debbortā	debbortaː	d e b b o r t aː	clas1252	37.1129	42.1432	Afro-Asiatic	665
1441	729_wasp	wasp	arabic	Arabic	zanbūr-	zanbuːr-	z a n b uː r	arab1395			Afro-Asiatic	665
5517	729_wasp	wasp	pcs	Central Semitic	*ṣ̂Vrˁ(-at)-	ɬˤ-rʕ-	ɬˤ r ʕ	cent2236			Afro-Asiatic	1712
5519	729_wasp	wasp	jewishpalestinianaramaic	Jewish Palestinian Aramaic	ˀōrˁī	ʔoːrʕiː	ʔ oː r ʕ iː	pale1261			Afro-Asiatic	1712
5608	3065_watercatchmentbasin	water catchment basin	amharic	Amharic	birka	birka	b i r k a	amha1245	11.708182	39.543456	Afro-Asiatic	1766
3691	1891_waterreservoir	water reservoir	qatabanian	Qatabanian	ḳrw	qˤrw	qˤ r w	qata1238	14.8	45.733333	Afro-Asiatic	1189
6384	3539_weddingfeast	wedding feast	geez	Geez	kabkāb	kabkaːb	k a b k aː b	geez1241	10.1342	40.6821	Afro-Asiatic	2014
4198	2170_wellpit	well, pit	arabic	Arabic	ǯubb-	gubb-	g u b b	arab1395			Afro-Asiatic	1255
396	265_wellbeing	wellbeing	mehri	Mehri	náˀmēt	náʔmeːt	n á ʔ m eː t	mehr1241	16.793	52.473	Afro-Asiatic	151
272	171_what	what	pcs	Central Semitic	*ma/maha	ma	m a	cent2236			Afro-Asiatic	121
273	171_what	what	ugaritic	Ugaritic	mh/m	mh	m h	ugar1238	35.6	35.78	Afro-Asiatic	121
274	171_what	what	hebrew	Modern Hebrew	mā	maː	m aː	hebr1245	31.1056	35.0179	Afro-Asiatic	121
275	171_what	what	samalian	Old Aramaic-Sam'alian	mh	mh	m h	olda1245	32.84	37.0	Afro-Asiatic	121
276	171_what	what	oldaramaic	Old Aramaic (up to 700 BCE)	mh	mh	m h	olda1246			Afro-Asiatic	121
277	171_what	what	officialaramaic	Middle-Modern Aramaic	mh	mh	m h	midd1367			Afro-Asiatic	121
278	171_what	what	jewishbabylonianaramaic	Jewish Babylonian Aramaic (ca. 200-1200 CE)	mān	maːn	m aː n	jewi1240	32.273	44.245	Afro-Asiatic	121
280	171_what	what	arabic	Arabic	mā	maː	m aː	arab1395			Afro-Asiatic	121
281	171_what	what	sabaic	Sabaic	mh(n)	mh	m h	saba1279	15.42	45.35	Afro-Asiatic	121
3295	1625_whatisallowedpermissable	what is allowed, permissable	mehri	Mehri	ḥəlōl	ħəloːl	ħ ə l oː l	mehr1241	16.793	52.473	Afro-Asiatic	1135
3390	1685_whatremainsrest	what remains, rest	tigre	Tigre	säˀar	sæʔar	s æ ʔ a r	tigr1270	17.3494	38.2233	Afro-Asiatic	1154
279	172_whathowwhy	what; how, why?	syriac	Classical Syriac	mānā	maːnaː	m aː n aː	clas1252	37.1129	42.1432	Afro-Asiatic	121
901	509_wheat	wheat	pws	West Semitic	*burr-	burr-	b u r r	west2786			Afro-Asiatic	436
905	509_wheat	wheat	arabic	Arabic	burr-	burr-	b u r r	arab1395			Afro-Asiatic	436
3135	1510_wheel	wheel	mehri	Mehri	ˀāgəlēt	ʔaːgəleːt	ʔ aː g ə l eː t	mehr1241	16.793	52.473	Afro-Asiatic	1105
4051	2079_when	when	ugaritic	Ugaritic	ˀid	ʔid	ʔ i d	ugar1238	35.6	35.78	Afro-Asiatic	1241
4054	2079_when	when	biblicalaramaic	Imperial Aramaic (700-300 BCE)	ˀädayin	ʔædajin	ʔ æ d a j i n	impe1235	33.905	42.185	Afro-Asiatic	1241
4055	2079_when	when	arabic	Arabic	ˀiḏ	ʔið	ʔ i ð	arab1395			Afro-Asiatic	1241
4057	2079_when	when	sabaic	Sabaic	ˀḏ	ʔð	ʔ ð	saba1279	15.42	45.35	Afro-Asiatic	1241
4056	2082_whenthen	when, then	arabic	Arabic	ˀiḏā	ʔiðaː	ʔ i ð aː	arab1395			Afro-Asiatic	1241
4050	2078_whenthen	when; then	pws	West Semitic	*ˀVḏ(ay)	ʔ-ð	ʔ ð	west2786			Afro-Asiatic	1241
4060	2084_when	when?	geez	Geez	māˀəze	maːʔəze	m aː ʔ ə z e	geez1241	10.1342	40.6821	Afro-Asiatic	1241
4059	2083_whilewhen	while, when	geez	Geez	ˀənza	ʔənza	ʔ ə n z a	geez1241	10.1342	40.6821	Afro-Asiatic	1241
1122	610_white	white	akkadian	Akkadian	peṣû	pesˤû	p e sˤ û	akka1240	33.1	44.1	Afro-Asiatic	581
3161	610_white	white	arabic	Arabic	ˀabyaḍ-	ʔabjadˤ-	ʔ a b j a dˤ	arab1395			Afro-Asiatic	1112
4614	610_white	white	pws	West Semitic	*laban-	laban-	l a b a n	west2786			Afro-Asiatic	1300
4615	610_white	white	ugaritic	Ugaritic	lbn	lbn	l b n	ugar1238	35.6	35.78	Afro-Asiatic	1300
4616	610_white	white	phoenician	Phoenician	lbn	lbn	l b n	phoe1239	34.12	35.65	Afro-Asiatic	1300
4617	610_white	white	hebrew	Modern Hebrew	lābān	laːbaːn	l aː b aː n	hebr1245	31.1056	35.0179	Afro-Asiatic	1300
4619	610_white	white	mehri	Mehri	əwbōn	əwboːn	ə w b oː n	mehr1241	16.793	52.473	Afro-Asiatic	1300
4620	610_white	white	jibbali	Jibbali	lūn	luːn	l uː n	sheh1240	17.29154	53.99526	Afro-Asiatic	1300
4621	610_white	white	soqotri	Soqotri	ḷébhon	ḷébhon	l̩ é b h o n	soqo1240	12.4892	53.9168	Afro-Asiatic	1300
2807	1340_whitemarkinthemiddleoftheforeheadofahorse	white mark in the middle of the forehead of a horse	arabic	Arabic	qurḥat-	qurħat-	q u r ħ a t	arab1395			Afro-Asiatic	1013
5874	3233_whiteofegg	white of egg	arabic	Arabic	qīqiyy-	qiːqijj-	q iː q i j j	arab1395			Afro-Asiatic	1849
6552	3654_whitespotonananimal	white spot (on an animal)	tigre	Tigre	ˁərät	ʕəræt	ʕ ə r æ t	tigr1270	17.3494	38.2233	Afro-Asiatic	2099
5099	2741_whitespotontheskin	white spot on the skin	hebrew	Modern Hebrew	bahärät	bahæræt	b a h æ r æ t	hebr1245	31.1056	35.0179	Afro-Asiatic	1380
6560	3660_whitenessoverspreadingblackness	whiteness overspreading blackness	arabic	Arabic	saḥar-	saħar-	s a ħ a r	arab1395			Afro-Asiatic	2101
3896	1990_whoreharlot	whore, harlot	syriac	Classical Syriac	zānitā	zaːnitaː	z aː n i t aː	clas1252	37.1129	42.1432	Afro-Asiatic	1213
4632	2455_wide	wide	ugaritic	Ugaritic	rḥb	rħb	r ħ b	ugar1238	35.6	35.78	Afro-Asiatic	1302
4637	2455_wide	wide	tigre	Tigre	rəḥib	rəħib	r ə ħ i b	tigr1270	17.3494	38.2233	Afro-Asiatic	1302
4640	2455_wide	wide	tigrinya	Tigrinya	rəḥib	rəħib	r ə ħ i b	tigr1271	15.3359	38.9266	Afro-Asiatic	1302
2895	1399_wifesfather	wife's father	hebrew	Modern Hebrew	ḥōtēn	ħoːteːn	ħ oː t eː n	hebr1245	31.1056	35.0179	Afro-Asiatic	1035
2896	1400_wifesmother	wife's mother	hebrew	Modern Hebrew	ḥōtänät	ħoːtænæt	ħ oː t æ n æ t	hebr1245	31.1056	35.0179	Afro-Asiatic	1035
346	229_wildandferociousbeastmostlyappliedtoleopard	wild and ferocious beast (mostly applied to leopard)	tigrinya	Tigrinya	ˀarä	ʔaræ	ʔ a r æ	tigr1271	15.3359	38.9266	Afro-Asiatic	135
349	232_wildanimalbeast	wild animal, beast	harari	Harari	ūri	uːri	uː r i	hara1271	9.30485	42.1332	Afro-Asiatic	135
350	232_wildanimalbeast	wild animal, beast	wolane	Wolane	awre	awre	a w r e	wola1253	8.23	38.14	Afro-Asiatic	135
351	232_wildanimalbeast	wild animal, beast	gyeto	Gyeta	awre	awre	a w r e	gyet1241			Afro-Asiatic	135
352	232_wildanimalbeast	wild animal, beast	muher	Muher	or	or	o r	muhe1234			Afro-Asiatic	135
353	232_wildanimalbeast	wild animal, beast	masqan	Mesqan	awre	awre	a w r e	mesq1240	8.10617	38.3386	Afro-Asiatic	135
354	232_wildanimalbeast	wild animal, beast	gogot	Kistane	awre	awre	a w r e	kist1241	8.33561	38.4763	Afro-Asiatic	135
355	232_wildanimalbeast	wild animal, beast	soddo	Soddo	awre	awre	a w r e	sodd1242			Afro-Asiatic	135
347	230_wildanimalbeastverminvarmint	wild animal, beast; vermin, varmint	tigrinya	Tigrinya	ˀarawit	ʔarawit	ʔ a r a w i t	tigr1271	15.3359	38.9266	Afro-Asiatic	135
1018	562_wildass	wild ass	pcs	Central Semitic	*ˁar(ā)d-	ʕard-	ʕ a r d	cent2236			Afro-Asiatic	527
1019	562_wildass	wild ass	akkadian	Akkadian	a-ra-du	a-ra-du	a r a d u	akka1240	33.1	44.1	Afro-Asiatic	527
1021	562_wildass	wild ass	hebrew	Modern Hebrew	ˁārōd	ʕaːroːd	ʕ aː r oː d	hebr1245	31.1056	35.0179	Afro-Asiatic	527
1022	562_wildass	wild ass	officialaramaic	Middle-Modern Aramaic	ˁrdˀ	ʕrdʔ	ʕ r d ʔ	midd1367			Afro-Asiatic	527
1023	562_wildass	wild ass	biblicalaramaic	Imperial Aramaic (700-300 BCE)	ˁărādayyā (pl. det.)	ʕăraːdajjaː	ʕ ă r aː d a j j aː	impe1235	33.905	42.185	Afro-Asiatic	527
1025	562_wildass	wild ass	jewishpalestinianaramaic	Jewish Palestinian Aramaic	ˁărād	ʕăraːd	ʕ ă r aː d	pale1261			Afro-Asiatic	527
1026	562_wildass	wild ass	jewishbabylonianaramaic	Jewish Babylonian Aramaic (ca. 200-1200 CE)	ˁărōdā, ˁărādā	ʕăroːdaː	ʕ ă r oː d aː	jewi1240	32.273	44.245	Afro-Asiatic	527
1029	562_wildass	wild ass	mandaic	Classical Mandaic	arada	arada	a r a d a	clas1253	36.1203	49.5659	Afro-Asiatic	527
342	225_wildbeastlion	wild beast, lion	pws	West Semitic	*ˀarway-	ʔarwaj-	ʔ a r w a j	west2786			Afro-Asiatic	135
1020	563_wilddonkey	wild donkey	akkadian	Akkadian	ḫarādu	xaraːdu	x a r aː d u	akka1240	33.1	44.1	Afro-Asiatic	527
6013	3305_wildernesssteppedesert	wilderness, steppe, desert	pws	West Semitic	*badw-	badw-	b a d w	west2786			Afro-Asiatic	1906
891	505_willowroseplant	willow; rose plant	syriac	Classical Syriac	ˁarbtā	ʕarbtaː	ʕ a r b t aː	clas1252	37.1129	42.1432	Afro-Asiatic	417
1032	569_wind	wind	pws	West Semitic	*rV̄ḥ	r-ħ	r ħ	west2786			Afro-Asiatic	538
1039	569_wind	wind	arabic	Arabic	rīḥ-	riːħ-	r iː ħ	arab1395			Afro-Asiatic	538
1044	569_wind	wind	soqotri	Soqotri	raḥ	raħ	r a ħ	soqo1240	12.4892	53.9168	Afro-Asiatic	538
1045	569_wind	wind	pes	East Semitic	*nVfās-	n-faːs-	n f aː s	east2678			Afro-Asiatic	539
1046	569_wind	wind	geez	Geez	nafās	nafaːs	n a f aː s	geez1241	10.1342	40.6821	Afro-Asiatic	539
1047	569_wind	wind	tigrinya	Tigrinya	nəfas	nəfas	n ə f a s	tigr1271	15.3359	38.9266	Afro-Asiatic	539
1048	569_wind	wind	amharic	Amharic	nəfas	nəfas	n ə f a s	amha1245	11.708182	39.543456	Afro-Asiatic	539
1049	569_wind	wind	amharic	Amharic	näfas, nəfas	næfas	n æ f a s	amha1245	11.708182	39.543456	Afro-Asiatic	539
1050	569_wind	wind	argobba	Argobba	nəfas	nəfas	n ə f a s	argo1244	10.6596	39.756	Afro-Asiatic	539
1051	569_wind	wind	selti	Silt'e	nəfās	nəfaːs	n ə f aː s	silt1240	7.77004	38.1449	Afro-Asiatic	539
1052	569_wind	wind	wolane	Wolane	nəfas	nəfas	n ə f a s	wola1253	8.23	38.14	Afro-Asiatic	539
1053	569_wind	wind	wolane	Wolane	nəfas	nəfas	n ə f a s	wola1253	8.23	38.14	Afro-Asiatic	539
1054	569_wind	wind	zway	Zay	nəfas	nəfas	n ə f a s	zayy1238	8.01148	38.8258	Afro-Asiatic	539
1055	569_wind	wind	gafat	Gafat	nəfas	nəfas	n ə f a s	gafa1240	11.5764	39.5605	Afro-Asiatic	539
1056	569_wind	wind	masqan	Mesqan	nəfas	nəfas	n ə f a s	mesq1240	8.10617	38.3386	Afro-Asiatic	539
1057	569_wind	wind	gogot	Kistane	nəfas	nəfas	n ə f a s	kist1241	8.33561	38.4763	Afro-Asiatic	539
1058	569_wind	wind	soddo	Soddo	nəfas	nəfas	n ə f a s	sodd1242			Afro-Asiatic	539
1059	569_wind	wind	soddo	Soddo	nəfas	nəfas	n ə f a s	sodd1242			Afro-Asiatic	539
1036	573_windspiritblowing	wind; spirit; blowing	syriac	Classical Syriac	rūḥā	ruːħaː	r uː ħ aː	clas1252	37.1129	42.1432	Afro-Asiatic	538
4081	2099_winding	winding	ugaritic	Ugaritic	ˁḳltn	ʕqˤltn	ʕ qˤ l t n	ugar1238	35.6	35.78	Afro-Asiatic	1244
6114	3364_windpipeandlungs	windpipe and lungs	jibbali	Jibbali	náḥar	náħar	n á ħ a r	sheh1240	17.29154	53.99526	Afro-Asiatic	1935
775	460_wine	wine	pcs	Central Semitic	*ḫamr-	xamr-	x a m r	cent2236			Afro-Asiatic	357
776	460_wine	wine	akkadian	Akkadian	ḫimru	ximru	x i m r u	akka1240	33.1	44.1	Afro-Asiatic	357
777	460_wine	wine	ugaritic	Ugaritic	ḫmr	xmr	x m r	ugar1238	35.6	35.78	Afro-Asiatic	357
778	460_wine	wine	phoenician	Phoenician	ḥmr	ħmr	ħ m r	phoe1239	34.12	35.65	Afro-Asiatic	357
779	460_wine	wine	hebrew	Modern Hebrew	ḥämär	ħæmær	ħ æ m æ r	hebr1245	31.1056	35.0179	Afro-Asiatic	357
780	460_wine	wine	deiralla	Canaanite	ḥmr	ħmr	ħ m r	cana1267			Afro-Asiatic	357
781	460_wine	wine	officialaramaic	Middle-Modern Aramaic	ḥmr	ħmr	ħ m r	midd1367			Afro-Asiatic	357
782	460_wine	wine	biblicalaramaic	Imperial Aramaic (700-300 BCE)	ḥamrā	ħamraː	ħ a m r aː	impe1235	33.905	42.185	Afro-Asiatic	357
783	460_wine	wine	jewishpalestinianaramaic	Jewish Palestinian Aramaic	ḥmr	ħmr	ħ m r	pale1261			Afro-Asiatic	357
784	460_wine	wine	syriac	Classical Syriac	ḥamrā	ħamraː	ħ a m r aː	clas1252	37.1129	42.1432	Afro-Asiatic	357
786	460_wine	wine	arabic	Arabic	ḫamr-	xamr-	x a m r	arab1395			Afro-Asiatic	357
787	460_wine	wine	mehri	Mehri	ḫāmər	xaːmər	x aː m ə r	mehr1241	16.793	52.473	Afro-Asiatic	357
788	460_wine	wine	jibbali	Jibbali	ḫɛr	xɛr	x ɛ r	sheh1240	17.29154	53.99526	Afro-Asiatic	357
666	415_winevine	wine, vine	tigrinya	Tigrinya	wäyni	wæjni	w æ j n i	tigr1271	15.3359	38.9266	Afro-Asiatic	308
1514	766_wingedantoldanddecayedbonesausedrope	winged ant; old and decayed bones, a used rope	arabic	Arabic	rimmat-	rimmat-	r i m m a t	arab1395			Afro-Asiatic	684
1490	750_wingedantlion	winged antlion	tigrinya	Tigrinya	ḥasän	ħasæn	ħ a s æ n	tigr1271	15.3359	38.9266	Afro-Asiatic	679
4156	2149_wisdomunderstanding	wisdom, understanding	jewishpalestinianaramaic	Jewish Palestinian Aramaic	bynh	bjnh	b j n h	pale1261			Afro-Asiatic	1252
3220	1573_with	with	syriac	Classical Syriac	ˁam	ʕam	ʕ a m	clas1252	37.1129	42.1432	Afro-Asiatic	1122
3221	1573_with	with	mandaic	Classical Mandaic	ˁm	ʕm	ʕ m	clas1253	36.1203	49.5659	Afro-Asiatic	1122
3223	1573_with	with	arabic	Arabic	maˁa	maʕa	m a ʕ a	arab1395			Afro-Asiatic	1122
3152	1527_withbymeansofoninatbythroughagainsttothedisadvantageordetrimentof	with (by means of), on, in; at, by; through; against; to the disadvantage (or detriment) of	amharic	Amharic	-bb-	-bb-	b b	amha1245	11.708182	39.543456	Afro-Asiatic	1106
2603	1228_withaslitnose	with a slit nose	hebrew	Modern Hebrew	ḥārūm	ħaːruːm	ħ aː r uː m	hebr1245	31.1056	35.0179	Afro-Asiatic	959
2632	1254_withawhiteforeheadwithablazeandwhitehoofs	with a white forehead, with a blaze and white hoofs	tigre	Tigre	ḳǝruḥ	qˤǝruħ	qˤ ə r u ħ	tigr1270	17.3494	38.2233	Afro-Asiatic	969
3154	1529_withfrombyinonatthanratherthan	with, from, by; in, on, at; than, rather than	harari	Harari	be	be	b e	hara1271	9.30485	42.1332	Afro-Asiatic	1106
3155	1530_withinatbyoutoutoffrommorethan	with, in, at, by; out, out of, from; more than	gurage	Sebat Bet Gurage	bä	bæ	b æ	seba1251	8.11879	37.9891	Afro-Asiatic	1106
3219	1572_withtogetherwith	with, together with	jewishbabylonianaramaic	Jewish Babylonian Aramaic (ca. 200-1200 CE)	ˁim	ʕim	ʕ i m	jewi1240	32.273	44.245	Afro-Asiatic	1122
3215	1571_withtogetherwithincombinationwithneartowardswithregardtoincumbentupon	with, together with, in combination with; near; towards, with regard to; incumbent upon	oldaramaic	Old Aramaic (up to 700 BCE)	ˁm	ʕm	ʕ m	olda1246			Afro-Asiatic	1122
3216	1571_withtogetherwithincombinationwithneartowardswithregardtoincumbentupon	with, together with, in combination with; near; towards, with regard to; incumbent upon	palmyrean	Palmyrene	ˁm	ʕm	ʕ m	palm1242			Afro-Asiatic	1122
3217	1571_withtogetherwithincombinationwithneartowardswithregardtoincumbentupon	with, together with, in combination with; near; towards, with regard to; incumbent upon	nabataean	Nabatean	ˁm	ʕm	ʕ m	naba1259			Afro-Asiatic	1122
4902	2599_withtowardsincompanywithamongstinthepresenceof	with, towards, in company with, amongst, in the presence of	mandaic	Classical Mandaic	aluat, luat, ˁluat	aluat	a l u a t	clas1253	36.1203	49.5659	Afro-Asiatic	1347
6308	3481_wombthebladderlikegulletofabird	womb; the (bladderlike) gullet of a bird	hebrew	Modern Hebrew	šalpūḥīt	ʃalpuːħiːt	ʃ a l p uː ħ iː t	hebr1245	31.1056	35.0179	Afro-Asiatic	1980
2865	1381_women	women	pcs	Central Semitic	*nVš-ūma	n-ʃ-uːma	n ʃ uː m a	cent2236			Afro-Asiatic	1030
2866	1381_women	women	hebrew	Modern Hebrew	nāšīm	naːʃiːm	n aː ʃ iː m	hebr1245	31.1056	35.0179	Afro-Asiatic	1030
2867	1381_women	women	syriac	Classical Syriac	neššē	neʃʃeː	n e ʃ ʃ eː	clas1252	37.1129	42.1432	Afro-Asiatic	1030
2869	1381_women	women	arabic	Arabic	nisūna, niswat-, nisāˀ-	nisuːna	n i s uː n a	arab1395			Afro-Asiatic	1030
56	37_wonderfulmarveloussplendid	wonderful, marvelous, splendid	soddo	Soddo	gud	gud	g u d	sodd1242			Afro-Asiatic	40
4301	2244_woodcutter	woodcutter	ugaritic	Ugaritic	ḥṭb	ħtˤb	ħ tˤ b	ugar1238	35.6	35.78	Afro-Asiatic	1269
3496	1758_woodenpeg	wooden peg	hebrew	Modern Hebrew	yātēd	jaːteːd	j aː t eː d	hebr1245	31.1056	35.0179	Afro-Asiatic	1168
3497	1759_woodenpinpeg	wooden pin, peg	arabic	Arabic	watid-	watid-	w a t i d	arab1395			Afro-Asiatic	1168
5504	3000_woodpigeonwilddove	woodpigeon, wild dove	arabic	Arabic	ṣulṣul-	sˤulsˤul-	sˤ u l sˤ u l	arab1395			Afro-Asiatic	1697
5026	2688_wool	wool	hebrew	Modern Hebrew	ṣämär	sˤæmær	sˤ æ m æ r	hebr1245	31.1056	35.0179	Afro-Asiatic	1364
5025	2687_woolfleece	wool, fleece	pws	West Semitic	*ṣ̂amr-	ɬˤamr-	ɬˤ a m r	west2786			Afro-Asiatic	1364
5028	2687_woolfleece	wool, fleece	geez	Geez	ṣ̂amr-	ɬˤamr-	ɬˤ a m r	geez1241	10.1342	40.6821	Afro-Asiatic	1364
5027	2689_woolmonasticgarment	wool; monastic garment	syriac	Classical Syriac	ˁamrā	ʕamraː	ʕ a m r aː	clas1252	37.1129	42.1432	Afro-Asiatic	1364
3431	1714_woolengarment	woolen garment	mehri	Mehri	šámləh	ʃámləh	ʃ á m l ə h	mehr1241	16.793	52.473	Afro-Asiatic	1159
512	312_work	work	syriac	Classical Syriac	pˁālā	pʕaːlaː	p ʕ aː l aː	clas1252	37.1129	42.1432	Afro-Asiatic	189
5118	2754_workincome	work, income	jewishbabylonianaramaic	Jewish Babylonian Aramaic (ca. 200-1200 CE)	ˁamlā	ʕamlaː	ʕ a m l aː	jewi1240	32.273	44.245	Afro-Asiatic	1391
5116	2752_worktoillabor	work, toil, labor	pcs	Central Semitic	*ˁamal-	ʕamal-	ʕ a m a l	cent2236			Afro-Asiatic	1391
509	309_workwagepossessions	work; wage; possessions	jewishpalestinianaramaic	Jewish Palestinian Aramaic	pˁl	pʕl	p ʕ l	pale1261			Afro-Asiatic	189
1510	763_worm	worm	samaritan	Samaritan	rmh	rmh	r m h	sama1313	32.0817	35.4487	Afro-Asiatic	684
3015	763_worm	worm	arabic	Arabic	faḥḥār-	faħħaːr-	f a ħ ħ aː r	arab1395			Afro-Asiatic	1082
3016	763_worm	worm	harari	Harari	fōḥri	foːħri	f oː ħ r i	hara1271	9.30485	42.1332	Afro-Asiatic	1082
5591	3056_wornoutcloth	wornout cloth	harari	Harari	bututtu	bututtu	b u t u t t u	hara1271	9.30485	42.1332	Afro-Asiatic	1764
6254	3448_wornoutfragmentrag	wornout fragment, rag	mandaic	Classical Mandaic	blaita	blaita	b l a i t a	clas1253	36.1203	49.5659	Afro-Asiatic	1967
4978	2648_worthless	worthless	hebrew	Modern Hebrew	šāwˀ/šāw	ʃaːwʔ	ʃ aː w ʔ	hebr1245	31.1056	35.0179	Afro-Asiatic	1355
5588	3053_wovendress	woven dress	hebrew	Modern Hebrew	bat	bat	b a t	hebr1245	31.1056	35.0179	Afro-Asiatic	1764
6306	3479_wristbonethatjoinstheforearmwiththehand	wrist, bone that joins the forearm with the hand	arabic	Arabic	sinṭ-	sintˤ-	s i n tˤ	arab1395			Afro-Asiatic	1977
3657	1868_writingmessageletterbook	writing, message, letter, book	geez	Geez	kətāb	kətaːb	k ə t aː b	geez1241	10.1342	40.6821	Afro-Asiatic	1185
1094	591_year	year	pws	West Semitic	*ˁām-	ʕaːm-	ʕ aː m	west2786			Afro-Asiatic	562
1095	591_year	year	arabic	Arabic	ˁām-	ʕaːm-	ʕ aː m	arab1395			Afro-Asiatic	562
1096	591_year	year	sabaic	Sabaic	ˁwm	ʕwm	ʕ w m	saba1279	15.42	45.35	Afro-Asiatic	562
1097	591_year	year	qatabanian	Qatabanian	ˁmm	ʕmm	ʕ m m	qata1238	14.8	45.733333	Afro-Asiatic	562
1098	591_year	year	geez	Geez	ˁām, ˁāmat	ʕaːm	ʕ aː m	geez1241	10.1342	40.6821	Afro-Asiatic	562
1235	655_yearlinglamb	yearling lamb	sabaic	Sabaic	ṭly	tˤlj	tˤ l j	saba1279	15.42	45.35	Afro-Asiatic	602
3162	1535_yellow	yellow	geez	Geez	beṣā	besˤaː	b e sˤ aː	geez1241	10.1342	40.6821	Afro-Asiatic	1112
3164	1535_yellow	yellow	amharic	Amharic	bəč̣a	bəč̣a	b ə č̣ a	amha1245	11.708182	39.543456	Afro-Asiatic	1112
6601	3688_yesterday	yesterday	pws	West Semitic	*timāl-	timaːl-	t i m aː l	west2786			Afro-Asiatic	2114
6602	3688_yesterday	yesterday	akkadian	Akkadian	timāli	timaːli	t i m aː l i	akka1240	33.1	44.1	Afro-Asiatic	2114
4068	2088_yet	yet	tigre	Tigre	ˁadu	ʕadu	ʕ a d u	tigr1270	17.3494	38.2233	Afro-Asiatic	1242
4093	2109_younganimalfoalsuckling	young animal, foal, suckling	pws	West Semitic	*ˁVwVl-	ʕ-w-l-	ʕ w l	west2786			Afro-Asiatic	1246
1273	665_youngass	young ass	samaritan	Samaritan	ˁyr	ʕjr	ʕ j r	sama1313	32.0817	35.4487	Afro-Asiatic	612
4097	665_youngass	young ass	samaritan	Samaritan	ˁyl	ʕjl	ʕ j l	sama1313	32.0817	35.4487	Afro-Asiatic	1246
187	131_youngbird	young bird	deiralla	Canaanite	ˀprḥ	ʔprħ	ʔ p r ħ	cana1267			Afro-Asiatic	108
188	131_youngbird	young bird	jewishpalestinianaramaic	Jewish Palestinian Aramaic	ˀprḥ	ʔprħ	ʔ p r ħ	pale1261			Afro-Asiatic	108
3255	131_youngbird	young bird	jewishpalestinianaramaic	Jewish Palestinian Aramaic	gōzālā	goːzaːlaː	g oː z aː l aː	pale1261			Afro-Asiatic	1129
3034	1446_youngbull	young bull	pws	West Semitic	*yapan-	japan-	j a p a n	west2786			Afro-Asiatic	1089
3041	1453_youngbullsteer	young bull, steer	selti	Silt'e	mōfän	moːfæn	m oː f æ n	silt1240	7.77004	38.1449	Afro-Asiatic	1089
3042	1453_youngbullsteer	young bull, steer	wolane	Wolane	mofän	mofæn	m o f æ n	wola1253	8.23	38.14	Afro-Asiatic	1089
3043	1453_youngbullsteer	young bull, steer	chaha	Chaha	wäfer	wæfer	w æ f e r	chah1248			Afro-Asiatic	1089
3044	1453_youngbullsteer	young bull, steer	ezha	Ezha	wäfer	wæfer	w æ f e r	ezha1238			Afro-Asiatic	1089
3045	1453_youngbullsteer	young bull, steer	endegen	Endegegny	wä͂fīr	wæ͂fiːr	w æ͂ f iː r	eneg1238			Afro-Asiatic	1089
3046	1453_youngbullsteer	young bull, steer	ennemor	Inoric	wä͂fīr	wæ͂fiːr	w æ͂ f iː r	inor1238	7.94883	37.7968	Afro-Asiatic	1089
3047	1453_youngbullsteer	young bull, steer	ennemor	Inoric	wämfīr	wæmfiːr	w æ m f iː r	inor1238	7.94883	37.7968	Afro-Asiatic	1089
3048	1453_youngbullsteer	young bull, steer	muher	Muher	wäfen	wæfen	w æ f e n	muhe1234			Afro-Asiatic	1089
3049	1453_youngbullsteer	young bull, steer	masqan	Mesqan	wäfen	wæfen	w æ f e n	mesq1240	8.10617	38.3386	Afro-Asiatic	1089
3050	1453_youngbullsteer	young bull, steer	gogot	Kistane	wäfen	wæfen	w æ f e n	kist1241	8.33561	38.4763	Afro-Asiatic	1089
3051	1453_youngbullsteer	young bull, steer	soddo	Soddo	mofän, mofen	mofæn	m o f æ n	sodd1242			Afro-Asiatic	1089
3037	1449_youngbullock	young bullock	geez	Geez	tayfan	tajfan	t a j f a n	geez1241	10.1342	40.6821	Afro-Asiatic	1089
3040	1452_youngbullockcalfof23years	young bullock, calf of 23 years	amharic	Amharic	wäyfän	wæjfæn	w æ j f æ n	amha1245	11.708182	39.543456	Afro-Asiatic	1089
1275	666_youngcamelthreeyearsoldfigyoungman	young camel three years old; (fig.) young man	tigre	Tigre	ˁayro	ʕajro	ʕ a j r o	tigr1270	17.3494	38.2233	Afro-Asiatic	612
1319	689_youngfallowdeer	young fallow deer	pcs	Central Semitic	*γupr-	ɣupr-	ɣ u p r	cent2236			Afro-Asiatic	627
1320	689_youngfallowdeer	young fallow deer	hebrew	Modern Hebrew	ˁōpär	ʕoːpær	ʕ oː p æ r	hebr1245	31.1056	35.0179	Afro-Asiatic	627
1321	689_youngfallowdeer	young fallow deer	officialaramaic	Middle-Modern Aramaic	ˁpr	ʕpr	ʕ p r	midd1367			Afro-Asiatic	627
1322	689_youngfallowdeer	young fallow deer	arabic	Arabic	γafr-, γufr-	ɣafr-	ɣ a f r	arab1395			Afro-Asiatic	627
1264	661_younggoatkid	young goat, kid	jewishbabylonianaramaic	Jewish Babylonian Aramaic (ca. 200-1200 CE)	gadyā	gadjaː	g a d j aː	jewi1240	32.273	44.245	Afro-Asiatic	609
965	533_younglocust	young locust	amharic	Amharic	anko	anko	a n k o	amha1245	11.708182	39.543456	Afro-Asiatic	507
658	408_youngman	young man	hebrew	Modern Hebrew	ˁäläm	ʕælæm	ʕ æ l æ m	hebr1245	31.1056	35.0179	Afro-Asiatic	295
1228	650_youngmanboyservant	young man, boy; servant	officialaramaic	Middle-Modern Aramaic	ṭly	tˤlj	tˤ l j	midd1367			Afro-Asiatic	602
1229	650_youngmanboyservant	young man, boy; servant	palmyrean	Palmyrene	ṭly	tˤlj	tˤ l j	palm1242			Afro-Asiatic	602
1232	652_youngmanchild	young man, child	syriac	Classical Syriac	ṭalyā	tˤaljaː	tˤ a l j aː	clas1252	37.1129	42.1432	Afro-Asiatic	602
4101	2116_youngofanimalfoalcolt	young of animal, foal, colt	geez	Geez	ˁəwāl	ʕəwaːl	ʕ ə w aː l	geez1241	10.1342	40.6821	Afro-Asiatic	1246
4102	2117_youngofthedonkey	young of the donkey	tigre	Tigre	ˁəlu	ʕəlu	ʕ ə l u	tigr1270	17.3494	38.2233	Afro-Asiatic	1246
4103	2118_youngoftheelephant	young of the elephant	tigre	Tigre	ˁəwal	ʕəwal	ʕ ə w a l	tigr1270	17.3494	38.2233	Afro-Asiatic	1246
1857	932_youngpig	young pig	deiralla	Canaanite	ḥnyṣ	ħnjsˤ	ħ n j sˤ	cana1267			Afro-Asiatic	825
3253	1596_youngpigeon	young pigeon	pcs	Central Semitic	*gawzal-	gawzal-	g a w z a l	cent2236			Afro-Asiatic	1129
3257	1596_youngpigeon	young pigeon	arabic	Arabic	ǯawzal-	gawzal-	g a w z a l	arab1395			Afro-Asiatic	1129
536	328_youngstrongman	young, strong man	hebrew	Modern Hebrew	gäbär	gæbær	g æ b æ r	hebr1245	31.1056	35.0179	Afro-Asiatic	197
4390	2314_zealdesire	zeal, desire	syriac	Classical Syriac	ḳenetā/ḳeneˀtā	qˤenetaː	qˤ e n e t aː	clas1252	37.1129	42.1432	Afro-Asiatic	1280
5180	2801_zealousardent	zealous, ardent	syriac	Classical Syriac	ḥupṭā	ħuptˤaː	ħ u p tˤ aː	clas1252	37.1129	42.1432	Afro-Asiatic	1408
4936	2624_ziehentodraw	ziehen (to draw)	argobba	Argobba	sɛḥaw	sɛħaw	s ɛ ħ a w	argo1244	10.6596	39.756	Afro-Asiatic	1351
5020	2682_zizyphus	zizyphus	pws	West Semitic	*ṣ̂aˀl-	ɬˤaʔl-	ɬˤ a ʔ l	west2786			Afro-Asiatic	1363
366	243_zubeitobei	zu; bei (to; bei)	turoyo	Turoyo	gab	gab	g a b	turo1239	37.2275	42.1451	Afro-Asiatic	140
3474	1741_zuruckkehrengobackreturn	zurückkehren (go back, return)	sabaic	Sabaic	ṯwb	θwb	θ w b	saba1279	15.42	45.35	Afro-Asiatic	1165
4494	2385_amepersonnesoimemesoulpersonself	âme, personne, soimême (soul, person, self)	minaean	Minaean	nfs₁	nfs₁	n f s ¹	mina1279	16.166667	44.672778	Afro-Asiatic	1289
2629	1251_etrechauvetobebold	être chauve (to be bold)	arabic	Arabic	qrˁ	qrʕ	q r ʕ	arab1395			Afro-Asiatic	969
1699	882_sutur	ŠU.TUR	ebla	Eblaite	IŠ-ba-um, ì-SA-ba-um	---ba-um	b a u m	ebla1238	35.798	36.798	Afro-Asiatic	739
378	251_alkasrbrokenpartbreaking	ˀalkasr (broken part; breaking)	arabic	Arabic	qaṣf-	qasˤf-	q a sˤ f	arab1395			Afro-Asiatic	146
3594	1824_tobeattentivetocare	‘to be attentive, to care	pcs	Central Semitic	*ḥpṯ̣	ħpθˤ	ħ p θˤ	cent2236			Afro-Asiatic	1178
